date,region,total_cases,flu,covid,malaria,dengue,typhoid,pneumonia,cold
2023-01-01,North,69,7,2,6,1,1,4,10
2023-01-01,South,83,9,8,18,3,0,3,9
2023-01-01,East,78,3,4,1,0,2,4,14
2023-01-01,West,84,8,4,16,4,2,11,0
2023-01-01,Central,76,7,2,7,2,1,2,11
2023-01-02,North,81,12,2,17,1,1,6,14
2023-01-02,South,65,6,7,13,6,5,3,7
2023-01-02,East,69,2,6,6,0,7,3,11
2023-01-02,West,103,5,3,10,3,1,7,0
2023-01-02,Central,78,3,1,1,2,4,2,15
2023-01-03,North,89,8,3,14,1,0,4,19
2023-01-03,South,97,5,10,14,6,1,1,4
2023-01-03,East,76,2,6,3,2,6,5,8
2023-01-03,West,66,13,3,16,1,1,9,0
2023-01-03,Central,93,8,2,5,0,5,1,21
2023-01-04,North,71,7,1,15,2,2,4,11
2023-01-04,South,111,8,10,12,4,2,3,16
2023-01-04,East,73,2,5,1,0,3,8,14
2023-01-04,West,77,7,4,14,2,0,8,0
2023-01-04,Central,83,5,6,6,4,6,0,12
2023-01-05,North,73,7,6,13,0,0,0,9
2023-01-05,South,74,2,6,10,6,1,0,7
2023-01-05,East,76,1,2,3,0,7,10,11
2023-01-05,West,70,12,10,8,1,3,8,0
2023-01-05,Central,76,8,0,7,3,6,0,12
2023-01-06,North,77,11,4,10,0,0,3,8
2023-01-06,South,92,5,9,13,7,2,3,8
2023-01-06,East,67,3,2,2,0,10,2,11
2023-01-06,West,73,11,5,7,1,3,10,0
2023-01-06,Central,66,13,3,7,0,5,1,18
2023-01-07,North,81,14,8,12,0,0,0,13
2023-01-07,South,84,5,7,12,10,2,2,11
2023-01-07,East,57,2,3,3,0,5,5,12
2023-01-07,West,86,7,6,5,3,0,6,2
2023-01-07,Central,76,9,2,3,0,7,6,12
2023-01-08,North,64,10,6,14,1,0,0,12
2023-01-08,South,78,1,5,14,5,0,3,9
2023-01-08,East,71,0,7,9,0,4,6,12
2023-01-08,West,77,8,3,7,4,0,5,2
2023-01-08,Central,69,10,7,4,0,4,0,10
2023-01-09,North,66,5,7,10,0,0,0,17
2023-01-09,South,116,6,7,15,7,0,0,6
2023-01-09,East,75,1,5,7,1,3,5,8
2023-01-09,West,68,11,7,7,4,0,12,1
2023-01-09,Central,81,8,7,8,2,1,1,9
2023-01-10,North,90,8,9,13,1,0,3,9
2023-01-10,South,74,9,6,6,3,2,5,9
2023-01-10,East,74,2,5,3,0,6,6,6
2023-01-10,West,70,10,1,4,5,0,5,1
2023-01-10,Central,85,12,4,2,0,3,0,15
2023-01-11,North,83,8,6,15,1,0,2,12
2023-01-11,South,63,10,7,9,3,2,4,9
2023-01-11,East,60,1,4,4,1,4,5,14
2023-01-11,West,88,9,5,12,1,0,11,3
2023-01-11,Central,76,8,5,2,1,3,0,7
2023-01-12,North,77,4,5,18,0,0,2,7
2023-01-12,South,86,4,8,8,7,3,1,9
2023-01-12,East,66,2,5,3,0,5,3,8
2023-01-12,West,76,11,6,8,1,1,5,1
2023-01-12,Central,79,3,3,1,0,3,0,12
2023-01-13,North,70,7,4,10,0,0,5,10
2023-01-13,South,88,4,3,8,4,5,1,7
2023-01-13,East,64,2,2,3,1,1,11,11
2023-01-13,West,68,10,8,13,0,2,6,1
2023-01-13,Central,73,13,6,4,0,3,3,10
2023-01-14,North,77,10,7,9,1,1,0,3
2023-01-14,South,83,10,3,9,5,1,0,6
2023-01-14,East,85,2,1,5,0,6,4,18
2023-01-14,West,59,7,9,11,0,1,8,0
2023-01-14,Central,70,9,4,4,0,11,0,14
2023-01-15,North,70,8,7,14,0,0,3,8
2023-01-15,South,92,7,9,11,7,0,0,8
2023-01-15,East,60,4,3,6,0,1,12,20
2023-01-15,West,87,5,4,12,0,0,11,2
2023-01-15,Central,77,10,8,2,1,6,0,6
2023-01-16,North,65,5,8,9,0,0,5,10
2023-01-16,South,74,8,5,13,5,3,0,12
2023-01-16,East,85,5,3,0,2,3,5,16
2023-01-16,West,73,6,6,7,0,3,4,1
2023-01-16,Central,90,6,7,2,0,4,0,9
2023-01-17,North,64,7,10,8,1,2,1,11
2023-01-17,South,95,4,5,12,5,5,0,11
2023-01-17,East,75,7,3,9,2,8,4,16
2023-01-17,West,92,6,8,7,0,1,6,0
2023-01-17,Central,78,8,6,10,1,4,0,6
2023-01-18,North,75,4,3,13,0,0,0,5
2023-01-18,South,94,9,8,18,4,2,0,21
2023-01-18,East,79,4,4,4,4,5,5,15
2023-01-18,West,84,16,8,12,0,2,9,2
2023-01-18,Central,95,10,4,12,2,6,0,18
2023-01-19,North,59,6,4,14,0,0,1,11
2023-01-19,South,100,8,6,10,7,4,0,8
2023-01-19,East,78,5,4,5,2,6,13,18
2023-01-19,West,97,5,6,15,0,1,9,2
2023-01-19,Central,111,13,10,11,2,4,2,12
2023-01-20,North,65,1,9,14,5,0,0,17
2023-01-20,South,100,8,9,12,4,1,2,6
2023-01-20,East,91,6,1,5,0,3,8,10
2023-01-20,West,84,16,4,12,4,0,9,2
2023-01-20,Central,84,10,9,17,3,4,0,13
2023-01-21,North,62,6,8,8,4,0,0,11
2023-01-21,South,112,7,5,14,2,4,2,15
2023-01-21,East,95,9,4,1,2,3,2,18
2023-01-21,West,82,8,4,9,4,0,4,2
2023-01-21,Central,94,9,7,9,2,4,4,9
2023-01-22,North,78,6,9,12,2,0,0,6
2023-01-22,South,86,9,10,8,6,4,0,12
2023-01-22,East,83,5,4,8,2,6,4,17
2023-01-22,West,92,9,4,11,0,2,11,2
2023-01-22,Central,112,5,5,7,2,3,3,12
2023-01-23,North,85,6,5,12,3,1,1,9
2023-01-23,South,100,7,8,3,5,3,0,16
2023-01-23,East,77,6,3,9,5,2,3,10
2023-01-23,West,83,9,3,12,1,0,5,2
2023-01-23,Central,90,11,7,6,5,1,4,15
2023-01-24,North,75,7,8,16,3,1,0,6
2023-01-24,South,88,7,6,10,4,7,2,6
2023-01-24,East,81,13,6,7,2,0,4,13
2023-01-24,West,65,10,5,4,0,2,8,5
2023-01-24,Central,94,11,9,7,4,7,1,16
2023-01-25,North,75,12,12,14,2,1,0,15
2023-01-25,South,70,7,10,10,2,9,1,9
2023-01-25,East,72,5,0,7,3,4,8,14
2023-01-25,West,79,6,8,10,0,2,6,1
2023-01-25,Central,91,13,8,13,1,5,1,29
2023-01-26,North,67,11,10,10,3,1,0,12
2023-01-26,South,80,2,12,7,5,7,0,7
2023-01-26,East,80,7,2,5,0,2,2,15
2023-01-26,West,74,6,7,3,0,0,11,3
2023-01-26,Central,90,13,7,9,1,2,0,13
2023-01-27,North,86,15,5,10,4,0,0,7
2023-01-27,South,72,7,3,6,3,6,1,7
2023-01-27,East,90,7,4,9,2,6,4,8
2023-01-27,West,82,11,3,4,0,2,9,6
2023-01-27,Central,109,13,3,9,0,0,2,10
2023-01-28,North,84,8,4,14,3,1,1,13
2023-01-28,South,82,1,2,15,10,4,0,5
2023-01-28,East,85,8,2,8,0,2,3,12
2023-01-28,West,106,12,7,6,0,1,8,6
2023-01-28,Central,106,7,11,7,2,5,4,18
2023-01-29,North,77,15,4,12,3,1,2,14
2023-01-29,South,104,6,4,6,4,3,0,3
2023-01-29,East,82,7,0,5,0,5,2,13
2023-01-29,West,72,8,4,12,0,4,7,4
2023-01-29,Central,99,14,7,11,1,2,1,12
2023-01-30,North,75,9,8,7,2,0,1,12
2023-01-30,South,60,2,5,11,4,4,1,8
2023-01-30,East,81,4,3,13,0,4,4,13
2023-01-30,West,92,8,7,7,0,1,9,9
2023-01-30,Central,104,4,9,4,4,7,0,20
2023-01-31,North,84,9,5,12,6,0,0,15
2023-01-31,South,74,9,3,8,7,3,2,2
2023-01-31,East,74,6,1,12,0,7,1,15
2023-01-31,West,65,9,5,12,0,2,7,9
2023-01-31,Central,99,11,5,8,7,3,0,18
2023-02-01,North,67,12,6,9,1,0,0,5
2023-02-01,South,75,4,4,5,10,2,2,1
2023-02-01,East,95,4,4,7,0,3,5,22
2023-02-01,West,83,5,1,13,1,6,3,7
2023-02-01,Central,92,10,8,8,1,5,1,11
2023-02-02,North,75,12,9,8,5,0,0,5
2023-02-02,South,90,3,4,5,10,8,2,7
2023-02-02,East,74,4,4,11,0,4,5,11
2023-02-02,West,91,8,6,9,1,4,1,7
2023-02-02,Central,108,4,6,11,5,4,2,12
2023-02-03,North,65,10,4,13,3,0,0,9
2023-02-03,South,65,2,4,16,3,3,0,2
2023-02-03,East,75,5,4,3,0,3,5,9
2023-02-03,West,75,6,6,14,0,3,9,9
2023-02-03,Central,92,3,9,11,3,4,0,8
2023-02-04,North,91,9,4,12,2,1,0,14
2023-02-04,South,84,3,7,12,15,5,0,3
2023-02-04,East,91,2,4,10,2,5,4,19
2023-02-04,West,78,10,2,3,0,1,4,8
2023-02-04,Central,75,12,5,14,1,7,0,10
2023-02-05,North,79,10,4,12,1,3,0,19
2023-02-05,South,52,2,4,11,11,3,0,1
2023-02-05,East,91,2,5,6,0,5,5,12
2023-02-05,West,89,9,5,6,0,0,9,6
2023-02-05,Central,88,5,4,15,5,5,0,12
2023-02-06,North,90,12,9,13,4,2,0,24
2023-02-06,South,77,2,3,5,7,4,0,3
2023-02-06,East,90,2,1,1,1,3,7,18
2023-02-06,West,83,17,3,15,0,4,12,5
2023-02-06,Central,76,5,9,14,6,1,0,18
2023-02-07,North,85,13,12,4,2,2,0,10
2023-02-07,South,79,2,5,16,4,4,0,6
2023-02-07,East,82,4,5,3,0,6,6,22
2023-02-07,West,92,15,7,4,0,3,4,6
2023-02-07,Central,86,9,6,9,1,10,0,7
2023-02-08,North,90,7,5,10,4,4,1,24
2023-02-08,South,75,2,6,20,5,3,0,5
2023-02-08,East,100,0,10,2,0,9,7,13
2023-02-08,West,95,4,7,11,0,4,12,5
2023-02-08,Central,93,5,5,10,4,7,0,15
2023-02-09,North,101,11,3,8,2,4,0,20
2023-02-09,South,67,7,8,8,11,1,3,2
2023-02-09,East,64,1,10,2,0,9,8,12
2023-02-09,West,84,9,2,16,1,5,7,10
2023-02-09,Central,76,3,5,7,6,5,0,19
2023-02-10,North,84,5,9,11,2,1,1,10
2023-02-10,South,69,1,3,14,6,6,0,1
2023-02-10,East,77,3,15,4,0,2,6,8
2023-02-10,West,100,13,7,12,0,14,6,7
2023-02-10,Central,79,4,4,12,3,3,0,16
2023-02-11,North,84,11,8,7,5,2,0,11
2023-02-11,South,93,4,4,10,9,1,2,7
2023-02-11,East,59,3,6,0,0,5,8,3
2023-02-11,West,109,11,6,7,2,3,7,10
2023-02-11,Central,92,4,5,15,1,9,3,16
2023-02-12,North,108,15,6,10,2,3,3,8
2023-02-12,South,65,5,4,14,9,4,3,4
2023-02-12,East,97,1,10,0,1,7,8,16
2023-02-12,West,113,6,8,17,3,7,7,7
2023-02-12,Central,74,7,9,10,3,4,0,18
2023-02-13,North,89,6,6,7,3,3,3,12
2023-02-13,South,82,2,3,14,7,1,1,1
2023-02-13,East,67,0,5,3,0,6,10,10
2023-02-13,West,111,9,8,6,5,5,4,7
2023-02-13,Central,96,9,5,7,4,3,0,9
2023-02-14,North,106,7,9,8,5,6,0,13
2023-02-14,South,73,5,8,10,8,5,0,5
2023-02-14,East,71,0,9,2,5,3,8,7
2023-02-14,West,89,12,8,6,1,0,5,9
2023-02-14,Central,96,6,6,6,3,4,1,12
2023-02-15,North,82,11,11,9,8,6,0,18
2023-02-15,South,81,0,4,11,7,3,3,4
2023-02-15,East,73,0,10,0,3,6,5,14
2023-02-15,West,119,10,3,12,7,5,5,9
2023-02-15,Central,92,8,7,7,4,3,1,13
2023-02-16,North,97,7,7,16,4,6,1,16
2023-02-16,South,97,0,6,15,7,4,0,7
2023-02-16,East,74,0,10,0,1,3,5,7
2023-02-16,West,98,6,5,15,4,5,3,6
2023-02-16,Central,110,3,2,10,8,8,0,20
2023-02-17,North,113,4,7,9,3,4,4,15
2023-02-17,South,78,0,9,11,8,5,2,4
2023-02-17,East,71,1,8,0,3,1,4,12
2023-02-17,West,110,5,7,11,4,5,5,5
2023-02-17,Central,99,8,6,9,3,10,1,6
2023-02-18,North,100,8,3,7,3,2,1,17
2023-02-18,South,109,1,5,15,12,3,2,8
2023-02-18,East,81,0,6,0,0,4,10,13
2023-02-18,West,88,7,5,12,6,4,6,8
2023-02-18,Central,79,3,9,5,3,4,1,13
2023-02-19,North,92,6,8,14,11,4,3,17
2023-02-19,South,93,3,9,11,12,5,3,4
2023-02-19,East,93,2,5,5,1,5,7,10
2023-02-19,West,131,6,7,19,7,1,7,4
2023-02-19,Central,106,8,5,8,13,5,3,9
2023-02-20,North,108,8,4,6,10,3,3,8
2023-02-20,South,96,2,5,15,4,5,2,9
2023-02-20,East,73,0,9,1,2,4,9,11
2023-02-20,West,109,5,1,11,3,4,7,10
2023-02-20,Central,121,4,7,5,4,7,4,16
2023-02-21,North,111,10,10,10,8,5,3,9
2023-02-21,South,94,0,4,10,4,5,0,6
2023-02-21,East,71,0,8,0,4,4,9,4
2023-02-21,West,113,7,9,10,9,3,8,5
2023-02-21,Central,110,5,6,1,7,9,6,22
2023-02-22,North,125,12,7,15,8,8,3,10
2023-02-22,South,91,2,5,9,9,7,1,6
2023-02-22,East,62,0,7,0,4,7,6,5
2023-02-22,West,104,11,2,7,6,2,8,5
2023-02-22,Central,122,4,10,8,9,7,5,10
2023-02-23,North,104,16,9,13,7,5,0,10
2023-02-23,South,103,2,6,11,11,6,1,7
2023-02-23,East,63,2,8,0,6,1,8,2
2023-02-23,West,112,12,9,10,6,4,6,2
2023-02-23,Central,90,5,3,9,10,9,6,9
2023-02-24,North,125,7,8,17,5,2,5,22
2023-02-24,South,99,6,3,14,10,10,1,8
2023-02-24,East,55,0,6,0,3,5,10,7
2023-02-24,West,120,5,6,14,5,3,10,6
2023-02-24,Central,107,5,11,10,8,3,6,17
2023-02-25,North,122,13,11,14,2,4,2,16
2023-02-25,South,103,3,4,8,9,6,0,11
2023-02-25,East,57,0,7,0,1,6,6,5
2023-02-25,West,115,10,6,13,9,5,7,4
2023-02-25,Central,107,1,9,10,11,4,4,14
2023-02-26,North,127,7,8,12,4,3,2,12
2023-02-26,South,91,7,5,12,11,7,1,6
2023-02-26,East,81,5,12,0,0,2,11,11
2023-02-26,West,114,8,7,16,3,3,4,11
2023-02-26,Central,122,4,6,7,10,2,9,10
2023-02-27,North,109,8,10,18,7,3,6,7
2023-02-27,South,100,5,4,8,7,6,6,10
2023-02-27,East,83,4,9,0,2,6,4,9
2023-02-27,West,109,6,10,13,6,3,7,7
2023-02-27,Central,106,3,7,6,9,3,8,15
2023-02-28,North,112,9,9,10,7,2,5,12
2023-02-28,South,116,3,3,9,7,5,6,14
2023-02-28,East,63,1,5,0,3,5,4,9
2023-02-28,West,94,7,10,9,9,3,3,3
2023-02-28,Central,109,8,10,9,7,5,8,13
2023-03-01,North,98,15,6,12,4,2,8,10
2023-03-01,South,101,4,4,15,11,1,3,13
2023-03-01,East,74,4,6,1,3,3,4,14
2023-03-01,West,107,3,13,8,8,6,7,5
2023-03-01,Central,117,4,6,6,11,1,2,21
2023-03-02,North,127,14,6,7,4,3,4,10
2023-03-02,South,102,5,13,11,6,5,2,8
2023-03-02,East,69,0,13,0,6,4,5,8
2023-03-02,West,127,9,10,9,12,0,9,7
2023-03-02,Central,116,10,10,5,8,4,7,15
2023-03-03,North,96,10,5,16,4,0,4,9
2023-03-03,South,129,10,6,15,2,0,2,10
2023-03-03,East,85,1,12,0,3,3,6,8
2023-03-03,West,138,7,12,20,10,4,5,12
2023-03-03,Central,120,14,7,5,12,3,6,15
2023-03-04,North,116,8,7,11,7,5,6,15
2023-03-04,South,107,4,9,15,13,3,3,13
2023-03-04,East,93,4,16,0,1,9,7,8
2023-03-04,West,132,8,4,6,8,4,4,6
2023-03-04,Central,135,11,9,14,10,6,9,11
2023-03-05,North,120,11,16,10,3,8,6,12
2023-03-05,South,117,6,9,15,9,5,2,12
2023-03-05,East,74,3,8,0,4,2,8,7
2023-03-05,West,108,10,12,13,5,6,3,4
2023-03-05,Central,117,12,3,8,7,2,6,9
2023-03-06,North,122,9,4,9,2,7,5,15
2023-03-06,South,119,6,8,6,5,2,4,21
2023-03-06,East,104,4,4,0,3,4,3,12
2023-03-06,West,123,5,4,3,6,3,7,5
2023-03-06,Central,134,18,4,15,8,7,5,7
2023-03-07,North,107,10,5,9,7,3,3,16
2023-03-07,South,114,8,8,13,13,2,2,14
2023-03-07,East,84,8,10,1,4,2,6,7
2023-03-07,West,122,8,6,8,6,4,4,7
2023-03-07,Central,127,8,8,9,8,3,5,14
2023-03-08,North,123,5,3,13,7,6,6,10
2023-03-08,South,127,9,7,6,2,1,3,7
2023-03-08,East,86,4,4,0,3,4,7,12
2023-03-08,West,137,14,2,11,10,7,5,6
2023-03-08,Central,110,7,4,8,7,3,6,13
2023-03-09,North,112,12,5,14,7,5,6,13
2023-03-09,South,102,5,7,9,8,0,4,16
2023-03-09,East,92,6,5,0,1,6,5,12
2023-03-09,West,121,11,11,7,5,5,2,7
2023-03-09,Central,123,9,2,7,7,7,6,19
2023-03-10,North,116,13,7,10,6,7,2,12
2023-03-10,South,127,7,10,15,7,6,5,17
2023-03-10,East,96,4,2,0,5,4,6,17
2023-03-10,West,106,4,8,14,6,7,4,8
2023-03-10,Central,109,8,5,12,5,4,3,11
2023-03-11,North,99,8,8,5,5,3,11,7
2023-03-11,South,119,6,2,12,4,4,3,17
2023-03-11,East,86,4,7,0,4,4,4,13
2023-03-11,West,114,10,6,9,5,6,3,6
2023-03-11,Central,115,11,5,9,8,5,5,9
2023-03-12,North,87,7,7,17,3,9,1,17
2023-03-12,South,126,10,11,14,11,5,6,15
2023-03-12,East,84,11,5,0,11,4,6,7
2023-03-12,West,111,14,9,12,9,2,4,7
2023-03-12,Central,124,7,12,11,7,3,4,18
2023-03-13,North,101,8,6,19,2,3,3,12
2023-03-13,South,127,11,6,13,5,5,3,16
2023-03-13,East,99,8,7,0,8,5,5,11
2023-03-13,West,122,10,10,14,8,1,7,9
2023-03-13,Central,118,11,9,13,7,3,4,15
2023-03-14,North,115,8,9,9,7,7,4,15
2023-03-14,South,114,7,6,13,5,1,11,16
2023-03-14,East,112,10,3,0,6,8,11,9
2023-03-14,West,112,8,10,9,2,6,6,10
2023-03-14,Central,107,9,5,10,7,8,2,9
2023-03-15,North,112,9,8,7,7,5,4,15
2023-03-15,South,110,7,8,12,10,3,13,10
2023-03-15,East,108,5,4,2,4,8,8,21
2023-03-15,West,116,9,6,13,13,10,5,8
2023-03-15,Central,107,9,2,19,9,9,9,13
2023-03-16,North,118,12,6,12,4,7,9,13
2023-03-16,South,132,11,8,19,7,1,5,9
2023-03-16,East,94,8,4,2,6,4,3,7
2023-03-16,West,136,13,2,11,5,3,9,5
2023-03-16,Central,122,9,2,16,6,2,5,16
2023-03-17,North,103,10,6,14,0,4,4,16
2023-03-17,South,110,7,6,12,13,2,5,14
2023-03-17,East,101,7,11,3,7,6,7,8
2023-03-17,West,109,10,8,16,7,8,4,10
2023-03-17,Central,114,13,2,12,13,6,6,11
2023-03-18,North,111,10,8,6,3,8,4,17
2023-03-18,South,122,13,5,13,7,2,5,12
2023-03-18,East,109,7,4,4,4,7,6,6
2023-03-18,West,116,2,7,15,6,2,4,10
2023-03-18,Central,119,4,6,17,5,4,5,23
2023-03-19,North,106,1,4,1,4,6,2,16
2023-03-19,South,119,8,6,9,9,3,3,15
2023-03-19,East,114,6,7,2,4,5,7,12
2023-03-19,West,130,4,9,12,2,6,8,4
2023-03-19,Central,110,8,2,10,8,1,8,13
2023-03-20,North,113,5,11,8,4,2,5,19
2023-03-20,South,104,7,5,8,4,7,9,9
2023-03-20,East,92,5,14,5,6,4,6,8
2023-03-20,West,122,10,7,10,9,7,13,11
2023-03-20,Central,96,14,3,12,8,2,4,9
2023-03-21,North,117,5,10,14,5,3,2,17
2023-03-21,South,95,11,1,10,4,3,2,17
2023-03-21,East,116,8,3,2,10,7,5,10
2023-03-21,West,126,7,10,12,6,6,7,10
2023-03-21,Central,117,9,4,14,4,2,11,15
2023-03-22,North,111,6,11,16,2,7,2,19
2023-03-22,South,112,8,5,9,7,3,8,17
2023-03-22,East,100,4,8,0,8,9,8,16
2023-03-22,West,118,6,9,15,6,1,7,11
2023-03-22,Central,106,17,2,14,3,2,4,11
2023-03-23,North,103,8,11,17,4,6,4,14
2023-03-23,South,111,6,5,7,4,2,3,8
2023-03-23,East,109,5,9,0,15,4,9,11
2023-03-23,West,120,8,6,10,4,2,6,4
2023-03-23,Central,108,7,2,8,4,4,7,9
2023-03-24,North,114,9,7,11,2,3,2,17
2023-03-24,South,115,12,3,11,3,1,8,10
2023-03-24,East,89,9,3,2,9,7,2,11
2023-03-24,West,113,8,9,6,6,6,1,10
2023-03-24,Central,104,9,0,18,5,5,11,19
2023-03-25,North,114,4,6,8,2,5,7,6
2023-03-25,South,117,9,4,13,10,4,7,14
2023-03-25,East,94,5,6,3,9,2,4,21
2023-03-25,West,100,5,11,6,6,3,3,12
2023-03-25,Central,116,12,2,15,1,6,3,13
2023-03-26,North,99,8,10,14,0,8,2,16
2023-03-26,South,114,6,5,13,8,9,5,19
2023-03-26,East,100,2,7,5,14,12,2,17
2023-03-26,West,109,10,10,11,9,1,6,8
2023-03-26,Central,110,8,3,11,2,6,6,14
2023-03-27,North,102,8,6,10,2,5,4,16
2023-03-27,South,127,7,4,9,4,5,10,21
2023-03-27,East,111,3,10,5,8,8,3,20
2023-03-27,West,125,8,6,11,4,7,8,5
2023-03-27,Central,96,7,1,10,0,4,8,18
2023-03-28,North,100,9,9,6,3,13,4,18
2023-03-28,South,109,10,4,4,6,2,2,14
2023-03-28,East,112,4,6,10,10,7,2,14
2023-03-28,West,102,13,6,3,6,3,1,12
2023-03-28,Central,107,7,4,12,2,7,7,11
2023-03-29,North,99,6,14,13,4,11,0,18
2023-03-29,South,137,8,9,8,4,5,3,15
2023-03-29,East,107,8,4,7,6,4,3,24
2023-03-29,West,130,12,9,7,5,10,9,11
2023-03-29,Central,90,5,3,10,1,5,7,23
2023-03-30,North,110,11,9,10,3,4,2,11
2023-03-30,South,99,6,8,19,5,8,8,12
2023-03-30,East,99,12,4,5,9,7,5,10
2023-03-30,West,93,6,4,13,6,3,7,8
2023-03-30,Central,117,8,3,11,7,7,9,12
2023-03-31,North,105,6,7,13,4,5,2,12
2023-03-31,South,119,14,9,9,8,7,6,14
2023-03-31,East,102,7,7,9,14,1,6,14
2023-03-31,West,111,10,7,13,4,5,3,8
2023-03-31,Central,117,7,4,14,1,2,11,7
2023-04-01,North,107,18,7,5,2,7,2,7
2023-04-01,South,130,3,6,11,4,6,6,15
2023-04-01,East,92,10,4,9,5,4,5,12
2023-04-01,West,111,5,9,13,4,5,7,11
2023-04-01,Central,117,8,4,12,5,6,7,18
2023-04-02,North,100,10,6,14,0,6,0,14
2023-04-02,South,122,13,8,9,6,3,3,18
2023-04-02,East,91,5,7,9,4,5,2,7
2023-04-02,West,115,5,8,11,2,7,5,8
2023-04-02,Central,121,11,4,11,1,7,7,14
2023-04-03,North,151,7,3,9,5,5,3,10
2023-04-03,South,120,10,4,13,10,1,1,9
2023-04-03,East,77,8,7,7,3,1,6,12
2023-04-03,West,124,6,10,6,5,1,6,16
2023-04-03,Central,111,11,7,6,10,7,9,18
2023-04-04,North,120,11,4,13,5,2,1,17
2023-04-04,South,108,8,9,11,10,2,2,27
2023-04-04,East,89,21,8,7,4,5,2,11
2023-04-04,West,116,9,12,14,6,2,4,10
2023-04-04,Central,122,9,5,8,4,6,5,12
2023-04-05,North,108,5,9,11,1,7,1,9
2023-04-05,South,109,16,8,7,10,3,4,12
2023-04-05,East,84,9,2,1,1,4,1,8
2023-04-05,West,136,8,8,7,11,3,6,16
2023-04-05,Central,103,19,6,15,0,5,4,11
2023-04-06,North,109,14,4,11,6,2,2,8
2023-04-06,South,115,7,2,18,7,2,1,13
2023-04-06,East,76,10,7,2,1,4,5,3
2023-04-06,West,113,10,6,8,11,6,7,15
2023-04-06,Central,112,13,7,14,5,3,6,19
2023-04-07,North,108,14,5,12,6,3,0,13
2023-04-07,South,109,15,10,20,3,5,4,21
2023-04-07,East,93,5,7,5,5,4,2,9
2023-04-07,West,114,16,5,5,13,7,13,11
2023-04-07,Central,128,9,8,16,1,6,10,18
2023-04-08,North,101,6,9,6,8,3,0,15
2023-04-08,South,115,11,5,14,6,7,5,13
2023-04-08,East,85,8,11,4,7,2,4,9
2023-04-08,West,125,12,8,6,9,1,4,17
2023-04-08,Central,139,17,8,8,3,5,6,15
2023-04-09,North,114,9,7,8,4,7,3,14
2023-04-09,South,129,10,7,9,5,5,2,14
2023-04-09,East,77,2,4,0,6,0,6,8
2023-04-09,West,126,13,11,11,11,3,12,10
2023-04-09,Central,145,5,9,17,5,1,7,13
2023-04-10,North,123,9,11,12,6,5,2,15
2023-04-10,South,116,8,4,13,9,1,3,15
2023-04-10,East,101,11,6,2,5,3,6,5
2023-04-10,West,132,7,6,11,10,3,10,21
2023-04-10,Central,106,7,12,17,2,2,6,13
2023-04-11,North,125,12,4,15,8,2,7,14
2023-04-11,South,121,9,3,13,6,1,1,19
2023-04-11,East,91,7,4,4,7,3,3,4
2023-04-11,West,123,8,8,13,10,0,6,18
2023-04-11,Central,109,9,2,12,8,4,7,8
2023-04-12,North,94,6,7,18,4,6,2,7
2023-04-12,South,116,14,9,7,8,4,6,8
2023-04-12,East,86,9,5,6,9,4,4,10
2023-04-12,West,140,7,7,14,10,1,2,17
2023-04-12,Central,115,10,2,10,6,3,5,14
2023-04-13,North,105,10,5,10,11,5,1,15
2023-04-13,South,110,11,5,7,10,2,1,6
2023-04-13,East,78,13,4,5,7,1,2,3
2023-04-13,West,115,5,2,8,8,4,9,15
2023-04-13,Central,116,6,4,5,3,5,2,13
2023-04-14,North,106,9,10,7,9,5,1,9
2023-04-14,South,113,13,9,15,4,1,4,22
2023-04-14,East,78,9,8,8,7,0,0,4
2023-04-14,West,126,8,6,10,8,5,6,24
2023-04-14,Central,102,15,13,14,6,0,6,8
2023-04-15,North,101,14,5,15,3,2,0,12
2023-04-15,South,103,9,6,14,8,3,6,17
2023-04-15,East,66,3,3,8,8,0,1,4
2023-04-15,West,108,9,8,16,12,3,4,14
2023-04-15,Central,102,6,8,14,8,2,6,10
2023-04-16,North,92,10,10,11,2,2,0,12
2023-04-16,South,109,9,9,12,7,7,8,7
2023-04-16,East,62,12,1,1,14,0,0,2
2023-04-16,West,128,11,8,11,13,4,7,13
2023-04-16,Central,103,7,3,11,4,3,3,10
2023-04-17,North,90,7,9,7,7,5,0,16
2023-04-17,South,122,15,10,10,11,0,3,17
2023-04-17,East,56,14,2,4,8,1,0,0
2023-04-17,West,133,11,9,11,8,5,6,17
2023-04-17,Central,119,9,9,11,4,2,8,6
2023-04-18,North,75,9,5,7,5,2,0,14
2023-04-18,South,101,10,3,12,5,2,3,12
2023-04-18,East,66,11,2,6,11,0,3,0
2023-04-18,West,131,8,3,10,10,6,8,17
2023-04-18,Central,116,6,7,5,7,7,8,8
2023-04-19,North,91,9,7,6,5,3,0,15
2023-04-19,South,81,5,7,10,12,3,1,10
2023-04-19,East,55,10,1,4,14,0,3,1
2023-04-19,West,121,8,6,16,10,4,8,16
2023-04-19,Central,108,15,5,9,5,4,9,4
2023-04-20,North,92,5,6,6,4,1,0,12
2023-04-20,South,103,12,7,9,9,0,6,16
2023-04-20,East,66,10,6,1,4,5,1,0
2023-04-20,West,119,11,5,13,7,5,6,13
2023-04-20,Central,108,6,9,18,6,5,13,8
2023-04-21,North,71,4,4,5,4,4,0,12
2023-04-21,South,104,10,5,5,9,1,5,16
2023-04-21,East,60,10,2,2,7,3,0,1
2023-04-21,West,115,14,1,9,11,3,8,11
2023-04-21,Central,120,9,11,15,3,3,14,9
2023-04-22,North,79,6,10,8,7,1,1,13
2023-04-22,South,112,8,6,13,8,3,3,11
2023-04-22,East,61,15,1,6,11,1,0,0
2023-04-22,West,129,10,4,15,12,1,5,13
2023-04-22,Central,112,7,10,7,8,3,12,2
2023-04-23,North,102,2,9,13,7,1,1,12
2023-04-23,South,90,5,7,5,8,1,1,9
2023-04-23,East,72,12,9,3,13,0,0,0
2023-04-23,West,122,18,3,9,8,4,11,16
2023-04-23,Central,120,15,8,10,15,7,8,6
2023-04-24,North,78,8,5,14,4,1,0,11
2023-04-24,South,97,7,4,5,7,2,2,14
2023-04-24,East,61,9,6,3,15,1,0,0
2023-04-24,West,119,14,2,4,7,8,5,14
2023-04-24,Central,136,6,9,16,12,3,8,9
2023-04-25,North,87,5,8,7,8,4,1,7
2023-04-25,South,113,8,8,10,8,2,1,11
2023-04-25,East,63,12,9,2,7,5,0,2
2023-04-25,West,151,12,5,17,8,5,8,15
2023-04-25,Central,117,8,14,11,14,1,4,4
2023-04-26,North,94,7,5,17,6,4,0,19
2023-04-26,South,121,10,10,9,9,0,1,14
2023-04-26,East,66,7,13,2,16,0,0,1
2023-04-26,West,130,11,3,6,7,7,3,16
2023-04-26,Central,125,6,6,10,9,7,11,7
2023-04-27,North,97,5,5,10,11,4,1,16
2023-04-27,South,109,8,11,15,9,1,5,8
2023-04-27,East,82,11,5,3,6,1,1,2
2023-04-27,West,128,9,2,9,8,7,6,6
2023-04-27,Central,124,5,9,8,12,3,7,9
2023-04-28,North,104,9,6,8,13,2,1,11
2023-04-28,South,124,13,7,21,6,1,3,24
2023-04-28,East,72,5,7,2,6,7,0,5
2023-04-28,West,126,6,5,11,6,4,8,11
2023-04-28,Central,122,13,7,6,13,12,6,9
2023-04-29,North,111,6,4,13,13,3,3,9
2023-04-29,South,99,9,4,11,12,1,4,11
2023-04-29,East,72,11,6,1,10,0,1,8
2023-04-29,West,104,13,5,8,7,4,8,14
2023-04-29,Central,122,9,5,14,12,5,12,7
2023-04-30,North,94,8,5,11,10,1,8,14
2023-04-30,South,121,18,9,5,7,0,2,14
2023-04-30,East,65,11,7,2,11,0,1,4
2023-04-30,West,119,12,7,8,6,2,7,16
2023-04-30,Central,116,14,9,12,15,6,7,2
2023-05-01,North,101,8,5,5,7,0,9,14
2023-05-01,South,111,8,6,5,10,2,7,11
2023-05-01,East,87,12,6,7,7,4,1,2
2023-05-01,West,126,10,3,10,14,2,10,15
2023-05-01,Central,131,7,8,9,8,4,10,7
2023-05-02,North,115,8,12,12,3,2,8,15
2023-05-02,South,113,7,6,12,7,3,7,12
2023-05-02,East,78,9,8,4,8,2,1,3
2023-05-02,West,132,7,6,9,10,5,7,13
2023-05-02,Central,106,7,7,6,11,5,9,0
2023-05-03,North,96,8,5,7,5,1,7,12
2023-05-03,South,120,12,5,18,6,2,5,15
2023-05-03,East,71,7,7,5,11,1,2,4
2023-05-03,West,138,11,8,12,11,1,6,16
2023-05-03,Central,118,8,7,12,4,5,3,5
2023-05-04,North,113,9,11,9,8,1,4,10
2023-05-04,South,111,7,9,14,11,0,6,13
2023-05-04,East,66,12,8,3,6,3,1,4
2023-05-04,West,129,15,4,16,7,5,2,15
2023-05-04,Central,93,5,9,15,13,3,5,8
2023-05-05,North,115,13,9,25,14,5,6,14
2023-05-05,South,122,8,7,13,13,2,4,7
2023-05-05,East,87,5,7,3,8,0,1,6
2023-05-05,West,125,7,5,14,15,1,3,14
2023-05-05,Central,125,7,7,10,10,4,1,6
2023-05-06,North,102,5,2,7,7,1,11,8
2023-05-06,South,104,12,6,11,10,1,3,12
2023-05-06,East,72,12,6,4,8,2,1,7
2023-05-06,West,147,10,5,10,8,7,9,17
2023-05-06,Central,128,8,11,10,9,5,9,2
2023-05-07,North,106,7,6,13,9,1,8,7
2023-05-07,South,110,2,7,17,3,1,8,7
2023-05-07,East,100,13,6,6,11,0,4,7
2023-05-07,West,141,11,4,12,8,3,4,16
2023-05-07,Central,124,11,8,12,10,7,6,4
2023-05-08,North,86,3,5,6,12,0,8,4
2023-05-08,South,111,14,10,7,9,3,5,19
2023-05-08,East,85,8,8,1,10,1,2,5
2023-05-08,West,121,6,7,9,11,12,5,9
2023-05-08,Central,116,8,14,13,5,5,7,10
2023-05-09,North,90,4,3,13,10,0,7,11
2023-05-09,South,121,8,12,10,8,0,11,14
2023-05-09,East,78,5,7,5,9,4,2,4
2023-05-09,West,125,9,4,13,7,6,6,11
2023-05-09,Central,107,10,8,17,13,8,3,12
2023-05-10,North,96,5,4,15,10,0,8,10
2023-05-10,South,106,9,5,8,15,0,11,15
2023-05-10,East,95,8,13,0,6,2,7,6
2023-05-10,West,134,10,7,12,9,7,6,8
2023-05-10,Central,134,8,10,12,8,11,10,15
2023-05-11,North,86,11,4,8,11,0,5,15
2023-05-11,South,127,4,9,7,14,2,4,17
2023-05-11,East,75,10,5,6,7,1,0,6
2023-05-11,West,131,14,3,10,12,3,4,8
2023-05-11,Central,112,8,8,15,10,5,13,6
2023-05-12,North,85,5,7,14,13,0,6,5
2023-05-12,South,105,11,12,9,14,2,9,13
2023-05-12,East,68,8,6,5,8,1,2,10
2023-05-12,West,127,11,9,15,11,3,7,15
2023-05-12,Central,106,7,6,14,5,1,8,12
2023-05-13,North,113,6,11,13,10,1,3,11
2023-05-13,South,116,8,5,9,6,0,6,13
2023-05-13,East,87,11,13,1,9,2,4,5
2023-05-13,West,125,7,6,10,9,3,6,14
2023-05-13,Central,115,7,5,7,7,5,5,27
2023-05-14,North,118,11,7,10,9,1,10,3
2023-05-14,South,99,4,7,15,9,2,6,6
2023-05-14,East,101,6,7,5,10,2,2,5
2023-05-14,West,131,7,4,10,10,7,6,14
2023-05-14,Central,116,7,2,15,8,3,3,21
2023-05-15,North,114,9,9,14,7,1,9,10
2023-05-15,South,122,8,12,18,3,1,6,8
2023-05-15,East,80,6,11,8,13,2,2,5
2023-05-15,West,111,6,12,12,8,1,2,13
2023-05-15,Central,134,14,7,7,11,3,14,13
2023-05-16,North,105,6,9,10,4,3,6,12
2023-05-16,South,116,13,13,14,6,1,10,8
2023-05-16,East,101,7,10,2,5,0,4,4
2023-05-16,West,108,9,7,10,14,7,6,13
2023-05-16,Central,132,11,15,13,6,7,6,9
2023-05-17,North,115,19,4,12,4,0,4,10
2023-05-17,South,110,7,12,6,11,0,7,10
2023-05-17,East,75,7,11,1,7,0,1,4
2023-05-17,West,126,7,5,14,3,4,7,14
2023-05-17,Central,128,12,7,10,4,3,8,17
2023-05-18,North,103,14,6,15,7,2,3,17
2023-05-18,South,125,13,6,10,5,2,9,9
2023-05-18,East,86,8,9,2,8,4,5,2
2023-05-18,West,122,11,9,13,14,4,5,8
2023-05-18,Central,123,7,7,9,4,5,7,13
2023-05-19,North,110,11,9,9,5,1,4,17
2023-05-19,South,106,7,15,8,14,0,7,12
2023-05-19,East,99,10,3,4,4,4,5,4
2023-05-19,West,113,7,8,10,10,4,4,10
2023-05-19,Central,136,14,6,5,8,4,7,7
2023-05-20,North,105,11,12,7,6,3,6,14
2023-05-20,South,112,16,5,6,10,1,3,14
2023-05-20,East,105,9,9,2,10,2,4,5
2023-05-20,West,122,12,4,13,9,2,6,8
2023-05-20,Central,115,17,11,14,6,12,5,16
2023-05-21,North,122,7,7,13,7,3,9,11
2023-05-21,South,102,13,8,10,5,2,4,13
2023-05-21,East,82,9,5,8,8,1,3,4
2023-05-21,West,108,16,7,16,8,7,6,11
2023-05-21,Central,136,8,6,19,3,3,5,18
2023-05-22,North,100,6,6,8,2,0,8,20
2023-05-22,South,78,5,10,12,9,3,8,11
2023-05-22,East,102,9,5,7,8,3,6,4
2023-05-22,West,115,12,10,15,10,4,10,10
2023-05-22,Central,120,11,10,9,5,2,10,17
2023-05-23,North,109,4,10,7,1,5,8,17
2023-05-23,South,128,5,9,7,8,2,8,20
2023-05-23,East,82,14,9,3,5,2,8,5
2023-05-23,West,96,5,7,11,9,3,10,21
2023-05-23,Central,117,13,6,15,3,2,8,14
2023-05-24,North,112,7,11,4,3,3,11,16
2023-05-24,South,129,15,9,7,5,3,6,8
2023-05-24,East,110,4,6,3,11,5,5,2
2023-05-24,West,123,7,5,8,2,5,2,15
2023-05-24,Central,121,7,5,8,7,4,6,16
2023-05-25,North,101,8,6,5,4,2,5,9
2023-05-25,South,122,5,10,7,10,0,11,12
2023-05-25,East,93,5,10,4,8,4,2,3
2023-05-25,West,122,8,5,12,3,3,7,8
2023-05-25,Central,121,7,9,8,0,5,6,13
2023-05-26,North,113,11,8,13,7,4,8,8
2023-05-26,South,123,7,5,14,4,0,8,17
2023-05-26,East,90,4,4,5,9,6,9,4
2023-05-26,West,119,4,4,5,8,3,6,15
2023-05-26,Central,128,8,10,15,3,3,5,15
2023-05-27,North,108,6,10,8,8,3,5,15
2023-05-27,South,109,11,9,16,7,1,10,15
2023-05-27,East,111,5,6,7,6,5,2,5
2023-05-27,West,125,8,6,7,4,3,8,11
2023-05-27,Central,121,8,8,15,5,6,5,11
2023-05-28,North,112,7,10,7,2,4,9,15
2023-05-28,South,108,6,8,11,9,3,9,13
2023-05-28,East,96,7,8,9,4,8,14,0
2023-05-28,West,104,8,9,10,6,6,11,8
2023-05-28,Central,95,8,7,8,3,9,9,11
2023-05-29,North,126,5,10,8,4,3,7,10
2023-05-29,South,131,10,12,16,6,2,4,8
2023-05-29,East,105,5,8,4,3,3,9,4
2023-05-29,West,101,6,6,7,5,7,7,11
2023-05-29,Central,105,8,10,12,4,7,2,13
2023-05-30,North,131,11,5,8,8,1,8,14
2023-05-30,South,99,10,1,9,2,4,6,13
2023-05-30,East,89,8,8,9,9,1,7,10
2023-05-30,West,110,6,7,8,5,8,6,11
2023-05-30,Central,114,7,11,13,0,8,4,9
2023-05-31,North,102,9,7,7,8,2,2,9
2023-05-31,South,113,10,4,3,7,3,4,10
2023-05-31,East,120,7,11,7,7,0,7,4
2023-05-31,West,114,6,3,13,1,2,5,4
2023-05-31,Central,114,8,3,15,4,9,11,10
2023-06-01,North,99,7,6,3,6,1,7,14
2023-06-01,South,124,15,5,9,8,3,8,7
2023-06-01,East,117,11,5,7,13,4,4,8
2023-06-01,West,101,3,6,6,2,4,5,9
2023-06-01,Central,108,6,4,7,4,4,8,10
2023-06-02,North,94,7,6,7,4,1,2,15
2023-06-02,South,99,8,4,3,10,2,3,5
2023-06-02,East,110,12,7,4,10,4,10,3
2023-06-02,West,111,10,11,12,4,2,4,8
2023-06-02,Central,107,6,8,10,2,6,6,13
2023-06-03,North,105,8,7,4,4,0,5,9
2023-06-03,South,103,13,5,8,5,4,8,12
2023-06-03,East,133,10,7,5,6,6,12,8
2023-06-03,West,128,9,3,10,3,8,6,9
2023-06-03,Central,112,9,6,10,6,4,5,10
2023-06-04,North,81,5,5,6,3,2,7,5
2023-06-04,South,93,4,7,13,10,2,8,15
2023-06-04,East,103,7,10,7,9,8,5,11
2023-06-04,West,97,9,4,8,4,2,10,11
2023-06-04,Central,106,11,13,9,4,5,2,10
2023-06-05,North,89,10,6,2,5,2,5,9
2023-06-05,South,107,11,11,11,4,1,5,14
2023-06-05,East,114,7,10,7,4,4,3,15
2023-06-05,West,102,5,6,3,4,7,7,12
2023-06-05,Central,87,8,11,11,5,3,11,13
2023-06-06,North,88,10,4,4,8,3,9,18
2023-06-06,South,117,8,6,12,7,4,6,13
2023-06-06,East,102,6,12,6,3,6,2,14
2023-06-06,West,104,6,3,12,7,1,4,12
2023-06-06,Central,106,6,6,9,1,1,3,15
2023-06-07,North,87,8,7,5,3,1,5,15
2023-06-07,South,109,10,11,12,6,5,4,17
2023-06-07,East,100,9,7,4,4,2,3,11
2023-06-07,West,97,9,6,11,5,2,2,17
2023-06-07,Central,103,7,11,12,7,3,5,13
2023-06-08,North,79,14,5,3,3,2,7,17
2023-06-08,South,98,11,4,14,4,2,4,21
2023-06-08,East,96,8,5,7,10,3,2,12
2023-06-08,West,112,8,3,15,3,5,0,15
2023-06-08,Central,109,8,11,14,2,4,1,19
2023-06-09,North,95,7,7,9,2,0,7,8
2023-06-09,South,101,14,5,18,6,4,2,14
2023-06-09,East,89,6,5,6,3,1,5,14
2023-06-09,West,110,3,4,14,3,2,7,10
2023-06-09,Central,87,7,8,10,0,5,8,11
2023-06-10,North,82,8,7,5,4,1,6,14
2023-06-10,South,116,10,5,16,7,9,7,14
2023-06-10,East,111,12,5,5,5,5,4,8
2023-06-10,West,105,4,4,13,1,5,7,14
2023-06-10,Central,90,6,3,7,1,4,8,10
2023-06-11,North,89,14,3,5,4,0,4,7
2023-06-11,South,122,14,5,18,11,3,7,19
2023-06-11,East,100,10,3,1,5,7,6,10
2023-06-11,West,133,9,9,15,0,6,7,19
2023-06-11,Central,99,5,9,11,1,2,8,21
2023-06-12,North,74,4,1,3,4,5,7,16
2023-06-12,South,139,14,3,10,7,0,5,20
2023-06-12,East,106,8,7,8,10,6,9,11
2023-06-12,West,120,7,2,10,1,6,7,7
2023-06-12,Central,78,9,6,9,1,0,4,17
2023-06-13,North,81,7,4,3,4,1,8,14
2023-06-13,South,115,8,8,8,4,3,6,15
2023-06-13,East,105,4,6,0,13,9,2,7
2023-06-13,West,128,8,10,14,4,1,5,13
2023-06-13,Central,96,7,15,13,1,0,4,12
2023-06-14,North,66,4,5,3,1,2,7,5
2023-06-14,South,120,10,4,8,6,6,7,16
2023-06-14,East,102,16,7,9,5,8,6,9
2023-06-14,West,118,9,8,8,1,5,5,10
2023-06-14,Central,83,2,7,12,2,0,4,14
2023-06-15,North,65,7,1,10,0,2,11,2
2023-06-15,South,134,9,9,16,4,9,6,11
2023-06-15,East,91,8,9,8,7,1,5,9
2023-06-15,West,116,8,4,7,4,4,8,14
2023-06-15,Central,97,7,3,15,5,2,4,11
2023-06-16,North,76,11,5,5,2,2,6,6
2023-06-16,South,127,4,2,10,6,8,15,8
2023-06-16,East,129,8,8,8,8,3,8,17
2023-06-16,West,108,7,13,19,2,3,6,14
2023-06-16,Central,106,6,7,20,4,0,1,15
2023-06-17,North,84,6,9,5,1,1,15,6
2023-06-17,South,123,10,6,11,12,6,7,18
2023-06-17,East,106,9,10,10,6,2,3,11
2023-06-17,West,96,9,3,4,2,5,5,16
2023-06-17,Central,105,13,2,15,4,2,2,12
2023-06-18,North,71,10,3,6,0,3,10,3
2023-06-18,South,130,7,3,8,10,5,11,16
2023-06-18,East,100,9,9,7,2,1,5,14
2023-06-18,West,91,10,5,10,1,4,9,15
2023-06-18,Central,82,7,4,7,3,2,3,13
2023-06-19,North,77,5,2,8,0,1,9,9
2023-06-19,South,149,8,6,10,14,8,8,7
2023-06-19,East,112,11,10,7,8,4,5,8
2023-06-19,West,78,7,7,13,2,5,5,12
2023-06-19,Central,68,6,8,7,2,1,1,8
2023-06-20,North,96,8,8,7,1,2,6,11
2023-06-20,South,143,12,6,11,6,6,2,9
2023-06-20,East,128,12,3,7,10,8,9,11
2023-06-20,West,84,10,7,15,4,3,6,16
2023-06-20,Central,95,7,4,12,3,1,1,13
2023-06-21,North,64,10,10,4,0,4,10,3
2023-06-21,South,117,10,9,7,11,8,10,11
2023-06-21,East,125,9,5,6,6,3,11,16
2023-06-21,West,88,6,7,7,1,0,7,12
2023-06-21,Central,68,5,7,9,2,0,6,8
2023-06-22,North,76,14,8,8,2,1,7,9
2023-06-22,South,110,11,9,3,8,4,5,21
2023-06-22,East,117,12,11,10,4,4,7,9
2023-06-22,West,99,8,6,9,1,3,5,20
2023-06-22,Central,85,9,11,14,2,2,1,8
2023-06-23,North,77,15,4,2,0,1,4,4
2023-06-23,South,108,6,6,9,7,6,3,5
2023-06-23,East,119,5,11,9,11,6,9,15
2023-06-23,West,95,5,9,11,0,8,7,22
2023-06-23,Central,84,6,5,7,2,0,1,9
2023-06-24,North,68,10,5,3,0,0,7,13
2023-06-24,South,112,9,5,8,5,4,8,12
2023-06-24,East,120,11,6,5,8,5,4,10
2023-06-24,West,77,2,15,8,1,5,9,17
2023-06-24,Central,82,7,10,10,3,0,3,11
2023-06-25,North,80,8,7,2,2,3,2,11
2023-06-25,South,119,3,7,6,7,4,5,9
2023-06-25,East,130,9,12,5,12,2,8,6
2023-06-25,West,86,5,10,3,2,4,5,14
2023-06-25,Central,80,4,6,14,4,1,2,8
2023-06-26,North,79,4,7,2,0,1,12,7
2023-06-26,South,110,4,4,6,13,0,5,13
2023-06-26,East,131,18,10,5,9,4,9,11
2023-06-26,West,95,6,5,3,2,3,5,11
2023-06-26,Central,73,7,2,14,2,0,3,13
2023-06-27,North,95,6,5,7,0,4,3,5
2023-06-27,South,107,6,4,8,7,1,9,15
2023-06-27,East,121,8,14,12,5,2,3,13
2023-06-27,West,94,7,7,5,0,5,2,15
2023-06-27,Central,66,7,3,10,2,0,4,10
2023-06-28,North,82,8,12,7,1,3,7,9
2023-06-28,South,102,5,6,3,8,3,10,16
2023-06-28,East,112,17,8,9,12,4,5,16
2023-06-28,West,90,14,5,9,2,3,4,10
2023-06-28,Central,69,10,11,18,1,0,3,4
2023-06-29,North,80,8,7,1,1,2,7,6
2023-06-29,South,112,5,9,2,0,5,6,8
2023-06-29,East,110,8,10,16,5,2,8,3
2023-06-29,West,100,6,3,2,7,3,4,8
2023-06-29,Central,59,5,4,16,1,0,4,5
2023-06-30,North,110,11,8,10,0,2,6,16
2023-06-30,South,123,10,5,2,6,4,4,15
2023-06-30,East,129,14,10,14,5,6,6,11
2023-06-30,West,98,10,8,5,1,2,9,7
2023-06-30,Central,69,5,6,8,0,0,2,4
2023-07-01,North,91,13,6,14,0,2,7,10
2023-07-01,South,80,5,5,0,13,5,3,17
2023-07-01,East,141,14,8,8,9,5,9,10
2023-07-01,West,114,6,6,5,0,7,6,10
2023-07-01,Central,64,9,5,15,0,0,4,6
2023-07-02,North,100,7,8,5,1,6,3,14
2023-07-02,South,98,7,2,3,6,7,3,15
2023-07-02,East,122,14,9,12,7,3,4,5
2023-07-02,West,88,6,6,2,3,2,10,8
2023-07-02,Central,57,7,2,17,2,0,4,7
2023-07-03,North,84,9,6,8,1,6,8,13
2023-07-03,South,92,2,5,3,5,5,7,13
2023-07-03,East,103,4,12,11,9,4,5,2
2023-07-03,West,98,9,9,4,1,3,5,6
2023-07-03,Central,60,10,6,9,0,2,2,8
2023-07-04,North,109,13,6,7,1,10,8,6
2023-07-04,South,100,11,4,3,6,5,1,15
2023-07-04,East,121,6,5,11,9,1,2,3
2023-07-04,West,102,9,8,2,4,2,8,12
2023-07-04,Central,72,7,8,8,3,1,5,6
2023-07-05,North,81,10,2,5,3,4,8,12
2023-07-05,South,99,7,8,1,11,5,3,16
2023-07-05,East,127,13,5,13,10,8,4,4
2023-07-05,West,112,11,6,4,7,4,7,12
2023-07-05,Central,56,3,3,15,2,1,3,3
2023-07-06,North,93,10,10,6,1,3,5,10
2023-07-06,South,89,9,5,3,7,3,6,13
2023-07-06,East,115,9,5,5,6,5,11,4
2023-07-06,West,113,9,10,6,5,7,4,12
2023-07-06,Central,67,14,6,16,0,0,3,4
2023-07-07,North,93,9,7,8,4,7,5,5
2023-07-07,South,102,8,6,0,8,6,4,14
2023-07-07,East,101,5,7,9,9,2,4,3
2023-07-07,West,105,7,8,4,5,6,3,14
2023-07-07,Central,57,7,5,7,1,0,1,3
2023-07-08,North,115,13,7,4,2,4,6,4
2023-07-08,South,94,6,5,0,14,8,5,11
2023-07-08,East,96,6,6,7,8,3,11,2
2023-07-08,West,99,6,8,1,4,4,5,16
2023-07-08,Central,57,7,5,11,2,1,3,2
2023-07-09,North,100,5,10,5,4,2,10,6
2023-07-09,South,85,4,7,0,11,5,4,16
2023-07-09,East,112,8,4,2,3,7,7,3
2023-07-09,West,63,7,5,3,0,4,2,9
2023-07-09,Central,56,7,4,7,2,0,2,4
2023-07-10,North,80,8,9,11,1,1,6,7
2023-07-10,South,105,14,5,1,13,4,3,17
2023-07-10,East,98,5,7,1,12,6,2,4
2023-07-10,West,66,8,0,1,1,2,6,6
2023-07-10,Central,61,5,5,12,1,0,3,4
2023-07-11,North,98,17,4,7,0,2,5,3
2023-07-11,South,113,7,1,1,6,6,1,13
2023-07-11,East,84,11,6,5,12,5,4,2
2023-07-11,West,95,6,0,4,5,4,2,11
2023-07-11,Central,48,9,4,13,2,0,3,10
2023-07-12,North,62,16,4,2,0,1,4,6
2023-07-12,South,87,4,4,4,11,5,2,20
2023-07-12,East,94,15,4,4,6,6,5,6
2023-07-12,West,92,7,6,2,4,5,2,5
2023-07-12,Central,60,5,4,10,11,2,5,11
2023-07-13,North,74,7,4,6,3,1,8,8
2023-07-13,South,101,10,6,2,7,1,4,12
2023-07-13,East,89,8,4,7,5,2,7,6
2023-07-13,West,96,8,7,4,7,2,2,7
2023-07-13,Central,69,7,7,4,6,0,2,10
2023-07-14,North,80,7,5,2,1,1,4,6
2023-07-14,South,91,4,7,0,3,2,1,12
2023-07-14,East,104,6,5,4,6,4,5,9
2023-07-14,West,90,7,15,4,4,4,7,5
2023-07-14,Central,68,2,3,11,5,0,4,9
2023-07-15,North,88,8,5,3,4,0,8,8
2023-07-15,South,106,11,4,0,11,1,2,11
2023-07-15,East,103,5,4,2,4,4,3,11
2023-07-15,West,96,13,8,1,4,5,7,15
2023-07-15,Central,74,3,1,9,9,1,4,11
2023-07-16,North,81,2,9,6,2,3,6,6
2023-07-16,South,75,10,6,1,7,2,0,8
2023-07-16,East,94,9,4,0,4,3,5,11
2023-07-16,West,84,3,2,10,8,4,5,14
2023-07-16,Central,67,4,5,7,3,0,1,8
2023-07-17,North,77,8,6,5,2,1,4,4
2023-07-17,South,78,12,6,0,9,6,0,14
2023-07-17,East,95,12,13,0,4,1,4,5
2023-07-17,West,95,8,6,3,8,6,8,10
2023-07-17,Central,63,1,2,14,4,1,2,10
2023-07-18,North,63,6,8,5,2,0,5,2
2023-07-18,South,82,4,2,1,3,3,0,12
2023-07-18,East,84,13,3,0,9,6,3,10
2023-07-18,West,117,7,6,8,4,2,5,12
2023-07-18,Central,68,1,3,8,5,2,2,6
2023-07-19,North,48,8,5,2,5,0,8,6
2023-07-19,South,93,9,8,2,8,3,2,15
2023-07-19,East,84,5,5,2,5,5,5,9
2023-07-19,West,90,8,4,12,5,0,5,6
2023-07-19,Central,61,2,0,10,4,2,7,13
2023-07-20,North,59,8,7,1,2,0,11,2
2023-07-20,South,90,10,5,1,9,5,0,8
2023-07-20,East,68,9,4,0,6,3,7,4
2023-07-20,West,97,9,11,3,2,1,5,1
2023-07-20,Central,47,1,0,8,6,0,4,7
2023-07-21,North,47,9,4,2,7,0,4,3
2023-07-21,South,86,9,8,4,9,2,1,16
2023-07-21,East,82,9,6,1,7,3,4,3
2023-07-21,West,99,2,3,7,3,3,7,3
2023-07-21,Central,55,1,0,10,2,1,4,3
2023-07-22,North,70,13,4,2,2,1,4,0
2023-07-22,South,80,8,6,1,6,1,2,8
2023-07-22,East,69,2,5,1,5,3,1,10
2023-07-22,West,91,8,14,5,6,5,5,8
2023-07-22,Central,52,0,0,6,4,1,6,2
2023-07-23,North,50,9,4,5,0,1,9,0
2023-07-23,South,71,11,3,5,5,4,0,12
2023-07-23,East,77,1,5,0,6,7,3,6
2023-07-23,West,71,7,11,3,1,4,4,3
2023-07-23,Central,49,0,0,9,2,1,2,1
2023-07-24,North,52,11,2,6,1,0,3,0
2023-07-24,South,96,7,13,2,4,3,0,8
2023-07-24,East,65,11,2,4,3,4,0,15
2023-07-24,West,68,3,3,4,1,2,5,5
2023-07-24,Central,53,0,0,8,12,1,5,1
2023-07-25,North,43,7,4,6,0,0,0,0
2023-07-25,South,87,12,6,0,1,2,0,13
2023-07-25,East,83,7,4,4,6,9,1,10
2023-07-25,West,93,3,3,4,7,5,4,7
2023-07-25,Central,45,0,2,10,3,2,2,0
2023-07-26,North,51,5,7,4,0,0,3,0
2023-07-26,South,78,7,3,2,5,3,0,13
2023-07-26,East,74,3,5,6,5,5,1,12
2023-07-26,West,73,6,5,4,2,5,4,8
2023-07-26,Central,46,0,1,15,5,0,1,0
2023-07-27,North,53,5,4,6,0,2,3,0
2023-07-27,South,54,13,7,0,6,0,0,14
2023-07-27,East,46,5,4,1,4,2,1,7
2023-07-27,West,78,11,5,0,2,5,6,6
2023-07-27,Central,50,4,1,12,5,0,1,1
2023-07-28,North,63,9,10,5,0,0,3,0
2023-07-28,South,63,11,4,0,4,1,0,10
2023-07-28,East,64,4,4,3,4,5,0,9
2023-07-28,West,86,4,5,2,1,9,0,5
2023-07-28,Central,52,1,2,8,9,0,2,1
2023-07-29,North,42,6,7,12,1,0,3,0
2023-07-29,South,57,14,7,0,1,2,0,15
2023-07-29,East,75,5,5,5,4,0,2,14
2023-07-29,West,77,5,5,4,0,4,4,4
2023-07-29,Central,61,0,6,7,9,1,1,0
2023-07-30,North,49,5,11,10,0,0,6,0
2023-07-30,South,45,4,5,0,1,0,0,7
2023-07-30,East,66,1,1,1,10,6,0,8
2023-07-30,West,63,4,1,3,0,4,4,7
2023-07-30,Central,39,0,1,13,5,1,1,2
2023-07-31,North,62,4,5,8,0,0,5,1
2023-07-31,South,66,7,8,0,2,2,0,10
2023-07-31,East,57,0,5,5,4,3,2,15
2023-07-31,West,68,8,7,3,0,5,3,1
2023-07-31,Central,43,0,1,10,6,0,1,7
2023-08-01,North,59,11,5,10,0,0,7,2
2023-08-01,South,55,5,3,0,0,2,0,14
2023-08-01,East,47,1,5,0,7,4,1,9
2023-08-01,West,58,8,8,3,1,8,1,2
2023-08-01,Central,35,2,3,9,4,0,1,2
2023-08-02,North,66,6,4,5,0,0,3,0
2023-08-02,South,37,5,4,0,3,1,0,3
2023-08-02,East,66,3,3,1,4,2,0,9
2023-08-02,West,64,11,3,0,2,8,1,3
2023-08-02,Central,36,1,2,12,5,1,3,6
2023-08-03,North,67,9,9,4,0,0,8,2
2023-08-03,South,35,6,7,0,3,4,1,3
2023-08-03,East,55,4,7,2,2,5,2,15
2023-08-03,West,60,3,5,0,0,4,2,3
2023-08-03,Central,35,0,1,8,2,2,0,1
2023-08-04,North,75,5,13,10,1,2,3,2
2023-08-04,South,38,5,2,0,2,2,0,3
2023-08-04,East,68,3,4,2,7,2,0,12
2023-08-04,West,52,6,4,0,0,3,1,4
2023-08-04,Central,35,1,0,5,1,2,0,5
2023-08-05,North,87,9,3,11,0,0,9,0
2023-08-05,South,55,6,8,2,4,1,0,8
2023-08-05,East,62,2,3,0,5,5,4,13
2023-08-05,West,65,5,3,0,0,5,1,1
2023-08-05,Central,36,2,1,6,8,1,0,4
2023-08-06,North,64,6,13,9,0,1,5,0
2023-08-06,South,38,7,1,1,0,1,0,7
2023-08-06,East,48,2,1,0,3,6,1,13
2023-08-06,West,56,10,3,0,0,7,0,0
2023-08-06,Central,51,0,0,12,6,1,0,6
2023-08-07,North,60,4,9,6,0,0,2,1
2023-08-07,South,48,6,8,0,3,0,1,3
2023-08-07,East,79,0,0,0,4,7,0,13
2023-08-07,West,48,4,6,0,0,4,2,0
2023-08-07,Central,37,5,0,3,1,1,2,3
2023-08-08,North,67,10,3,6,0,2,3,0
2023-08-08,South,42,6,6,0,2,2,0,2
2023-08-08,East,43,1,0,1,5,7,2,12
2023-08-08,West,47,6,7,0,0,5,0,0
2023-08-08,Central,29,0,0,6,1,1,0,2
2023-08-09,North,69,8,7,19,0,0,3,1
2023-08-09,South,37,9,7,0,4,1,0,0
2023-08-09,East,53,0,1,2,6,5,4,9
2023-08-09,West,55,12,0,0,0,7,0,0
2023-08-09,Central,19,2,0,9,2,0,1,0
2023-08-10,North,63,5,2,14,0,3,1,2
2023-08-10,South,38,11,2,0,4,0,1,5
2023-08-10,East,39,4,0,0,2,5,0,10
2023-08-10,West,53,10,3,0,1,3,1,0
2023-08-10,Central,28,2,0,7,0,3,1,0
2023-08-11,North,41,5,6,9,1,0,2,2
2023-08-11,South,41,5,3,0,6,0,0,0
2023-08-11,East,40,0,0,0,0,8,2,1
2023-08-11,West,57,6,2,1,2,6,3,0
2023-08-11,Central,28,1,0,6,1,1,1,1
2023-08-12,North,60,9,7,8,0,0,0,4
2023-08-12,South,43,10,5,0,4,0,0,2
2023-08-12,East,29,0,0,0,1,2,0,4
2023-08-12,West,66,5,3,3,1,4,2,2
2023-08-12,Central,30,3,0,5,0,1,1,1
2023-08-13,North,46,5,6,13,0,1,5,1
2023-08-13,South,28,8,2,0,0,0,0,2
2023-08-13,East,48,0,0,1,3,5,0,7
2023-08-13,West,47,9,2,2,0,7,1,1
2023-08-13,Central,24,4,0,1,0,0,2,1
2023-08-14,North,49,10,11,13,0,0,0,3
2023-08-14,South,41,7,4,2,2,1,4,3
2023-08-14,East,33,0,0,0,1,5,0,8
2023-08-14,West,58,9,0,0,1,6,3,0
2023-08-14,Central,22,4,0,2,0,0,3,0
2023-08-15,North,59,9,5,10,0,1,0,3
2023-08-15,South,55,6,5,0,3,0,2,13
2023-08-15,East,40,0,1,1,2,3,0,5
2023-08-15,West,69,15,2,1,0,8,3,0
2023-08-15,Central,29,5,1,0,0,0,3,1
2023-08-16,North,49,8,8,9,1,1,2,0
2023-08-16,South,49,4,5,0,4,0,0,12
2023-08-16,East,42,1,0,2,0,5,0,5
2023-08-16,West,46,8,4,1,0,4,2,0
2023-08-16,Central,20,6,1,3,1,0,2,0
2023-08-17,North,65,3,5,11,0,0,2,0
2023-08-17,South,46,2,6,2,1,1,1,9
2023-08-17,East,35,2,2,4,2,5,0,6
2023-08-17,West,41,9,2,5,0,4,4,0
2023-08-17,Central,22,5,1,2,0,0,2,1
2023-08-18,North,57,7,10,11,0,0,1,0
2023-08-18,South,44,7,7,0,2,2,4,4
2023-08-18,East,35,7,0,3,0,6,3,10
2023-08-18,West,52,6,1,1,0,3,4,6
2023-08-18,Central,15,3,0,0,0,0,3,0
2023-08-19,North,55,3,7,4,0,1,0,0
2023-08-19,South,55,6,5,7,3,1,1,3
2023-08-19,East,35,2,0,3,0,6,1,7
2023-08-19,West,54,7,2,1,0,4,4,2
2023-08-19,Central,17,3,0,0,0,0,1,1
2023-08-20,North,36,4,9,9,0,0,3,0
2023-08-20,South,42,4,4,9,3,2,0,3
2023-08-20,East,37,2,0,0,0,1,1,6
2023-08-20,West,43,11,0,0,0,3,0,3
2023-08-20,Central,27,3,1,1,1,0,1,3
2023-08-21,North,46,3,8,10,0,1,1,0
2023-08-21,South,44,3,5,4,1,0,6,2
2023-08-21,East,35,2,2,0,4,3,3,2
2023-08-21,West,42,7,3,2,1,9,5,2
2023-08-21,Central,16,4,4,0,0,0,3,3
2023-08-22,North,45,2,8,11,0,0,0,0
2023-08-22,South,61,7,7,5,3,0,2,3
2023-08-22,East,39,2,0,0,0,3,1,1
2023-08-22,West,52,11,1,3,0,2,3,3
2023-08-22,Central,33,4,1,0,0,0,0,3
2023-08-23,North,46,1,6,9,1,4,0,0
2023-08-23,South,63,5,8,7,3,2,2,0
2023-08-23,East,44,1,0,0,1,1,1,5
2023-08-23,West,37,15,5,1,0,0,2,2
2023-08-23,Central,37,4,0,1,0,0,3,4
2023-08-24,North,50,0,11,11,0,1,0,5
2023-08-24,South,69,4,3,2,4,2,4,0
2023-08-24,East,45,5,0,0,0,2,3,5
2023-08-24,West,45,9,1,0,2,2,1,0
2023-08-24,Central,15,4,3,0,0,0,3,0
2023-08-25,North,37,2,11,9,0,0,0,2
2023-08-25,South,45,12,4,7,1,0,6,0
2023-08-25,East,39,3,0,2,0,4,2,4
2023-08-25,West,38,7,2,1,1,2,1,0
2023-08-25,Central,19,2,4,0,1,1,3,0
2023-08-26,North,53,5,6,10,0,0,0,1
2023-08-26,South,40,5,3,4,3,1,1,1
2023-08-26,East,47,1,1,0,0,4,1,5
2023-08-26,West,29,15,0,0,1,2,0,0
2023-08-26,Central,28,2,4,0,3,0,3,2
2023-08-27,North,44,3,7,5,0,0,0,3
2023-08-27,South,53,4,2,7,0,0,3,3
2023-08-27,East,41,3,0,0,0,7,0,5
2023-08-27,West,30,5,0,0,0,0,0,0
2023-08-27,Central,36,4,3,0,0,2,1,2
2023-08-28,North,42,4,6,10,1,0,0,8
2023-08-28,South,51,7,2,3,2,3,0,3
2023-08-28,East,43,8,2,0,0,7,0,12
2023-08-28,West,19,6,2,1,0,0,5,0
2023-08-28,Central,32,7,1,2,2,1,3,4
2023-08-29,North,34,3,5,2,0,0,1,4
2023-08-29,South,47,9,2,8,4,3,1,1
2023-08-29,East,48,5,5,0,0,6,0,5
2023-08-29,West,23,3,1,0,1,0,3,0
2023-08-29,Central,38,5,1,0,1,3,4,1
2023-08-30,North,42,3,7,1,2,0,0,2
2023-08-30,South,39,10,0,8,3,4,1,0
2023-08-30,East,53,11,1,3,0,7,0,12
2023-08-30,West,14,3,1,0,1,0,1,0
2023-08-30,Central,62,5,3,0,2,5,1,0
2023-08-31,North,37,4,3,1,5,0,0,2
2023-08-31,South,42,5,1,4,3,1,3,0
2023-08-31,East,47,6,3,0,0,3,0,7
2023-08-31,West,16,5,0,0,2,0,0,0
2023-08-31,Central,40,8,0,0,2,4,2,1
2023-09-01,North,28,2,3,6,3,0,1,3
2023-09-01,South,59,10,2,9,1,2,3,0
2023-09-01,East,65,7,4,2,0,4,0,3
2023-09-01,West,25,1,0,0,2,1,0,0
2023-09-01,Central,31,7,4,0,2,2,3,0
2023-09-02,North,61,2,6,8,4,0,0,7
2023-09-02,South,42,4,1,4,4,2,2,0
2023-09-02,East,63,5,3,4,0,5,3,7
2023-09-02,West,17,5,0,0,9,0,0,0
2023-09-02,Central,31,8,4,0,1,5,0,0
2023-09-03,North,54,0,6,5,4,1,1,6
2023-09-03,South,52,6,4,6,3,2,1,1
2023-09-03,East,58,7,2,4,0,5,2,5
2023-09-03,West,18,7,0,0,2,4,0,0
2023-09-03,Central,35,7,0,0,1,5,0,0
2023-09-04,North,63,0,3,11,3,0,0,10
2023-09-04,South,46,1,1,7,6,4,3,1
2023-09-04,East,50,4,3,1,0,5,2,4
2023-09-04,West,25,8,0,0,4,0,0,0
2023-09-04,Central,35,3,2,0,1,7,1,3
2023-09-05,North,53,0,5,5,4,0,2,6
2023-09-05,South,62,9,2,8,5,1,0,0
2023-09-05,East,49,4,5,4,1,4,2,3
2023-09-05,West,28,6,2,0,2,0,1,0
2023-09-05,Central,42,11,1,0,1,5,1,1
2023-09-06,North,41,0,4,7,5,0,0,4
2023-09-06,South,54,10,0,2,4,2,2,0
2023-09-06,East,39,9,1,1,4,5,1,3
2023-09-06,West,25,1,2,0,4,0,0,0
2023-09-06,Central,37,8,0,0,3,6,0,3
2023-09-07,North,42,0,4,9,4,2,1,7
2023-09-07,South,56,7,1,6,7,1,2,0
2023-09-07,East,53,3,2,3,2,6,4,2
2023-09-07,West,26,5,2,0,3,1,0,1
2023-09-07,Central,51,2,0,0,0,5,0,7
2023-09-08,North,44,0,2,8,9,0,0,12
2023-09-08,South,48,6,1,2,3,0,4,0
2023-09-08,East,47,4,1,4,2,6,2,2
2023-09-08,West,34,3,0,0,4,0,0,1
2023-09-08,Central,36,4,0,0,0,7,1,6
2023-09-09,North,52,5,1,6,7,0,0,6
2023-09-09,South,57,11,1,7,7,0,5,1
2023-09-09,East,45,3,6,3,0,5,2,3
2023-09-09,West,19,2,3,0,5,0,0,0
2023-09-09,Central,32,2,0,0,0,4,1,8
2023-09-10,North,56,1,5,12,6,1,0,4
2023-09-10,South,42,9,0,4,1,0,3,1
2023-09-10,East,34,2,2,2,0,7,4,1
2023-09-10,West,25,1,3,0,9,0,0,0
2023-09-10,Central,26,4,0,0,0,3,0,6
2023-09-11,North,59,1,3,7,3,1,0,2
2023-09-11,South,46,6,0,5,3,0,4,1
2023-09-11,East,45,1,1,1,0,5,4,0
2023-09-11,West,41,5,0,0,4,1,0,1
2023-09-11,Central,26,3,0,0,0,7,1,1
2023-09-12,North,41,0,1,6,4,3,0,13
2023-09-12,South,47,7,0,6,2,0,2,1
2023-09-12,East,38,1,0,3,1,3,4,3
2023-09-12,West,30,8,3,0,3,0,0,2
2023-09-12,Central,21,1,0,0,0,3,0,3
2023-09-13,North,37,0,4,4,2,1,0,7
2023-09-13,South,35,0,1,2,2,0,5,1
2023-09-13,East,33,3,0,4,2,7,4,3
2023-09-13,West,23,1,1,0,1,0,0,3
2023-09-13,Central,15,0,0,1,0,1,0,0
2023-09-14,North,17,0,3,4,3,0,1,8
2023-09-14,South,23,8,0,5,3,0,2,4
2023-09-14,East,30,0,0,6,0,1,5,0
2023-09-14,West,19,3,1,1,2,0,0,2
2023-09-14,Central,19,1,1,0,0,3,0,1
2023-09-15,North,34,0,1,7,3,0,0,2
2023-09-15,South,37,3,1,2,2,0,1,2
2023-09-15,East,42,0,0,6,1,3,2,1
2023-09-15,West,21,5,1,0,2,0,0,0
2023-09-15,Central,16,1,4,1,1,4,0,0
2023-09-16,North,28,0,0,7,4,0,1,3
2023-09-16,South,29,6,1,0,2,0,3,0
2023-09-16,East,33,0,0,12,0,4,4,2
2023-09-16,West,17,3,0,0,2,0,0,1
2023-09-16,Central,21,0,3,1,1,2,0,0
2023-09-17,North,29,0,0,5,1,1,1,7
2023-09-17,South,21,4,0,0,1,0,2,5
2023-09-17,East,32,0,0,11,0,3,3,6
2023-09-17,West,19,4,2,0,3,1,0,1
2023-09-17,Central,17,1,0,0,0,3,0,0
2023-09-18,North,41,0,0,6,1,1,1,10
2023-09-18,South,25,2,2,2,0,0,0,0
2023-09-18,East,30,0,0,5,0,3,3,5
2023-09-18,West,18,5,1,0,0,0,0,1
2023-09-18,Central,10,0,5,0,1,0,0,0
2023-09-19,North,29,0,1,8,1,0,1,9
2023-09-19,South,21,5,0,0,0,0,0,1
2023-09-19,East,23,1,0,3,0,0,0,5
2023-09-19,West,28,5,0,0,1,2,0,1
2023-09-19,Central,18,0,3,0,0,1,0,0
2023-09-20,North,31,1,0,10,1,2,2,6
2023-09-20,South,22,4,0,0,0,0,1,1
2023-09-20,East,23,2,1,2,0,3,0,1
2023-09-20,West,13,4,0,0,0,0,0,0
2023-09-20,Central,7,0,0,0,0,3,0,0
2023-09-21,North,21,0,0,6,0,3,3,9
2023-09-21,South,24,8,2,0,0,0,0,0
2023-09-21,East,31,0,0,2,0,7,1,5
2023-09-21,West,23,4,1,2,0,1,0,1
2023-09-21,Central,9,0,0,0,0,4,1,0
2023-09-22,North,31,0,2,5,1,2,2,8
2023-09-22,South,12,5,2,2,0,2,0,0
2023-09-22,East,33,2,0,7,0,4,2,8
2023-09-22,West,29,4,0,2,2,1,0,3
2023-09-22,Central,8,0,0,0,0,1,0,0
2023-09-23,North,30,1,0,4,1,0,0,8
2023-09-23,South,10,3,0,0,3,0,0,0
2023-09-23,East,21,0,1,0,0,4,2,5
2023-09-23,West,17,4,0,0,3,0,1,5
2023-09-23,Central,11,0,0,0,0,2,0,0
2023-09-24,North,35,0,0,3,3,0,2,16
2023-09-24,South,8,2,0,0,1,0,0,0
2023-09-24,East,32,0,0,1,0,3,1,1
2023-09-24,West,19,2,0,0,1,1,0,5
2023-09-24,Central,16,0,0,0,0,2,0,0
2023-09-25,North,37,0,0,2,0,1,2,8
2023-09-25,South,14,2,0,0,0,0,0,0
2023-09-25,East,21,0,0,0,0,4,0,3
2023-09-25,West,24,6,0,1,1,1,0,7
2023-09-25,Central,15,1,3,0,1,4,0,1
2023-09-26,North,35,0,0,2,1,2,2,13
2023-09-26,South,12,3,0,2,0,0,0,0
2023-09-26,East,36,1,0,2,0,5,0,3
2023-09-26,West,11,3,0,0,2,0,1,4
2023-09-26,Central,26,3,0,1,2,1,1,0
2023-09-27,North,29,0,0,1,0,0,0,9
2023-09-27,South,7,4,0,0,0,0,0,0
2023-09-27,East,27,0,0,0,0,5,0,5
2023-09-27,West,11,1,0,0,0,0,1,3
2023-09-27,Central,9,1,0,0,3,1,0,1
2023-09-28,North,32,0,0,9,0,0,1,14
2023-09-28,South,13,5,0,3,1,0,0,0
2023-09-28,East,18,0,0,1,0,4,0,3
2023-09-28,West,6,2,0,0,0,1,0,3
2023-09-28,Central,19,1,0,0,1,2,0,0
2023-09-29,North,23,0,1,8,0,0,3,18
2023-09-29,South,22,3,1,1,0,1,0,0
2023-09-29,East,30,0,5,0,0,3,0,1
2023-09-29,West,10,0,0,2,0,0,2,4
2023-09-29,Central,18,0,1,0,2,1,0,3
2023-09-30,North,34,3,0,9,0,0,5,17
2023-09-30,South,16,4,1,0,0,0,0,2
2023-09-30,East,37,2,1,0,0,3,0,4
2023-09-30,West,18,0,1,1,0,0,0,4
2023-09-30,Central,20,0,2,0,0,2,0,0
2023-10-01,North,45,0,0,4,1,0,2,17
2023-10-01,South,20,1,1,0,0,2,0,5
2023-10-01,East,33,3,0,2,1,5,0,7
2023-10-01,West,11,1,0,1,0,0,0,5
2023-10-01,Central,23,1,0,1,3,2,3,0
2023-10-02,North,27,0,0,5,0,0,1,9
2023-10-02,South,25,3,2,0,1,0,1,5
2023-10-02,East,27,0,0,0,0,8,1,8
2023-10-02,West,27,1,0,0,0,0,0,5
2023-10-02,Central,20,1,1,0,4,3,2,1
2023-10-03,North,34,0,0,2,1,0,2,12
2023-10-03,South,20,4,1,0,1,0,0,5
2023-10-03,East,34,2,0,2,0,2,0,8
2023-10-03,West,21,3,1,0,0,0,0,7
2023-10-03,Central,11,0,0,0,1,1,1,0
2023-10-04,North,36,0,0,3,0,0,1,15
2023-10-04,South,20,6,1,0,1,0,0,7
2023-10-04,East,29,1,0,3,1,8,0,1
2023-10-04,West,22,2,2,0,0,0,0,2
2023-10-04,Central,16,1,0,0,0,1,0,0
2023-10-05,North,31,0,0,1,1,0,2,12
2023-10-05,South,24,0,2,0,2,0,0,3
2023-10-05,East,24,2,0,0,0,4,0,4
2023-10-05,West,20,3,3,4,0,1,0,7
2023-10-05,Central,11,0,0,0,0,1,1,2
2023-10-06,North,29,0,2,0,0,0,0,15
2023-10-06,South,18,3,5,0,0,0,0,6
2023-10-06,East,32,0,1,5,2,6,0,5
2023-10-06,West,19,0,4,2,0,0,0,7
2023-10-06,Central,12,1,0,1,0,0,0,0
2023-10-07,North,29,0,0,5,2,1,4,9
2023-10-07,South,38,3,4,0,0,0,0,6
2023-10-07,East,33,0,0,0,1,4,0,8
2023-10-07,West,20,2,1,0,0,1,0,7
2023-10-07,Central,8,0,0,2,2,0,0,1
2023-10-08,North,35,0,1,2,3,0,1,9
2023-10-08,South,33,2,1,1,0,0,0,9
2023-10-08,East,31,2,2,0,3,2,0,3
2023-10-08,West,26,0,5,0,0,0,0,6
2023-10-08,Central,17,2,0,0,2,1,1,2
2023-10-09,North,21,0,1,8,1,0,1,7
2023-10-09,South,34,7,4,0,1,0,1,7
2023-10-09,East,40,2,0,1,0,6,1,5
2023-10-09,West,22,0,3,0,1,0,0,10
2023-10-09,Central,8,1,0,0,0,0,3,0
2023-10-10,North,32,0,0,3,2,0,0,9
2023-10-10,South,35,4,4,0,2,0,3,11
2023-10-10,East,35,0,2,4,2,3,0,10
2023-10-10,West,23,0,1,0,1,1,0,7
2023-10-10,Central,10,0,0,0,1,2,1,0
2023-10-11,North,26,0,0,2,1,0,0,9
2023-10-11,South,52,9,3,0,3,0,2,6
2023-10-11,East,26,0,0,0,0,4,0,7
2023-10-11,West,28,1,0,0,1,0,0,10
2023-10-11,Central,15,1,0,0,5,0,1,3
2023-10-12,North,26,0,0,6,4,0,0,10
2023-10-12,South,40,6,2,0,2,0,4,3
2023-10-12,East,36,3,0,0,1,4,3,11
2023-10-12,West,17,1,0,0,1,0,0,4
2023-10-12,Central,15,0,1,0,1,1,2,2
2023-10-13,North,26,0,1,1,4,0,0,6
2023-10-13,South,35,2,4,0,1,0,2,8
2023-10-13,East,35,0,1,0,2,1,0,11
2023-10-13,West,27,2,0,0,5,0,0,3
2023-10-13,Central,14,0,0,0,1,1,1,2
2023-10-14,North,20,0,1,6,2,0,0,9
2023-10-14,South,43,4,1,0,1,0,2,3
2023-10-14,East,39,0,0,0,0,5,1,7
2023-10-14,West,16,1,0,0,0,0,0,9
2023-10-14,Central,6,0,0,2,1,0,1,7
2023-10-15,North,24,0,2,3,4,0,2,5
2023-10-15,South,25,4,2,0,0,0,0,8
2023-10-15,East,47,0,0,0,0,5,3,13
2023-10-15,West,21,0,0,0,2,0,1,11
2023-10-15,Central,12,0,1,0,4,0,0,6
2023-10-16,North,17,1,7,4,0,1,0,2
2023-10-16,South,30,5,1,1,0,0,0,5
2023-10-16,East,28,0,0,0,0,5,1,11
2023-10-16,West,19,0,0,0,0,0,2,10
2023-10-16,Central,16,2,0,0,5,0,0,1
2023-10-17,North,20,0,5,1,0,2,0,1
2023-10-17,South,23,5,2,2,0,0,2,4
2023-10-17,East,30,2,0,0,0,4,3,6
2023-10-17,West,28,0,1,0,1,0,0,4
2023-10-17,Central,18,3,1,0,4,0,0,1
2023-10-18,North,32,0,2,3,0,0,3,0
2023-10-18,South,29,12,2,2,0,1,0,2
2023-10-18,East,38,0,0,0,0,0,0,7
2023-10-18,West,26,0,1,0,1,0,4,6
2023-10-18,Central,17,2,0,0,6,0,0,0
2023-10-19,North,22,0,1,1,0,0,0,3
2023-10-19,South,21,6,0,5,0,0,0,1
2023-10-19,East,26,1,0,1,0,0,3,8
2023-10-19,West,32,4,0,0,2,0,1,3
2023-10-19,Central,24,1,0,2,0,2,0,1
2023-10-20,North,11,0,1,1,2,0,0,0
2023-10-20,South,23,9,1,2,0,1,1,2
2023-10-20,East,26,1,0,0,0,6,2,2
2023-10-20,West,28,0,1,0,6,0,2,4
2023-10-20,Central,12,2,0,2,5,0,0,2
2023-10-21,North,11,3,0,2,1,0,3,2
2023-10-21,South,24,5,2,0,0,0,0,0
2023-10-21,East,39,1,0,0,0,5,2,4
2023-10-21,West,26,4,2,0,4,1,1,5
2023-10-21,Central,16,1,4,1,1,0,0,2
2023-10-22,North,24,0,0,3,4,0,0,1
2023-10-22,South,16,3,0,0,2,0,0,1
2023-10-22,East,36,1,2,6,0,3,5,6
2023-10-22,West,22,2,0,0,2,0,1,3
2023-10-22,Central,10,0,0,0,0,0,0,3
2023-10-23,North,19,1,0,6,2,0,0,0
2023-10-23,South,18,8,0,0,0,1,0,1
2023-10-23,East,37,6,0,1,4,3,2,4
2023-10-23,West,14,3,0,0,3,0,1,5
2023-10-23,Central,11,0,4,1,2,0,0,2
2023-10-24,North,19,2,1,7,1,0,1,0
2023-10-24,South,12,8,2,0,0,0,0,0
2023-10-24,East,21,1,0,5,2,1,4,10
2023-10-24,West,15,2,1,0,2,0,0,2
2023-10-24,Central,14,0,3,3,2,0,0,1
2023-10-25,North,25,1,0,9,1,0,0,0
2023-10-25,South,18,5,0,0,0,0,0,0
2023-10-25,East,31,0,0,3,2,0,1,11
2023-10-25,West,17,2,0,4,4,0,0,2
2023-10-25,Central,13,0,0,2,0,0,0,0
2023-10-26,North,17,6,1,2,1,0,0,1
2023-10-26,South,23,13,0,0,0,2,0,0
2023-10-26,East,29,0,1,3,2,2,1,10
2023-10-26,West,19,2,0,1,1,0,1,2
2023-10-26,Central,13,2,1,2,0,0,2,0
2023-10-27,North,19,6,0,1,1,2,0,0
2023-10-27,South,17,7,0,0,0,0,0,1
2023-10-27,East,34,0,0,1,0,2,1,7
2023-10-27,West,34,3,0,3,1,0,1,4
2023-10-27,Central,16,0,0,0,0,0,2,0
2023-10-28,North,12,0,0,3,0,0,0,0
2023-10-28,South,15,8,0,0,0,0,0,0
2023-10-28,East,23,0,0,2,0,1,2,7
2023-10-28,West,15,6,0,0,2,0,2,3
2023-10-28,Central,7,1,0,0,0,0,2,1
2023-10-29,North,13,2,3,1,1,0,0,0
2023-10-29,South,19,5,1,1,1,0,0,0
2023-10-29,East,27,0,0,1,0,2,4,9
2023-10-29,West,24,4,0,2,4,0,0,3
2023-10-29,Central,5,0,0,1,0,0,1,0
2023-10-30,North,17,2,0,0,0,0,0,0
2023-10-30,South,16,7,0,1,0,1,0,3
2023-10-30,East,37,0,0,0,0,0,1,2
2023-10-30,West,20,2,0,3,2,1,0,7
2023-10-30,Central,3,1,0,0,0,0,1,0
2023-10-31,North,11,4,0,4,0,0,0,0
2023-10-31,South,18,4,0,5,4,0,2,3
2023-10-31,East,25,0,0,0,0,1,2,4
2023-10-31,West,24,2,0,1,3,0,0,3
2023-10-31,Central,11,0,0,0,0,0,0,0
2023-11-01,North,18,3,0,1,1,0,0,1
2023-11-01,South,20,1,0,3,2,1,0,1
2023-11-01,East,25,1,1,0,0,0,1,7
2023-11-01,West,19,2,0,2,6,0,3,6
2023-11-01,Central,6,0,0,0,0,0,1,0
2023-11-02,North,19,2,0,8,5,0,0,0
2023-11-02,South,13,5,0,5,4,0,0,2
2023-11-02,East,26,0,2,0,0,4,4,7
2023-11-02,West,25,1,1,2,4,0,2,1
2023-11-02,Central,10,0,1,0,0,0,2,0
2023-11-03,North,22,0,0,7,2,2,1,0
2023-11-03,South,18,5,0,2,1,0,0,3
2023-11-03,East,27,1,0,0,0,1,1,4
2023-11-03,West,15,0,1,3,6,0,0,2
2023-11-03,Central,4,1,0,0,0,0,2,0
2023-11-04,North,19,0,0,5,2,1,0,1
2023-11-04,South,31,1,0,1,4,1,0,2
2023-11-04,East,32,3,0,0,0,1,1,8
2023-11-04,West,19,0,1,5,5,0,0,1
2023-11-04,Central,3,2,3,0,0,0,2,0
2023-11-05,North,14,0,0,7,1,2,0,0
2023-11-05,South,20,6,0,1,5,0,0,5
2023-11-05,East,23,0,0,0,0,2,3,4
2023-11-05,West,16,1,0,3,4,0,0,0
2023-11-05,Central,4,1,0,0,0,0,0,0
2023-11-06,North,18,0,0,4,2,1,1,1
2023-11-06,South,28,6,0,0,4,0,0,6
2023-11-06,East,25,0,0,3,0,1,1,5
2023-11-06,West,11,1,0,2,1,0,0,0
2023-11-06,Central,13,4,0,2,0,0,0,1
2023-11-07,North,22,0,0,1,1,0,2,3
2023-11-07,South,17,1,0,2,3,0,0,4
2023-11-07,East,24,0,0,1,0,4,1,2
2023-11-07,West,13,0,0,0,1,0,0,0
2023-11-07,Central,12,1,1,3,0,0,0,3
2023-11-08,North,17,1,0,7,0,0,2,0
2023-11-08,South,17,0,1,0,2,0,0,2
2023-11-08,East,25,0,1,0,1,3,1,3
2023-11-08,West,9,2,0,0,2,1,0,0
2023-11-08,Central,20,0,2,2,0,0,0,1
2023-11-09,North,15,2,0,0,2,0,0,0
2023-11-09,South,19,1,0,1,5,0,0,1
2023-11-09,East,19,0,0,0,0,3,0,3
2023-11-09,West,6,0,0,0,3,0,0,1
2023-11-09,Central,13,0,0,2,0,0,0,2
2023-11-10,North,14,3,0,5,6,0,0,0
2023-11-10,South,24,0,0,0,3,0,0,0
2023-11-10,East,17,0,0,0,0,1,0,1
2023-11-10,West,12,0,1,3,2,0,0,2
2023-11-10,Central,16,2,0,2,0,0,0,3
2023-11-11,North,32,7,1,4,4,0,0,0
2023-11-11,South,21,2,2,2,0,0,0,0
2023-11-11,East,19,0,0,0,0,6,0,2
2023-11-11,West,22,0,0,3,2,0,0,0
2023-11-11,Central,17,4,3,3,0,0,0,2
2023-11-12,North,27,2,0,6,2,0,0,0
2023-11-12,South,11,0,0,0,5,1,0,0
2023-11-12,East,13,0,0,0,2,5,0,1
2023-11-12,West,19,2,0,6,0,0,0,0
2023-11-12,Central,14,2,0,1,1,0,0,0
2023-11-13,North,41,3,0,4,3,0,0,0
2023-11-13,South,15,0,3,0,7,0,0,0
2023-11-13,East,16,0,0,1,1,7,0,0
2023-11-13,West,19,1,0,4,1,0,0,1
2023-11-13,Central,10,0,0,1,2,0,1,0
2023-11-14,North,23,4,0,5,3,0,1,0
2023-11-14,South,19,0,2,3,3,0,0,0
2023-11-14,East,18,0,0,3,0,4,1,1
2023-11-14,West,17,0,0,6,3,1,0,0
2023-11-14,Central,2,0,0,0,0,0,0,0
2023-11-15,North,32,0,0,4,3,0,0,0
2023-11-15,South,31,0,3,4,2,0,0,0
2023-11-15,East,23,0,0,1,0,2,1,0
2023-11-15,West,12,0,0,2,3,0,1,0
2023-11-15,Central,2,0,0,0,0,2,0,3
2023-11-16,North,26,1,1,3,2,0,0,0
2023-11-16,South,17,0,7,1,2,0,0,2
2023-11-16,East,19,0,1,0,0,5,0,0
2023-11-16,West,21,0,0,1,6,1,0,1
2023-11-16,Central,8,0,0,0,0,3,0,1
2023-11-17,North,24,2,0,6,3,0,0,0
2023-11-17,South,19,0,6,0,1,1,0,4
2023-11-17,East,22,0,4,0,0,1,0,0
2023-11-17,West,24,2,0,0,6,0,1,1
2023-11-17,Central,14,0,0,1,0,1,0,0
2023-11-18,North,17,2,0,2,5,1,0,0
2023-11-18,South,25,0,6,3,0,2,0,2
2023-11-18,East,22,0,1,0,1,6,2,0
2023-11-18,West,22,0,1,1,7,0,0,0
2023-11-18,Central,8,0,0,1,0,1,0,0
2023-11-19,North,21,1,0,0,3,0,0,0
2023-11-19,South,12,0,3,0,0,0,0,0
2023-11-19,East,17,0,1,0,2,0,2,0
2023-11-19,West,27,2,1,1,9,0,1,5
2023-11-19,Central,17,1,0,1,0,2,0,0
2023-11-20,North,19,4,1,0,5,0,0,3
2023-11-20,South,27,2,5,0,4,0,0,0
2023-11-20,East,18,0,1,0,2,1,1,0
2023-11-20,West,21,0,0,0,6,0,1,1
2023-11-20,Central,26,2,0,3,0,2,1,1
2023-11-21,North,28,1,0,0,4,1,2,0
2023-11-21,South,29,6,5,3,0,0,0,4
2023-11-21,East,19,0,1,1,1,1,1,0
2023-11-21,West,27,0,3,2,5,0,1,3
2023-11-21,Central,28,2,1,2,0,2,0,3
2023-11-22,North,26,2,1,0,9,0,0,3
2023-11-22,South,30,7,3,0,0,2,0,0
2023-11-22,East,12,0,0,0,0,0,0,2
2023-11-22,West,25,0,2,0,3,0,0,3
2023-11-22,Central,11,2,2,0,1,2,0,0
2023-11-23,North,31,1,2,4,5,0,0,5
2023-11-23,South,24,3,4,3,0,0,0,3
2023-11-23,East,10,0,0,0,2,1,1,0
2023-11-23,West,19,0,0,2,2,0,0,0
2023-11-23,Central,11,2,1,0,2,1,0,1
2023-11-24,North,16,1,0,0,2,0,0,3
2023-11-24,South,27,5,4,1,0,0,0,9
2023-11-24,East,14,0,1,2,0,1,1,4
2023-11-24,West,19,0,0,0,4,1,0,2
2023-11-24,Central,11,5,0,0,0,1,0,4
2023-11-25,North,40,2,0,0,8,0,0,7
2023-11-25,South,25,3,3,0,0,1,0,3
2023-11-25,East,19,0,4,1,1,0,1,2
2023-11-25,West,20,0,0,0,3,0,0,2
2023-11-25,Central,15,2,1,3,0,0,0,0
2023-11-26,North,45,3,4,0,6,0,0,9
2023-11-26,South,41,5,2,0,0,1,0,5
2023-11-26,East,21,0,1,3,1,1,0,0
2023-11-26,West,12,2,2,0,5,0,0,0
2023-11-26,Central,31,3,0,5,0,2,0,3
2023-11-27,North,41,6,0,0,9,0,0,10
2023-11-27,South,30,6,3,0,0,0,3,11
2023-11-27,East,10,0,2,3,1,2,1,0
2023-11-27,West,10,1,0,0,3,0,0,0
2023-11-27,Central,26,2,0,3,0,3,0,0
2023-11-28,North,45,4,1,0,5,1,0,7
2023-11-28,South,18,3,0,0,0,0,0,3
2023-11-28,East,11,0,0,0,0,4,0,0
2023-11-28,West,13,0,0,0,4,2,0,3
2023-11-28,Central,18,1,0,4,0,4,0,0
2023-11-29,North,34,3,0,0,4,0,1,4
2023-11-29,South,19,3,3,2,0,0,1,3
2023-11-29,East,14,0,1,1,3,3,0,0
2023-11-29,West,12,0,0,0,6,0,0,5
2023-11-29,Central,30,0,2,3,0,3,1,3
2023-11-30,North,42,3,0,0,10,3,2,5
2023-11-30,South,27,2,3,1,0,1,2,5
2023-11-30,East,8,0,2,0,0,3,1,0
2023-11-30,West,12,1,0,0,3,0,0,0
2023-11-30,Central,29,0,4,2,0,1,0,0
2023-12-01,North,38,3,0,0,11,0,1,7
2023-12-01,South,26,3,1,1,0,1,1,4
2023-12-01,East,9,0,0,0,1,2,0,1
2023-12-01,West,25,0,0,0,5,1,0,3
2023-12-01,Central,26,0,2,8,1,2,0,0
2023-12-02,North,45,1,0,0,8,0,4,12
2023-12-02,South,37,4,6,1,0,0,1,4
2023-12-02,East,4,1,0,0,0,1,0,0
2023-12-02,West,19,0,0,1,6,1,0,5
2023-12-02,Central,32,2,4,8,0,3,1,0
2023-12-03,North,50,3,2,0,9,0,3,12
2023-12-03,South,31,4,2,1,2,0,0,4
2023-12-03,East,12,1,0,0,0,2,0,2
2023-12-03,West,18,0,0,0,4,0,0,10
2023-12-03,Central,24,1,5,4,0,4,0,0
2023-12-04,North,43,6,4,0,5,0,2,13
2023-12-04,South,35,3,8,0,0,0,0,8
2023-12-04,East,16,0,0,0,0,2,0,3
2023-12-04,West,22,0,0,1,7,4,0,11
2023-12-04,Central,37,0,3,5,1,3,0,0
2023-12-05,North,48,2,1,0,7,0,2,3
2023-12-05,South,43,2,2,1,0,0,2,2
2023-12-05,East,17,0,1,0,0,2,3,1
2023-12-05,West,24,1,0,1,1,1,0,2
2023-12-05,Central,30,0,5,12,0,1,0,0
2023-12-06,North,31,4,1,0,5,0,0,5
2023-12-06,South,25,8,3,1,0,0,1,2
2023-12-06,East,18,0,0,0,0,2,0,4
2023-12-06,West,17,2,0,0,4,0,0,10
2023-12-06,Central,31,1,5,5,0,1,0,0
2023-12-07,North,35,2,2,0,6,0,2,4
2023-12-07,South,25,10,5,1,1,0,1,2
2023-12-07,East,25,0,0,0,1,3,0,3
2023-12-07,West,15,0,0,0,2,0,0,9
2023-12-07,Central,27,0,2,7,0,2,0,0
2023-12-08,North,32,5,5,1,7,0,1,6
2023-12-08,South,32,4,4,0,3,0,0,2
2023-12-08,East,14,0,1,0,1,1,1,5
2023-12-08,West,14,0,0,0,5,0,0,5
2023-12-08,Central,26,0,2,10,0,1,0,0
2023-12-09,North,21,6,4,0,5,0,0,5
2023-12-09,South,27,1,2,4,1,0,0,1
2023-12-09,East,16,0,1,0,1,2,0,6
2023-12-09,West,24,0,0,0,1,0,0,11
2023-12-09,Central,26,0,3,4,0,0,0,0
2023-12-10,North,32,7,1,0,6,0,0,3
2023-12-10,South,22,6,1,3,0,0,0,5
2023-12-10,East,21,3,1,0,2,4,0,3
2023-12-10,West,28,3,1,0,6,0,0,7
2023-12-10,Central,30,0,1,2,0,0,0,2
2023-12-11,North,34,6,1,0,7,0,0,1
2023-12-11,South,38,7,2,1,0,0,0,6
2023-12-11,East,32,5,0,0,0,3,0,5
2023-12-11,West,31,3,0,2,9,0,0,5
2023-12-11,Central,17,0,2,5,0,0,0,3
2023-12-12,North,42,5,3,1,3,0,0,1
2023-12-12,South,18,2,1,0,0,1,0,1
2023-12-12,East,29,3,0,0,1,0,0,2
2023-12-12,West,38,5,0,2,2,0,1,10
2023-12-12,Central,24,1,3,9,0,0,0,5
2023-12-13,North,36,6,8,0,2,0,0,5
2023-12-13,South,24,3,1,0,0,1,0,0
2023-12-13,East,24,1,0,1,0,3,1,2
2023-12-13,West,38,1,0,3,1,1,1,8
2023-12-13,Central,37,0,3,8,1,0,0,7
2023-12-14,North,34,5,3,1,5,1,0,3
2023-12-14,South,24,1,4,2,2,0,0,8
2023-12-14,East,32,4,4,0,0,3,0,5
2023-12-14,West,36,2,0,4,6,0,0,5
2023-12-14,Central,36,1,7,9,0,0,0,6
2023-12-15,North,34,3,2,0,0,0,0,5
2023-12-15,South,17,1,0,4,1,1,0,7
2023-12-15,East,27,4,0,0,0,5,2,3
2023-12-15,West,35,5,0,3,3,0,0,4
2023-12-15,Central,46,1,6,12,1,1,1,7
2023-12-16,North,38,5,3,0,4,2,1,2
2023-12-16,South,31,0,1,2,1,4,0,5
2023-12-16,East,17,3,0,0,0,5,1,8
2023-12-16,West,42,4,2,3,3,0,2,3
2023-12-16,Central,34,2,6,11,0,0,0,6
2023-12-17,North,52,4,4,0,3,3,0,4
2023-12-17,South,36,0,4,4,0,0,0,9
2023-12-17,East,25,3,0,0,0,4,0,1
2023-12-17,West,46,2,0,4,3,1,4,7
2023-12-17,Central,49,4,6,11,2,0,0,6
2023-12-18,North,36,5,2,0,8,4,0,1
2023-12-18,South,24,1,2,8,0,3,0,5
2023-12-18,East,30,1,0,0,0,5,0,7
2023-12-18,West,49,7,0,10,5,1,5,2
2023-12-18,Central,32,3,4,6,1,0,0,2
2023-12-19,North,37,10,4,0,8,0,0,2
2023-12-19,South,38,1,1,4,0,1,0,11
2023-12-19,East,24,1,0,0,0,2,0,2
2023-12-19,West,58,3,3,9,6,0,1,3
2023-12-19,Central,47,0,3,5,0,0,0,2
2023-12-20,North,39,5,0,0,3,1,1,2
2023-12-20,South,30,3,3,7,0,2,0,16
2023-12-20,East,23,2,1,0,0,2,0,7
2023-12-20,West,66,6,6,3,5,0,7,7
2023-12-20,Central,32,1,5,7,0,0,0,4
2023-12-21,North,41,6,3,1,5,3,2,1
2023-12-21,South,25,3,2,6,0,0,0,9
2023-12-21,East,31,4,0,0,3,3,0,2
2023-12-21,West,68,7,2,8,5,0,6,5
2023-12-21,Central,21,3,6,8,0,0,0,4
2023-12-22,North,41,5,0,0,3,1,2,3
2023-12-22,South,37,1,2,3,0,4,2,14
2023-12-22,East,23,1,0,0,1,1,0,6
2023-12-22,West,72,6,3,10,9,1,1,2
2023-12-22,Central,41,3,2,13,0,0,0,2
2023-12-23,North,51,2,4,2,1,3,3,7
2023-12-23,South,36,0,1,0,0,3,1,16
2023-12-23,East,32,3,0,7,1,1,0,5
2023-12-23,West,64,1,4,10,4,2,3,3
2023-12-23,Central,36,4,2,5,0,0,1,2
2023-12-24,North,49,5,1,0,6,3,0,8
2023-12-24,South,31,0,6,0,0,3,1,5
2023-12-24,East,46,3,0,3,4,0,0,5
2023-12-24,West,63,6,0,7,2,2,9,2
2023-12-24,Central,42,4,3,4,1,2,0,1
2023-12-25,North,52,3,2,0,8,1,0,6
2023-12-25,South,28,0,1,0,0,4,0,9
2023-12-25,East,20,7,0,7,2,1,0,1
2023-12-25,West,60,4,3,10,4,2,4,2
2023-12-25,Central,33,4,4,6,0,3,0,0
2023-12-26,North,44,3,7,0,6,3,0,6
2023-12-26,South,38,0,1,2,0,3,0,9
2023-12-26,East,27,3,0,8,0,0,1,1
2023-12-26,West,65,1,4,10,3,1,11,1
2023-12-26,Central,34,2,6,11,0,1,0,0
2023-12-27,North,52,6,5,0,5,4,2,4
2023-12-27,South,39,0,2,2,0,7,0,14
2023-12-27,East,35,3,1,7,1,0,0,0
2023-12-27,West,67,3,1,11,3,4,4,2
2023-12-27,Central,32,4,5,7,0,0,0,0
2023-12-28,North,49,2,8,0,6,2,4,4
2023-12-28,South,50,1,0,1,0,6,0,15
2023-12-28,East,36,6,0,4,0,0,1,0
2023-12-28,West,64,11,1,10,5,3,10,9
2023-12-28,Central,40,5,4,10,0,2,2,1
2023-12-29,North,53,8,3,0,2,2,3,5
2023-12-29,South,43,2,0,2,0,4,0,8
2023-12-29,East,25,7,0,7,2,0,1,0
2023-12-29,West,85,6,0,10,5,3,7,5
2023-12-29,Central,48,0,3,6,0,0,1,0
2023-12-30,North,54,3,6,0,1,4,5,4
2023-12-30,South,42,0,0,4,0,6,1,9
2023-12-30,East,16,0,0,3,2,0,1,0
2023-12-30,West,67,3,1,10,9,2,12,0
2023-12-30,Central,33,0,3,15,0,2,0,2
2023-12-31,North,54,8,2,0,2,6,2,3
2023-12-31,South,50,0,1,4,0,3,0,15
2023-12-31,East,23,2,0,7,1,0,2,0
2023-12-31,West,74,2,1,9,9,0,6,1
2023-12-31,Central,40,2,2,11,3,0,0,0
2024-01-01,North,68,4,1,3,8,2,4,4
2024-01-01,South,48,0,0,1,0,2,2,16
2024-01-01,East,17,3,0,5,1,0,2,0
2024-01-01,West,66,4,0,15,11,5,10,2
2024-01-01,Central,39,2,8,8,1,0,0,0
2024-01-02,North,59,4,2,0,3,3,5,3
2024-01-02,South,40,0,0,3,0,5,1,9
2024-01-02,East,29,2,0,4,5,0,1,2
2024-01-02,West,71,3,0,7,2,0,6,3
2024-01-02,Central,38,5,3,11,3,0,0,0
2024-01-03,North,70,1,1,0,2,2,3,10
2024-01-03,South,24,0,0,1,0,5,0,9
2024-01-03,East,35,3,0,6,0,1,5,1
2024-01-03,West,66,3,0,8,14,4,5,1
2024-01-03,Central,45,1,8,10,3,0,0,0
2024-01-04,North,43,0,1,0,4,2,5,5
2024-01-04,South,33,1,1,0,1,5,0,12
2024-01-04,East,34,5,1,3,1,0,2,3
2024-01-04,West,79,2,0,9,11,1,7,6
2024-01-04,Central,49,4,3,14,4,1,0,1
2024-01-05,North,33,0,0,0,2,3,3,9
2024-01-05,South,37,5,0,2,0,2,0,10
2024-01-05,East,35,9,1,3,0,0,1,4
2024-01-05,West,62,6,0,12,5,1,9,7
2024-01-05,Central,51,3,10,11,3,0,0,3
2024-01-06,North,33,0,0,0,1,0,2,6
2024-01-06,South,58,4,1,2,0,1,0,13
2024-01-06,East,41,6,2,4,0,1,2,3
2024-01-06,West,44,1,0,8,3,2,7,5
2024-01-06,Central,52,3,7,13,6,0,1,6
2024-01-07,North,36,0,2,0,0,3,4,8
2024-01-07,South,44,4,3,0,0,0,0,18
2024-01-07,East,32,5,2,5,1,0,2,3
2024-01-07,West,46,2,0,14,12,0,5,3
2024-01-07,Central,59,6,5,13,4,0,0,2
2024-01-08,North,39,2,2,2,1,1,2,10
2024-01-08,South,44,5,5,0,0,0,1,12
2024-01-08,East,36,0,8,1,1,0,6,2
2024-01-08,West,66,2,0,13,2,1,5,8
2024-01-08,Central,49,4,11,5,2,0,0,2
2024-01-09,North,55,4,6,0,1,1,8,5
2024-01-09,South,63,5,1,0,0,6,5,13
2024-01-09,East,33,4,2,5,1,1,5,0
2024-01-09,West,70,2,0,16,5,0,3,4
2024-01-09,Central,53,4,2,12,1,0,0,5
2024-01-10,North,47,2,3,0,1,1,3,8
2024-01-10,South,54,5,5,0,0,1,2,20
2024-01-10,East,38,0,5,5,3,1,1,0
2024-01-10,West,59,0,0,9,9,1,3,4
2024-01-10,Central,57,1,2,2,4,0,0,3
2024-01-11,North,48,3,3,1,4,0,8,4
2024-01-11,South,52,2,6,0,0,2,1,7
2024-01-11,East,46,3,7,3,1,2,2,0
2024-01-11,West,40,0,0,10,5,0,5,4
2024-01-11,Central,45,1,7,17,4,0,0,8
2024-01-12,North,46,3,0,0,1,0,3,15
2024-01-12,South,61,3,3,0,0,4,1,15
2024-01-12,East,32,2,6,7,2,1,0,2
2024-01-12,West,35,0,0,14,2,0,8,4
2024-01-12,Central,34,1,4,9,2,0,0,4
2024-01-13,North,47,1,3,0,3,0,1,9
2024-01-13,South,45,1,1,0,2,0,0,15
2024-01-13,East,28,4,3,4,0,1,6,5
2024-01-13,West,42,0,0,12,15,0,1,3
2024-01-13,Central,44,2,6,6,0,1,0,10
2024-01-14,North,52,0,4,2,5,0,5,9
2024-01-14,South,53,1,1,2,0,3,1,16
2024-01-14,East,39,3,1,4,0,3,4,0
2024-01-14,West,50,1,1,14,5,0,6,4
2024-01-14,Central,54,4,0,14,1,0,0,7
2024-01-15,North,42,0,6,2,5,0,5,14
2024-01-15,South,58,2,1,2,0,8,0,18
2024-01-15,East,49,2,3,3,0,0,1,4
2024-01-15,West,42,1,2,9,11,0,1,10
2024-01-15,Central,50,1,3,4,2,1,0,7
2024-01-16,North,45,0,3,0,5,2,5,18
2024-01-16,South,55,2,3,1,0,5,3,21
2024-01-16,East,54,4,10,4,0,0,5,2
2024-01-16,West,40,1,0,6,8,0,0,8
2024-01-16,Central,57,1,2,8,1,1,0,8
2024-01-17,North,61,0,1,0,7,0,11,14
2024-01-17,South,67,2,1,2,0,5,1,16
2024-01-17,East,38,5,7,3,0,1,2,3
2024-01-17,West,42,0,1,2,7,0,2,9
2024-01-17,Central,54,1,4,16,1,0,0,2
2024-01-18,North,56,0,0,0,9,0,2,16
2024-01-18,South,43,6,4,4,0,5,1,11
2024-01-18,East,41,1,4,3,0,0,4,1
2024-01-18,West,41,0,1,4,6,0,0,7
2024-01-18,Central,47,1,2,18,1,1,0,4
2024-01-19,North,61,1,0,0,8,2,3,10
2024-01-19,South,48,2,1,5,0,6,1,13
2024-01-19,East,54,1,9,5,0,1,3,5
2024-01-19,West,38,0,3,6,5,0,0,9
2024-01-19,Central,47,2,3,15,4,1,0,6
2024-01-20,North,50,0,0,0,5,1,2,10
2024-01-20,South,47,9,4,7,0,2,1,9
2024-01-20,East,43,3,6,2,3,0,1,8
2024-01-20,West,37,2,1,15,2,0,0,10
2024-01-20,Central,51,0,1,10,2,0,0,5
2024-01-21,North,46,0,0,2,7,2,6,14
2024-01-21,South,60,2,1,3,1,7,3,9
2024-01-21,East,58,6,3,5,0,0,2,9
2024-01-21,West,31,1,2,5,4,1,0,6
2024-01-21,Central,48,0,6,17,7,3,0,7
2024-01-22,North,53,0,0,0,4,3,1,13
2024-01-22,South,54,4,0,7,1,4,3,6
2024-01-22,East,41,2,10,1,1,0,5,5
2024-01-22,West,45,0,0,5,4,0,0,4
2024-01-22,Central,64,0,6,13,5,3,0,6
2024-01-23,North,63,2,0,0,6,4,2,12
2024-01-23,South,54,6,3,4,2,4,1,7
2024-01-23,East,40,6,4,7,0,0,2,5
2024-01-23,West,35,2,0,11,2,0,0,12
2024-01-23,Central,55,0,7,8,5,2,0,4
2024-01-24,North,61,3,3,0,13,4,4,12
2024-01-24,South,60,4,2,5,2,7,2,11
2024-01-24,East,54,4,9,7,0,0,4,3
2024-01-24,West,40,0,3,11,4,1,0,6
2024-01-24,Central,59,0,0,10,5,2,1,7
2024-01-25,North,57,7,6,0,11,4,0,14
2024-01-25,South,76,4,4,7,0,3,4,9
2024-01-25,East,59,0,10,5,1,1,3,5
2024-01-25,West,38,0,6,8,5,1,0,10
2024-01-25,Central,68,2,0,13,7,2,0,11
2024-01-26,North,68,0,3,0,11,6,4,19
2024-01-26,South,69,0,2,12,0,4,4,8
2024-01-26,East,48,1,10,1,0,2,3,6
2024-01-26,West,37,0,2,8,3,1,1,2
2024-01-26,Central,51,1,1,13,2,4,0,9
2024-01-27,North,73,0,3,0,8,5,2,15
2024-01-27,South,70,8,3,9,0,7,2,13
2024-01-27,East,60,5,16,1,2,1,3,5
2024-01-27,West,46,0,1,14,4,0,1,5
2024-01-27,Central,45,0,1,10,1,2,1,4
2024-01-28,North,68,0,4,0,4,11,3,13
2024-01-28,South,80,1,5,10,2,4,5,7
2024-01-28,East,67,4,3,1,0,2,4,12
2024-01-28,West,56,0,1,9,3,2,1,14
2024-01-28,Central,59,2,2,11,6,3,4,5
2024-01-29,North,88,0,8,0,9,7,3,18
2024-01-29,South,87,7,6,8,1,12,5,7
2024-01-29,East,67,9,11,1,0,1,4,4
2024-01-29,West,33,1,0,12,3,2,1,7
2024-01-29,Central,68,4,1,9,8,5,3,6
2024-01-30,North,81,2,11,1,6,5,5,13
2024-01-30,South,90,2,1,9,2,3,8,8
2024-01-30,East,65,4,17,2,1,0,4,7
2024-01-30,West,41,1,0,7,9,1,0,11
2024-01-30,Central,82,1,1,16,8,2,9,5
2024-01-31,North,62,0,4,0,4,4,3,12
2024-01-31,South,89,6,6,14,1,11,5,14
2024-01-31,East,56,9,9,2,0,0,6,3
2024-01-31,West,46,4,0,9,5,3,2,6
2024-01-31,Central,65,5,0,7,5,3,0,7
2024-02-01,North,79,1,6,5,6,2,2,10
2024-02-01,South,112,6,1,15,4,8,8,11
2024-02-01,East,61,10,7,1,0,0,3,5
2024-02-01,West,50,2,1,14,8,1,0,8
2024-02-01,Central,66,0,0,15,1,2,1,8
2024-02-02,North,78,0,6,1,8,1,2,14
2024-02-02,South,106,5,1,12,1,4,5,16
2024-02-02,East,65,10,6,5,0,1,5,5
2024-02-02,West,58,3,1,16,3,3,2,9
2024-02-02,Central,57,0,0,5,2,0,1,8
2024-02-03,North,67,0,9,2,9,8,0,8
2024-02-03,South,96,6,4,13,6,3,7,13
2024-02-03,East,53,11,2,2,0,1,3,1
2024-02-03,West,52,5,1,11,6,0,0,5
2024-02-03,Central,46,0,0,5,4,3,2,8
2024-02-04,North,62,0,4,3,6,3,1,9
2024-02-04,South,112,8,8,14,4,2,2,7
2024-02-04,East,59,5,3,2,4,0,4,2
2024-02-04,West,54,8,0,9,1,3,0,13
2024-02-04,Central,34,0,0,8,1,4,4,7
2024-02-05,North,76,0,4,2,10,5,6,7
2024-02-05,South,92,9,5,10,3,4,10,9
2024-02-05,East,74,11,8,8,0,0,5,12
2024-02-05,West,46,3,3,8,1,2,0,11
2024-02-05,Central,47,0,0,12,0,6,1,7
2024-02-06,North,66,0,12,1,8,6,2,9
2024-02-06,South,92,5,5,6,3,0,9,5
2024-02-06,East,85,11,8,4,0,2,5,9
2024-02-06,West,46,1,1,6,1,1,1,16
2024-02-06,Central,54,0,0,4,1,2,8,15
2024-02-07,North,82,1,5,1,9,2,5,13
2024-02-07,South,100,9,6,11,1,2,4,14
2024-02-07,East,75,7,8,3,0,1,3,2
2024-02-07,West,47,7,0,11,0,3,0,11
2024-02-07,Central,52,1,0,4,0,3,3,9
2024-02-08,North,80,1,6,4,8,1,0,7
2024-02-08,South,98,9,5,14,2,3,2,23
2024-02-08,East,71,6,11,7,0,0,3,13
2024-02-08,West,54,3,2,10,0,1,0,10
2024-02-08,Central,56,0,0,7,3,4,3,15
2024-02-09,North,82,2,10,7,8,2,6,17
2024-02-09,South,100,9,6,20,6,4,3,14
2024-02-09,East,51,6,7,3,0,2,0,5
2024-02-09,West,53,1,1,10,0,2,0,8
2024-02-09,Central,69,0,0,5,1,4,4,9
2024-02-10,North,89,0,8,4,4,5,4,15
2024-02-10,South,117,4,9,12,2,7,3,19
2024-02-10,East,76,10,11,7,1,0,8,3
2024-02-10,West,43,6,1,6,0,1,1,11
2024-02-10,Central,56,0,0,8,6,6,2,13
2024-02-11,North,94,5,5,4,10,1,1,10
2024-02-11,South,92,6,9,12,1,6,2,17
2024-02-11,East,76,7,5,6,1,0,5,5
2024-02-11,West,50,9,0,8,0,2,2,4
2024-02-11,Central,64,0,0,3,1,1,4,20
2024-02-12,North,91,4,6,9,5,2,8,9
2024-02-12,South,96,5,7,14,3,1,3,15
2024-02-12,East,95,9,3,7,2,1,3,9
2024-02-12,West,42,6,0,7,1,0,0,17
2024-02-12,Central,42,0,0,7,1,7,3,7
2024-02-13,North,87,3,9,8,5,2,8,11
2024-02-13,South,104,9,10,15,0,4,11,13
2024-02-13,East,106,6,5,5,0,2,6,10
2024-02-13,West,54,6,0,3,4,0,0,11
2024-02-13,Central,77,0,0,7,6,4,3,16
2024-02-14,North,97,4,6,6,7,3,9,14
2024-02-14,South,111,5,17,14,3,3,9,11
2024-02-14,East,86,12,9,6,1,1,8,16
2024-02-14,West,58,9,1,9,5,1,0,9
2024-02-14,Central,80,0,0,5,0,4,6,4
2024-02-15,North,98,5,9,11,15,3,7,10
2024-02-15,South,104,4,7,11,1,4,3,11
2024-02-15,East,73,8,8,9,0,2,8,10
2024-02-15,West,67,6,5,17,3,2,0,5
2024-02-15,Central,61,2,1,8,6,7,1,9
2024-02-16,North,99,3,7,6,5,4,4,10
2024-02-16,South,108,4,6,9,1,5,2,11
2024-02-16,East,92,11,8,6,2,3,4,6
2024-02-16,West,62,7,0,15,4,1,0,9
2024-02-16,Central,68,2,0,9,8,6,4,6
2024-02-17,North,120,4,6,3,3,4,12,10
2024-02-17,South,106,8,12,14,0,4,1,16
2024-02-17,East,86,10,5,4,0,9,2,14
2024-02-17,West,75,5,1,16,2,1,1,13
2024-02-17,Central,68,1,0,1,5,4,2,14
2024-02-18,North,115,3,2,3,5,2,10,13
2024-02-18,South,104,11,15,13,1,2,1,11
2024-02-18,East,87,6,10,8,0,4,2,18
2024-02-18,West,65,6,2,19,2,0,0,14
2024-02-18,Central,90,3,0,5,7,4,4,7
2024-02-19,North,126,5,7,6,4,6,9,18
2024-02-19,South,85,11,15,6,0,2,1,16
2024-02-19,East,90,7,10,6,0,2,2,12
2024-02-19,West,59,11,3,11,2,5,0,11
2024-02-19,Central,72,2,0,5,5,3,0,8
2024-02-20,North,121,4,9,7,6,5,7,18
2024-02-20,South,94,16,5,6,1,9,3,13
2024-02-20,East,80,10,8,11,2,9,4,8
2024-02-20,West,69,3,1,9,4,2,0,15
2024-02-20,Central,73,6,0,6,7,1,1,6
2024-02-21,North,119,2,11,5,7,4,9,14
2024-02-21,South,84,9,8,16,0,2,7,6
2024-02-21,East,75,12,8,4,1,0,1,12
2024-02-21,West,60,6,2,9,3,2,0,9
2024-02-21,Central,85,8,0,13,10,3,2,10
2024-02-22,North,109,5,10,6,9,3,8,14
2024-02-22,South,104,6,3,8,0,3,5,11
2024-02-22,East,85,13,5,9,0,2,2,11
2024-02-22,West,61,5,2,11,1,1,0,8
2024-02-22,Central,75,2,0,13,6,5,7,9
2024-02-23,North,140,4,5,8,7,3,5,14
2024-02-23,South,102,10,7,3,0,7,3,19
2024-02-23,East,75,16,7,5,0,4,1,13
2024-02-23,West,72,3,3,8,1,2,0,12
2024-02-23,Central,72,6,0,5,14,2,1,8
2024-02-24,North,128,4,8,8,6,3,3,18
2024-02-24,South,97,15,6,14,0,3,6,10
2024-02-24,East,79,10,6,5,0,3,0,15
2024-02-24,West,64,8,3,9,4,1,0,13
2024-02-24,Central,86,4,0,7,8,5,3,4
2024-02-25,North,128,6,12,9,10,8,3,13
2024-02-25,South,91,12,8,8,0,1,6,13
2024-02-25,East,90,10,2,10,0,7,2,9
2024-02-25,West,66,14,1,13,2,3,0,14
2024-02-25,Central,72,6,1,4,7,4,6,9
2024-02-26,North,129,7,9,5,5,4,4,16
2024-02-26,South,87,5,17,4,1,4,5,9
2024-02-26,East,81,14,3,4,0,8,2,14
2024-02-26,West,74,8,3,18,1,4,0,9
2024-02-26,Central,75,3,0,13,7,9,5,11
2024-02-27,North,144,9,13,11,11,7,7,17
2024-02-27,South,99,10,9,3,0,0,7,9
2024-02-27,East,78,6,9,5,0,9,0,19
2024-02-27,West,69,13,1,13,2,3,0,17
2024-02-27,Central,70,2,2,11,5,5,7,8
2024-02-28,North,112,8,10,6,6,4,4,13
2024-02-28,South,97,16,10,3,1,3,7,16
2024-02-28,East,82,9,7,7,1,3,0,10
2024-02-28,West,87,9,1,12,5,5,0,20
2024-02-28,Central,77,7,2,20,9,2,4,5
2024-02-29,North,115,5,5,10,13,5,3,11
2024-02-29,South,81,9,7,5,1,2,2,16
2024-02-29,East,100,14,8,5,0,0,0,8
2024-02-29,West,70,4,0,15,2,1,0,20
2024-02-29,Central,92,5,3,7,8,2,6,9
2024-03-01,North,118,12,6,13,7,3,4,7
2024-03-01,South,78,11,8,1,0,3,5,11
2024-03-01,East,75,12,10,5,1,7,3,13
2024-03-01,West,71,8,8,5,6,1,0,14
2024-03-01,Central,90,3,2,8,7,5,2,5
2024-03-02,North,125,5,10,8,9,6,4,11
2024-03-02,South,92,6,8,3,1,3,7,16
2024-03-02,East,80,8,5,2,2,3,1,10
2024-03-02,West,86,8,3,8,7,3,2,14
2024-03-02,Central,74,5,1,7,6,3,4,6
2024-03-03,North,100,16,6,14,10,3,5,15
2024-03-03,South,109,9,4,4,1,2,6,10
2024-03-03,East,89,8,12,4,4,2,3,17
2024-03-03,West,93,9,2,12,3,3,2,12
2024-03-03,Central,67,2,1,9,11,4,3,9
2024-03-04,North,119,9,3,11,8,5,9,21
2024-03-04,South,90,5,6,2,1,2,4,12
2024-03-04,East,85,7,1,3,3,1,4,7
2024-03-04,West,80,7,3,8,7,0,1,16
2024-03-04,Central,69,1,0,10,5,5,1,4
2024-03-05,North,104,6,11,8,4,3,3,12
2024-03-05,South,105,6,11,2,2,2,5,16
2024-03-05,East,75,11,11,3,3,5,2,12
2024-03-05,West,68,3,3,13,8,2,2,16
2024-03-05,Central,82,0,1,7,10,2,1,3
2024-03-06,North,124,11,6,5,8,6,7,14
2024-03-06,South,79,8,6,2,0,3,6,15
2024-03-06,East,64,5,9,5,6,2,7,12
2024-03-06,West,85,7,2,9,5,2,4,11
2024-03-06,Central,81,3,1,6,5,4,2,3
2024-03-07,North,110,11,5,12,12,7,5,17
2024-03-07,South,115,8,6,5,6,0,4,11
2024-03-07,East,107,12,10,6,4,2,0,13
2024-03-07,West,98,13,3,11,7,0,2,24
2024-03-07,Central,91,3,0,18,4,6,4,3
2024-03-08,North,112,6,7,4,12,1,4,9
2024-03-08,South,99,8,11,2,7,2,7,12
2024-03-08,East,77,5,10,6,1,4,1,12
2024-03-08,West,88,7,3,12,6,2,6,14
2024-03-08,Central,72,3,0,11,10,5,3,4
2024-03-09,North,136,10,8,12,10,9,5,9
2024-03-09,South,103,7,8,1,3,1,5,16
2024-03-09,East,81,9,15,2,1,6,2,13
2024-03-09,West,102,17,6,14,4,0,2,20
2024-03-09,Central,91,4,0,11,8,3,6,3
2024-03-10,North,126,11,8,12,9,5,6,5
2024-03-10,South,86,5,12,0,3,6,3,18
2024-03-10,East,81,11,9,0,5,1,3,17
2024-03-10,West,95,13,5,9,6,5,3,10
2024-03-10,Central,81,3,1,13,4,7,2,2
2024-03-11,North,120,2,7,10,5,4,4,11
2024-03-11,South,86,8,7,2,0,2,6,23
2024-03-11,East,77,11,8,3,7,3,1,15
2024-03-11,West,93,10,4,7,7,2,2,15
2024-03-11,Central,75,3,0,20,12,4,2,2
2024-03-12,North,107,3,7,15,9,5,4,10
2024-03-12,South,94,7,6,1,3,3,5,24
2024-03-12,East,66,6,5,0,2,4,0,18
2024-03-12,West,103,10,3,18,4,3,2,10
2024-03-12,Central,94,3,2,10,11,7,3,5
2024-03-13,North,124,9,8,22,5,1,7,13
2024-03-13,South,100,16,7,1,3,5,6,11
2024-03-13,East,93,6,13,1,2,3,2,15
2024-03-13,West,121,8,7,13,8,3,7,14
2024-03-13,Central,76,3,0,12,12,10,2,1
2024-03-14,North,101,5,10,19,9,6,8,9
2024-03-14,South,107,8,6,4,3,3,6,20
2024-03-14,East,75,6,3,0,2,2,1,11
2024-03-14,West,104,9,5,16,8,1,3,14
2024-03-14,Central,78,1,0,12,9,2,2,1
2024-03-15,North,128,4,4,13,10,3,7,9
2024-03-15,South,102,14,9,8,7,2,3,18
2024-03-15,East,73,8,5,1,5,2,3,19
2024-03-15,West,95,9,4,11,1,3,4,11
2024-03-15,Central,71,9,0,12,9,5,2,2
2024-03-16,North,138,6,5,11,13,2,10,10
2024-03-16,South,115,11,15,2,6,5,7,8
2024-03-16,East,80,6,5,1,2,0,4,9
2024-03-16,West,106,6,6,14,2,3,4,17
2024-03-16,Central,85,5,0,12,9,7,3,4
2024-03-17,North,124,10,6,15,6,2,3,9
2024-03-17,South,104,9,8,4,2,7,3,15
2024-03-17,East,91,9,6,1,3,1,2,10
2024-03-17,West,99,12,5,12,3,3,8,8
2024-03-17,Central,86,4,0,4,11,3,3,4
2024-03-18,North,142,8,4,14,8,5,7,15
2024-03-18,South,109,7,4,9,6,2,5,14
2024-03-18,East,79,10,9,2,8,5,0,13
2024-03-18,West,96,6,4,9,5,2,9,15
2024-03-18,Central,80,4,0,6,9,3,4,5
2024-03-19,North,130,9,8,10,6,6,10,6
2024-03-19,South,103,9,6,9,4,6,9,12
2024-03-19,East,90,10,6,2,6,6,1,19
2024-03-19,West,115,5,5,12,4,2,4,9
2024-03-19,Central,83,4,0,12,10,5,4,0
2024-03-20,North,130,9,3,6,18,4,10,10
2024-03-20,South,106,6,11,6,1,3,9,17
2024-03-20,East,98,14,5,0,8,3,3,11
2024-03-20,West,109,7,10,10,10,5,3,8
2024-03-20,Central,69,1,1,12,10,3,3,0
2024-03-21,North,119,8,6,15,12,1,11,9
2024-03-21,South,105,12,6,9,1,1,11,15
2024-03-21,East,88,12,6,1,12,4,1,14
2024-03-21,West,124,8,4,11,2,2,5,15
2024-03-21,Central,87,4,4,9,12,2,6,0
2024-03-22,North,129,5,7,19,9,4,7,11
2024-03-22,South,106,11,10,8,0,5,6,10
2024-03-22,East,85,5,8,3,5,2,0,16
2024-03-22,West,113,10,5,10,3,4,6,18
2024-03-22,Central,84,3,2,13,9,3,4,0
2024-03-23,North,142,10,8,10,9,7,4,14
2024-03-23,South,113,8,6,9,1,4,7,11
2024-03-23,East,82,12,10,9,11,2,2,7
2024-03-23,West,148,19,7,11,14,5,4,7
2024-03-23,Central,89,2,1,13,11,2,2,0
2024-03-24,North,135,8,8,14,11,6,7,14
2024-03-24,South,115,18,11,4,1,7,7,15
2024-03-24,East,80,7,9,6,12,2,4,10
2024-03-24,West,125,5,6,14,8,2,6,11
2024-03-24,Central,78,2,0,8,9,4,6,0
2024-03-25,North,133,7,11,15,12,3,5,16
2024-03-25,South,112,20,4,8,0,4,4,13
2024-03-25,East,84,7,4,1,8,2,2,5
2024-03-25,West,150,7,10,9,12,2,5,7
2024-03-25,Central,95,2,5,11,14,1,0,3
2024-03-26,North,142,8,6,6,9,7,5,19
2024-03-26,South,109,8,4,14,0,4,9,13
2024-03-26,East,86,4,8,0,6,5,4,12
2024-03-26,West,120,9,11,13,13,3,12,14
2024-03-26,Central,90,2,2,14,9,5,6,5
2024-03-27,North,104,15,10,13,12,1,4,10
2024-03-27,South,99,15,6,15,1,5,6,17
2024-03-27,East,90,5,10,0,8,8,7,14
2024-03-27,West,134,8,6,9,17,2,9,14
2024-03-27,Central,99,1,6,10,8,1,5,4
2024-03-28,North,117,10,10,13,2,5,6,18
2024-03-28,South,104,9,5,17,1,4,8,16
2024-03-28,East,83,8,11,0,8,4,2,20
2024-03-28,West,129,13,4,10,12,3,9,16
2024-03-28,Central,97,1,4,16,10,0,7,7
2024-03-29,North,128,9,12,14,9,7,5,15
2024-03-29,South,99,3,10,10,0,5,5,10
2024-03-29,East,100,2,6,0,5,2,3,9
2024-03-29,West,129,7,8,18,6,8,9,12
2024-03-29,Central,100,2,3,10,8,4,5,9
2024-03-30,North,141,10,10,15,8,4,5,19
2024-03-30,South,128,9,2,13,2,5,8,13
2024-03-30,East,87,4,8,3,5,6,4,10
2024-03-30,West,123,9,8,15,7,4,5,11
2024-03-30,Central,93,5,4,10,5,6,11,7
2024-03-31,North,103,12,12,9,11,0,5,11
2024-03-31,South,120,10,1,17,1,8,5,7
2024-03-31,East,97,5,8,3,6,3,5,9
2024-03-31,West,134,8,6,16,10,4,10,21
2024-03-31,Central,91,3,3,8,7,4,8,11
2024-04-01,North,124,10,3,8,9,2,8,13
2024-04-01,South,102,8,3,14,0,2,14,14
2024-04-01,East,111,5,4,2,4,6,1,16
2024-04-01,West,127,3,2,13,6,6,7,13
2024-04-01,Central,97,3,5,7,7,2,5,7
2024-04-02,North,120,11,10,13,9,1,4,18
2024-04-02,South,112,14,2,8,2,5,5,18
2024-04-02,East,107,5,4,2,8,3,7,10
2024-04-02,West,121,6,9,14,6,4,7,12
2024-04-02,Central,101,2,7,13,10,4,10,12
2024-04-03,North,119,9,9,10,7,5,3,13
2024-04-03,South,125,9,9,18,3,2,4,8
2024-04-03,East,73,7,7,3,6,5,3,16
2024-04-03,West,121,5,8,8,7,2,3,9
2024-04-03,Central,93,1,5,10,12,3,8,7
2024-04-04,North,102,9,4,10,4,5,4,11
2024-04-04,South,118,9,3,6,2,1,2,15
2024-04-04,East,96,7,8,2,5,7,9,16
2024-04-04,West,109,6,9,8,4,3,4,13
2024-04-04,Central,108,5,9,9,6,4,6,6
2024-04-05,North,123,12,5,11,9,3,5,10
2024-04-05,South,104,10,8,15,5,6,8,11
2024-04-05,East,102,3,6,10,11,5,1,18
2024-04-05,West,105,12,6,15,4,3,3,11
2024-04-05,Central,92,4,7,20,7,4,8,2
2024-04-06,North,134,14,2,10,8,5,3,13
2024-04-06,South,108,6,4,9,5,2,9,11
2024-04-06,East,89,2,9,10,8,6,3,10
2024-04-06,West,117,8,9,13,4,4,1,15
2024-04-06,Central,117,2,4,8,7,7,10,12
2024-04-07,North,118,5,5,6,9,7,6,18
2024-04-07,South,133,11,2,18,1,7,4,13
2024-04-07,East,100,1,6,4,7,4,3,20
2024-04-07,West,114,10,10,9,3,9,4,12
2024-04-07,Central,81,2,5,9,4,5,9,3
2024-04-08,North,142,11,10,9,5,5,4,20
2024-04-08,South,100,6,1,9,2,3,4,5
2024-04-08,East,102,3,12,4,6,3,4,16
2024-04-08,West,113,7,7,11,7,8,6,10
2024-04-08,Central,92,2,11,7,6,5,10,5
2024-04-09,North,142,10,6,8,10,2,4,11
2024-04-09,South,109,10,7,12,4,6,10,16
2024-04-09,East,95,5,7,4,7,9,2,9
2024-04-09,West,125,9,4,7,6,8,1,12
2024-04-09,Central,111,2,6,11,6,2,7,6
2024-04-10,North,120,5,10,7,13,5,3,15
2024-04-10,South,118,15,3,9,5,4,6,17
2024-04-10,East,92,9,4,5,8,6,8,11
2024-04-10,West,115,10,7,10,6,5,2,15
2024-04-10,Central,96,3,2,11,5,2,8,7
2024-04-11,North,123,10,4,11,9,7,4,12
2024-04-11,South,135,10,5,12,7,3,10,13
2024-04-11,East,90,4,5,3,2,1,6,10
2024-04-11,West,132,9,4,10,7,3,4,12
2024-04-11,Central,106,3,6,15,2,5,10,2
2024-04-12,North,138,5,4,12,13,1,6,19
2024-04-12,South,110,6,7,11,6,3,9,19
2024-04-12,East,104,7,6,4,9,8,11,10
2024-04-12,West,103,12,5,18,10,0,1,7
2024-04-12,Central,81,4,10,13,9,6,6,0
2024-04-13,North,110,5,6,18,8,3,2,12
2024-04-13,South,118,11,5,13,8,7,8,22
2024-04-13,East,90,7,4,1,7,3,7,13
2024-04-13,West,105,11,9,8,8,8,1,7
2024-04-13,Central,95,1,6,10,5,2,4,0
2024-04-14,North,119,12,6,8,1,4,5,17
2024-04-14,South,110,10,4,10,10,5,8,15
2024-04-14,East,83,5,1,0,10,4,2,20
2024-04-14,West,104,10,1,11,13,3,1,14
2024-04-14,Central,83,2,6,10,7,6,6,0
2024-04-15,North,124,11,4,14,8,3,3,8
2024-04-15,South,119,10,6,11,10,2,6,14
2024-04-15,East,89,8,4,0,8,7,3,15
2024-04-15,West,104,4,12,12,6,6,2,11
2024-04-15,Central,96,3,5,13,9,4,2,1
2024-04-16,North,121,10,9,13,2,5,4,17
2024-04-16,South,123,11,7,13,6,6,3,14
2024-04-16,East,118,8,4,0,11,7,14,18
2024-04-16,West,88,12,3,10,4,3,1,12
2024-04-16,Central,93,3,7,12,11,3,5,1
2024-04-17,North,124,7,4,15,8,9,1,17
2024-04-17,South,122,14,5,9,10,11,6,15
2024-04-17,East,102,3,5,0,8,8,11,8
2024-04-17,West,106,13,5,16,12,2,2,13
2024-04-17,Central,111,7,4,12,2,7,9,2
2024-04-18,North,96,10,6,12,9,1,3,16
2024-04-18,South,126,7,3,15,4,2,3,17
2024-04-18,East,106,5,6,0,12,2,7,9
2024-04-18,West,104,8,5,10,5,2,3,10
2024-04-18,Central,91,5,8,11,5,4,8,2
2024-04-19,North,110,8,2,8,3,8,1,13
2024-04-19,South,106,13,4,17,7,4,6,8
2024-04-19,East,106,5,6,1,12,3,10,14
2024-04-19,West,109,13,8,13,2,9,4,12
2024-04-19,Central,120,8,7,14,6,3,5,8
2024-04-20,North,102,8,4,8,7,5,0,17
2024-04-20,South,137,7,6,11,1,6,4,14
2024-04-20,East,95,9,9,0,7,6,6,16
2024-04-20,West,116,5,5,9,4,6,1,18
2024-04-20,Central,125,7,10,9,6,6,4,8
2024-04-21,North,131,11,6,12,4,3,3,22
2024-04-21,South,113,11,6,8,6,3,8,17
2024-04-21,East,117,9,7,4,11,5,7,11
2024-04-21,West,118,8,9,6,2,5,5,12
2024-04-21,Central,104,9,1,14,4,5,2,5
2024-04-22,North,104,8,8,9,1,3,1,17
2024-04-22,South,113,11,4,6,8,6,2,10
2024-04-22,East,117,9,9,2,7,2,10,16
2024-04-22,West,112,6,6,10,2,3,2,10
2024-04-22,Central,114,9,5,6,8,4,7,9
2024-04-23,North,113,12,4,14,8,4,4,14
2024-04-23,South,100,4,5,9,8,1,4,9
2024-04-23,East,122,7,3,0,12,10,3,14
2024-04-23,West,116,9,2,11,5,4,3,15
2024-04-23,Central,111,7,3,8,7,6,6,10
2024-04-24,North,132,9,16,13,3,1,9,12
2024-04-24,South,85,8,12,8,7,6,6,10
2024-04-24,East,109,6,9,3,3,3,2,22
2024-04-24,West,109,9,7,18,4,2,2,6
2024-04-24,Central,119,19,8,18,12,5,8,7
2024-04-25,North,117,11,5,19,3,3,5,16
2024-04-25,South,114,12,7,3,7,2,3,12
2024-04-25,East,128,3,7,5,6,2,5,17
2024-04-25,West,105,7,4,13,5,2,4,18
2024-04-25,Central,117,12,5,18,5,9,11,14
2024-04-26,North,115,5,6,11,3,2,4,15
2024-04-26,South,109,16,5,9,9,2,5,13
2024-04-26,East,100,6,8,8,11,2,8,14
2024-04-26,West,98,1,5,9,4,6,1,11
2024-04-26,Central,128,9,1,15,7,3,4,12
2024-04-27,North,104,16,6,7,4,4,5,11
2024-04-27,South,110,13,4,10,14,3,6,16
2024-04-27,East,108,7,6,6,5,5,6,10
2024-04-27,West,95,12,3,9,6,3,3,15
2024-04-27,Central,97,7,7,13,6,3,5,13
2024-04-28,North,105,11,6,9,7,4,4,13
2024-04-28,South,105,10,9,18,10,2,2,13
2024-04-28,East,94,7,9,9,3,3,5,14
2024-04-28,West,116,13,6,14,4,3,4,16
2024-04-28,Central,111,6,7,17,9,8,9,9
2024-04-29,North,92,6,7,8,6,6,10,17
2024-04-29,South,125,10,9,8,9,2,8,13
2024-04-29,East,97,9,12,2,4,5,7,14
2024-04-29,West,112,13,6,13,5,4,5,11
2024-04-29,Central,123,14,8,6,4,6,4,9
2024-04-30,North,110,13,6,15,5,6,2,9
2024-04-30,South,103,12,11,5,7,6,4,11
2024-04-30,East,105,4,5,3,5,4,3,8
2024-04-30,West,124,13,3,14,2,3,6,14
2024-04-30,Central,118,15,3,13,6,4,7,14
2024-05-01,North,109,11,6,9,7,3,2,15
2024-05-01,South,111,13,3,5,8,4,2,8
2024-05-01,East,103,4,6,4,8,6,7,12
2024-05-01,West,98,8,1,12,2,5,3,12
2024-05-01,Central,133,12,4,15,6,5,6,22
2024-05-02,North,119,14,6,8,8,1,4,11
2024-05-02,South,125,12,5,12,10,3,2,8
2024-05-02,East,85,4,6,6,7,9,13,10
2024-05-02,West,110,7,3,5,3,3,5,7
2024-05-02,Central,151,8,5,17,6,2,9,14
2024-05-03,North,143,10,15,8,10,8,4,15
2024-05-03,South,118,6,4,8,5,7,4,13
2024-05-03,East,105,6,3,9,10,7,7,13
2024-05-03,West,92,1,4,9,4,3,3,8
2024-05-03,Central,107,9,4,11,9,3,11,12
2024-05-04,North,116,10,7,12,8,1,8,13
2024-05-04,South,122,7,4,8,9,2,9,23
2024-05-04,East,102,3,2,6,4,7,4,9
2024-05-04,West,88,3,6,9,6,8,2,18
2024-05-04,Central,136,7,4,16,6,7,7,17
2024-05-05,North,135,12,8,11,2,4,6,14
2024-05-05,South,103,6,4,10,14,2,3,12
2024-05-05,East,109,5,6,10,11,6,8,16
2024-05-05,West,106,13,5,15,2,4,7,18
2024-05-05,Central,129,12,5,11,10,4,3,13
2024-05-06,North,124,14,8,11,4,5,9,10
2024-05-06,South,121,8,3,11,13,5,0,16
2024-05-06,East,100,1,3,6,7,6,11,20
2024-05-06,West,104,10,9,16,6,2,1,15
2024-05-06,Central,97,12,7,11,3,7,2,15
2024-05-07,North,119,4,10,14,3,5,4,5
2024-05-07,South,129,10,5,11,10,3,11,21
2024-05-07,East,121,5,5,6,8,8,8,15
2024-05-07,West,97,3,7,9,8,3,10,11
2024-05-07,Central,109,9,5,13,10,6,5,15
2024-05-08,North,122,11,3,8,4,3,10,10
2024-05-08,South,109,16,5,11,4,2,5,10
2024-05-08,East,120,11,4,6,13,4,7,15
2024-05-08,West,103,7,3,9,6,3,1,10
2024-05-08,Central,145,8,8,12,6,3,7,15
2024-05-09,North,88,10,4,10,7,5,2,9
2024-05-09,South,96,8,4,15,11,3,7,16
2024-05-09,East,122,4,2,10,9,5,5,18
2024-05-09,West,101,13,5,7,6,4,4,13
2024-05-09,Central,111,8,4,12,6,8,3,13
2024-05-10,North,111,6,3,7,8,3,5,8
2024-05-10,South,131,8,4,11,8,3,6,7
2024-05-10,East,127,5,8,8,12,3,10,13
2024-05-10,West,89,14,5,16,6,3,3,10
2024-05-10,Central,112,8,3,12,4,5,6,14
2024-05-11,North,96,7,4,8,13,3,1,8
2024-05-11,South,126,9,8,8,15,3,5,7
2024-05-11,East,124,9,5,12,12,3,9,20
2024-05-11,West,72,8,5,9,6,6,5,7
2024-05-11,Central,125,9,6,13,5,6,6,19
2024-05-12,North,106,12,5,7,11,6,4,6
2024-05-12,South,117,12,5,12,5,3,4,9
2024-05-12,East,123,12,4,5,7,2,5,8
2024-05-12,West,78,11,5,13,6,1,5,5
2024-05-12,Central,133,17,7,19,2,7,6,10
2024-05-13,North,100,9,7,3,8,2,4,12
2024-05-13,South,129,6,11,7,7,2,10,10
2024-05-13,East,118,6,5,11,12,5,6,17
2024-05-13,West,73,6,4,16,5,0,0,5
2024-05-13,Central,95,11,8,9,4,4,7,16
2024-05-14,North,108,14,12,6,4,3,3,4
2024-05-14,South,113,8,3,10,9,4,7,12
2024-05-14,East,119,6,7,5,4,2,4,18
2024-05-14,West,84,11,2,14,5,2,0,7
2024-05-14,Central,130,13,1,14,3,1,3,26
2024-05-15,North,99,8,9,6,18,4,4,4
2024-05-15,South,123,8,6,8,12,1,4,13
2024-05-15,East,100,8,1,3,7,4,8,12
2024-05-15,West,77,10,7,15,2,4,2,4
2024-05-15,Central,114,11,2,10,4,4,8,25
2024-05-16,North,93,11,4,9,5,3,4,5
2024-05-16,South,124,16,7,17,8,5,2,6
2024-05-16,East,105,9,3,4,5,6,7,14
2024-05-16,West,91,11,5,8,0,3,1,6
2024-05-16,Central,119,7,3,11,6,2,5,9
2024-05-17,North,97,6,10,9,11,5,7,11
2024-05-17,South,128,16,7,9,8,3,7,15
2024-05-17,East,109,6,3,9,8,6,9,13
2024-05-17,West,97,14,9,13,3,6,0,4
2024-05-17,Central,135,9,8,6,5,7,6,12
2024-05-18,North,110,12,7,7,7,3,8,7
2024-05-18,South,102,10,2,11,9,6,11,11
2024-05-18,East,118,12,7,3,3,8,11,20
2024-05-18,West,75,6,5,15,6,3,1,5
2024-05-18,Central,120,2,5,14,7,4,4,20
2024-05-19,North,124,8,4,10,10,0,5,6
2024-05-19,South,105,8,2,17,5,0,5,13
2024-05-19,East,120,15,8,8,7,5,9,8
2024-05-19,West,76,7,8,14,6,2,0,6
2024-05-19,Central,128,7,4,9,4,5,5,16
2024-05-20,North,132,10,4,8,13,3,9,5
2024-05-20,South,135,11,4,6,5,2,5,13
2024-05-20,East,119,12,8,2,10,7,10,14
2024-05-20,West,82,12,4,12,4,3,2,4
2024-05-20,Central,112,9,7,11,6,7,9,22
2024-05-21,North,114,11,5,5,7,5,6,12
2024-05-21,South,109,6,9,12,13,0,6,7
2024-05-21,East,89,6,6,3,5,4,3,12
2024-05-21,West,100,11,6,14,1,5,3,8
2024-05-21,Central,122,5,10,12,6,5,3,14
2024-05-22,North,118,10,6,11,9,2,6,7
2024-05-22,South,114,12,4,13,6,0,5,14
2024-05-22,East,105,6,11,5,7,2,8,14
2024-05-22,West,74,8,3,16,4,1,3,5
2024-05-22,Central,120,7,4,10,4,4,4,16
2024-05-23,North,110,8,3,11,7,2,7,10
2024-05-23,South,126,10,11,5,14,5,3,13
2024-05-23,East,99,8,5,7,6,3,5,9
2024-05-23,West,72,8,4,8,6,4,0,12
2024-05-23,Central,107,9,5,8,3,5,9,19
2024-05-24,North,114,4,8,6,7,4,7,6
2024-05-24,South,114,14,11,17,9,2,5,7
2024-05-24,East,99,9,6,5,6,2,11,9
2024-05-24,West,95,10,8,7,5,2,0,10
2024-05-24,Central,131,11,3,18,3,5,14,17
2024-05-25,North,112,10,5,16,7,4,6,9
2024-05-25,South,112,13,7,10,5,3,9,11
2024-05-25,East,92,8,7,6,4,2,5,10
2024-05-25,West,94,8,8,12,11,4,0,14
2024-05-25,Central,143,6,11,13,8,3,9,17
2024-05-26,North,118,13,8,15,8,4,7,12
2024-05-26,South,132,9,8,13,11,1,7,6
2024-05-26,East,103,6,6,7,8,5,6,12
2024-05-26,West,87,12,4,15,8,4,0,10
2024-05-26,Central,120,8,10,14,2,4,7,20
2024-05-27,North,126,11,8,13,10,3,4,9
2024-05-27,South,107,8,4,12,13,1,7,10
2024-05-27,East,110,9,3,5,1,7,6,9
2024-05-27,West,86,9,6,12,2,3,0,6
2024-05-27,Central,120,8,4,11,3,9,8,21
2024-05-28,North,120,11,3,18,6,4,6,11
2024-05-28,South,93,8,9,15,10,4,4,4
2024-05-28,East,101,10,5,7,8,4,8,11
2024-05-28,West,114,12,7,18,7,5,2,8
2024-05-28,Central,141,8,9,12,5,1,11,12
2024-05-29,North,117,13,8,10,7,5,2,7
2024-05-29,South,113,14,12,9,17,6,3,7
2024-05-29,East,110,8,3,6,8,2,4,17
2024-05-29,West,101,9,8,9,6,4,1,7
2024-05-29,Central,138,5,11,13,6,8,8,16
2024-05-30,North,102,7,8,11,9,4,5,5
2024-05-30,South,128,4,4,14,9,2,4,6
2024-05-30,East,100,10,3,3,8,2,6,19
2024-05-30,West,101,6,8,6,7,4,0,11
2024-05-30,Central,114,13,12,10,8,5,8,15
2024-05-31,North,121,8,7,8,8,2,4,2
2024-05-31,South,101,11,8,11,10,1,4,3
2024-05-31,East,125,12,3,6,10,2,4,13
2024-05-31,West,86,7,13,12,7,0,1,14
2024-05-31,Central,99,11,8,10,5,6,3,16
2024-06-01,North,119,11,3,10,9,2,9,8
2024-06-01,South,126,10,6,10,13,3,4,7
2024-06-01,East,88,6,5,5,11,1,3,12
2024-06-01,West,117,9,2,12,6,1,0,16
2024-06-01,Central,129,10,10,11,7,5,4,16
2024-06-02,North,114,10,5,9,6,6,6,5
2024-06-02,South,101,11,9,8,8,1,5,4
2024-06-02,East,99,5,5,4,5,4,5,15
2024-06-02,West,89,11,7,7,5,1,2,9
2024-06-02,Central,137,9,5,10,5,5,5,15
2024-06-03,North,113,11,7,11,10,6,12,6
2024-06-03,South,105,11,7,5,2,6,2,4
2024-06-03,East,110,12,3,5,16,4,7,14
2024-06-03,West,104,13,4,8,6,9,1,17
2024-06-03,Central,132,9,8,12,9,6,10,22
2024-06-04,North,115,8,2,8,13,5,8,5
2024-06-04,South,75,12,5,10,5,5,2,4
2024-06-04,East,99,7,3,8,11,1,5,14
2024-06-04,West,98,10,10,8,7,2,1,6
2024-06-04,Central,108,8,6,10,7,2,4,22
2024-06-05,North,103,6,2,10,6,3,9,8
2024-06-05,South,87,10,5,9,16,4,2,4
2024-06-05,East,98,10,8,5,9,3,6,9
2024-06-05,West,101,8,7,10,4,2,2,9
2024-06-05,Central,121,12,7,15,7,6,5,15
2024-06-06,North,110,3,2,5,6,2,11,6
2024-06-06,South,90,10,4,5,6,7,1,2
2024-06-06,East,94,10,8,5,10,4,5,16
2024-06-06,West,91,2,7,8,4,1,1,7
2024-06-06,Central,122,9,7,8,4,4,3,15
2024-06-07,North,109,6,5,13,8,3,10,7
2024-06-07,South,93,12,4,4,12,4,1,4
2024-06-07,East,104,9,5,10,13,3,2,6
2024-06-07,West,98,6,5,7,9,6,3,15
2024-06-07,Central,155,7,11,6,6,3,7,13
2024-06-08,North,104,11,4,14,11,3,12,9
2024-06-08,South,80,8,6,9,7,5,3,6
2024-06-08,East,104,3,8,7,10,0,6,13
2024-06-08,West,77,11,9,6,4,7,2,19
2024-06-08,Central,118,6,4,12,3,3,3,13
2024-06-09,North,97,7,1,16,6,2,4,6
2024-06-09,South,108,10,6,5,6,6,1,7
2024-06-09,East,111,10,8,7,8,2,9,12
2024-06-09,West,97,10,8,9,1,6,4,14
2024-06-09,Central,96,3,14,8,6,5,7,14
2024-06-10,North,100,9,8,10,9,3,3,19
2024-06-10,South,74,9,7,3,6,5,1,1
2024-06-10,East,96,15,6,10,15,4,9,16
2024-06-10,West,101,10,13,9,5,4,1,13
2024-06-10,Central,109,9,9,9,3,7,7,10
2024-06-11,North,110,9,6,7,4,2,4,7
2024-06-11,South,88,8,7,5,5,4,3,9
2024-06-11,East,109,11,5,12,8,3,9,13
2024-06-11,West,116,9,10,9,1,3,1,9
2024-06-11,Central,114,2,5,11,2,4,4,16
2024-06-12,North,102,8,2,12,4,1,8,11
2024-06-12,South,93,9,4,8,9,3,4,1
2024-06-12,East,86,10,7,5,5,0,5,11
2024-06-12,West,116,5,4,8,6,3,2,13
2024-06-12,Central,96,5,9,9,1,8,4,9
2024-06-13,North,93,5,5,8,3,0,7,10
2024-06-13,South,69,15,7,7,8,4,2,1
2024-06-13,East,100,8,7,8,7,0,4,9
2024-06-13,West,119,6,9,7,8,4,3,10
2024-06-13,Central,118,5,8,7,2,5,7,13
2024-06-14,North,96,12,6,16,9,1,6,12
2024-06-14,South,82,6,3,9,2,9,5,7
2024-06-14,East,94,4,5,1,10,0,8,11
2024-06-14,West,120,8,10,9,11,3,2,7
2024-06-14,Central,114,3,9,5,3,11,3,16
2024-06-15,North,118,10,6,11,7,1,7,8
2024-06-15,South,81,9,5,8,11,3,0,4
2024-06-15,East,113,10,5,6,12,2,8,11
2024-06-15,West,107,6,7,5,10,3,3,5
2024-06-15,Central,114,3,9,10,8,2,2,13
2024-06-16,North,101,9,7,14,3,5,6,16
2024-06-16,South,71,6,4,5,9,0,3,3
2024-06-16,East,102,7,7,3,8,2,7,11
2024-06-16,West,102,11,4,8,8,1,5,10
2024-06-16,Central,104,2,10,8,3,10,4,10
2024-06-17,North,93,5,4,17,8,1,8,9
2024-06-17,South,89,8,7,8,9,5,5,3
2024-06-17,East,108,10,9,9,13,3,11,14
2024-06-17,West,120,11,8,15,8,10,8,12
2024-06-17,Central,104,7,6,11,6,3,8,12
2024-06-18,North,86,10,5,11,10,1,10,16
2024-06-18,South,74,11,9,5,3,3,5,3
2024-06-18,East,127,6,4,9,5,2,9,11
2024-06-18,West,105,8,7,15,6,5,0,20
2024-06-18,Central,100,8,8,7,3,6,7,8
2024-06-19,North,115,3,8,3,9,3,4,8
2024-06-19,South,87,8,1,9,8,5,3,2
2024-06-19,East,88,10,12,5,11,4,4,9
2024-06-19,West,115,4,12,3,5,2,2,17
2024-06-19,Central,103,9,9,4,3,4,8,24
2024-06-20,North,139,10,7,16,10,3,8,11
2024-06-20,South,83,13,4,15,5,5,2,7
2024-06-20,East,110,10,2,10,11,2,5,21
2024-06-20,West,90,10,9,7,4,3,0,20
2024-06-20,Central,97,3,10,6,5,2,10,15
2024-06-21,North,94,9,4,10,6,0,9,8
2024-06-21,South,96,7,4,10,8,7,1,2
2024-06-21,East,99,8,6,4,6,6,4,14
2024-06-21,West,93,9,8,7,5,6,3,18
2024-06-21,Central,86,3,4,11,4,3,4,12
2024-06-22,North,127,7,5,9,10,2,8,13
2024-06-22,South,100,8,6,13,11,1,2,0
2024-06-22,East,104,6,5,3,12,5,4,14
2024-06-22,West,82,8,17,3,2,5,2,15
2024-06-22,Central,127,4,8,6,3,5,3,15
2024-06-23,North,94,6,10,10,8,1,8,11
2024-06-23,South,86,12,9,13,7,5,3,0
2024-06-23,East,94,6,6,5,8,1,7,20
2024-06-23,West,98,6,9,8,2,8,2,12
2024-06-23,Central,106,5,6,7,6,5,5,10
2024-06-24,North,121,4,7,11,6,1,9,11
2024-06-24,South,92,10,7,10,5,2,5,0
2024-06-24,East,95,7,2,6,11,6,6,14
2024-06-24,West,85,4,6,7,4,9,9,18
2024-06-24,Central,106,9,5,16,3,6,5,16
2024-06-25,North,103,3,10,8,5,1,5,9
2024-06-25,South,86,5,3,5,9,2,5,0
2024-06-25,East,97,9,8,5,1,4,4,21
2024-06-25,West,83,2,8,7,5,2,3,13
2024-06-25,Central,107,11,8,17,5,4,9,10
2024-06-26,North,93,13,5,6,10,1,4,8
2024-06-26,South,100,8,6,4,16,6,3,0
2024-06-26,East,85,11,4,4,9,3,4,17
2024-06-26,West,77,7,7,4,1,5,3,11
2024-06-26,Central,106,8,9,10,2,8,4,15
2024-06-27,North,122,10,9,10,8,5,10,4
2024-06-27,South,90,10,4,7,13,4,2,0
2024-06-27,East,92,7,7,5,6,3,1,10
2024-06-27,West,84,2,13,6,3,3,2,12
2024-06-27,Central,101,14,6,11,3,1,7,10
2024-06-28,North,110,11,5,7,7,2,8,5
2024-06-28,South,84,6,6,7,6,2,6,0
2024-06-28,East,101,4,10,2,4,4,5,16
2024-06-28,West,71,2,7,4,7,2,2,10
2024-06-28,Central,110,14,10,13,2,4,2,12
2024-06-29,North,90,9,7,4,6,2,5,8
2024-06-29,South,87,13,8,6,5,3,9,0
2024-06-29,East,112,8,7,2,6,5,2,8
2024-06-29,West,80,4,10,6,9,3,4,7
2024-06-29,Central,99,6,3,11,4,3,5,19
2024-06-30,North,109,12,11,8,7,3,4,9
2024-06-30,South,84,4,9,2,8,3,5,0
2024-06-30,East,104,2,6,4,7,4,8,9
2024-06-30,West,89,3,6,4,5,1,1,14
2024-06-30,Central,106,11,11,11,2,2,5,13
2024-07-01,North,90,12,8,5,3,3,4,8
2024-07-01,South,94,5,8,1,9,3,6,0
2024-07-01,East,112,6,8,3,5,3,6,13
2024-07-01,West,72,6,4,4,5,2,2,14
2024-07-01,Central,124,11,10,11,2,0,4,21
2024-07-02,North,80,7,1,1,5,3,6,6
2024-07-02,South,90,9,6,5,12,8,11,1
2024-07-02,East,106,3,5,1,9,4,4,18
2024-07-02,West,96,6,6,9,5,8,4,11
2024-07-02,Central,97,8,10,9,9,1,5,13
2024-07-03,North,95,12,3,0,5,4,6,4
2024-07-03,South,99,3,7,1,8,2,5,1
2024-07-03,East,111,3,13,3,6,1,6,19
2024-07-03,West,75,5,7,5,5,1,2,9
2024-07-03,Central,105,7,10,13,4,4,5,13
2024-07-04,North,95,9,3,2,4,8,4,8
2024-07-04,South,84,4,9,1,8,4,6,1
2024-07-04,East,111,6,6,0,7,5,5,19
2024-07-04,West,82,5,9,2,5,1,3,11
2024-07-04,Central,117,10,6,10,6,9,2,8
2024-07-05,North,90,6,7,0,8,3,2,4
2024-07-05,South,84,5,5,4,9,4,7,3
2024-07-05,East,96,7,5,3,8,0,3,12
2024-07-05,West,64,1,5,5,5,5,1,11
2024-07-05,Central,99,7,6,12,0,5,3,9
2024-07-06,North,77,9,7,1,4,3,6,5
2024-07-06,South,67,0,5,4,6,2,4,2
2024-07-06,East,99,2,6,0,12,5,3,13
2024-07-06,West,66,5,10,13,7,2,1,10
2024-07-06,Central,96,11,12,12,1,2,6,18
2024-07-07,North,81,10,4,0,3,4,9,4
2024-07-07,South,80,3,5,3,6,2,4,0
2024-07-07,East,96,3,8,0,8,3,6,16
2024-07-07,West,77,5,5,7,10,0,3,6
2024-07-07,Central,131,5,11,12,2,0,5,16
2024-07-08,North,77,6,8,0,4,3,8,5
2024-07-08,South,90,5,2,9,5,5,12,4
2024-07-08,East,91,5,13,1,5,1,5,16
2024-07-08,West,63,3,6,11,6,2,1,3
2024-07-08,Central,118,12,9,20,2,0,9,8
2024-07-09,North,86,8,13,0,12,1,7,5
2024-07-09,South,82,3,2,4,5,6,6,0
2024-07-09,East,94,4,7,4,9,4,6,7
2024-07-09,West,82,2,9,9,8,2,0,7
2024-07-09,Central,94,9,5,7,3,4,6,9
2024-07-10,North,91,12,2,3,6,4,5,4
2024-07-10,South,88,4,9,1,10,1,5,2
2024-07-10,East,89,3,10,2,10,6,3,14
2024-07-10,West,62,3,6,9,10,2,1,1
2024-07-10,Central,115,9,3,13,2,6,5,10
2024-07-11,North,59,12,6,4,8,1,4,3
2024-07-11,South,76,2,8,3,9,4,5,2
2024-07-11,East,87,3,4,3,7,3,12,19
2024-07-11,West,60,8,3,8,11,1,0,10
2024-07-11,Central,101,4,14,13,4,6,3,10
2024-07-12,North,74,5,5,1,4,4,1,0
2024-07-12,South,83,4,7,9,9,4,9,0
2024-07-12,East,69,2,6,6,3,1,5,12
2024-07-12,West,62,2,6,5,5,0,2,6
2024-07-12,Central,98,8,9,16,1,6,10,6
2024-07-13,North,70,13,3,2,8,3,1,1
2024-07-13,South,78,7,5,5,2,3,1,2
2024-07-13,East,76,5,9,2,3,3,8,16
2024-07-13,West,72,4,3,7,7,1,0,3
2024-07-13,Central,101,6,4,7,1,3,2,8
2024-07-14,North,79,10,6,1,8,7,4,8
2024-07-14,South,62,4,8,4,6,4,9,3
2024-07-14,East,98,3,4,1,7,6,14,16
2024-07-14,West,64,2,6,17,6,1,0,3
2024-07-14,Central,96,12,6,11,3,3,11,13
2024-07-15,North,77,3,7,5,0,6,3,4
2024-07-15,South,43,3,6,6,8,2,5,2
2024-07-15,East,100,0,5,0,3,3,5,18
2024-07-15,West,69,5,10,10,8,6,0,6
2024-07-15,Central,99,7,7,12,0,3,4,10
2024-07-16,North,89,11,7,4,3,5,2,3
2024-07-16,South,72,5,1,12,7,5,8,4
2024-07-16,East,63,3,7,0,2,6,4,13
2024-07-16,West,63,4,5,8,11,1,0,6
2024-07-16,Central,98,3,8,1,4,6,2,9
2024-07-17,North,78,17,9,3,4,4,1,3
2024-07-17,South,71,5,7,6,3,2,7,3
2024-07-17,East,88,3,11,0,3,8,7,11
2024-07-17,West,54,3,5,10,6,0,0,7
2024-07-17,Central,102,5,5,19,0,3,4,6
2024-07-18,North,77,13,2,4,3,5,2,2
2024-07-18,South,82,7,8,4,1,2,10,7
2024-07-18,East,71,2,4,0,5,5,10,19
2024-07-18,West,90,2,7,11,10,2,1,4
2024-07-18,Central,90,5,7,11,4,1,7,7
2024-07-19,North,79,6,7,4,6,10,2,6
2024-07-19,South,56,6,2,4,5,4,7,5
2024-07-19,East,92,4,6,2,12,2,7,15
2024-07-19,West,66,3,8,9,9,7,0,1
2024-07-19,Central,80,3,7,16,1,7,2,6
2024-07-20,North,71,7,10,7,4,1,1,6
2024-07-20,South,78,9,3,2,6,7,7,5
2024-07-20,East,104,3,8,0,7,5,7,15
2024-07-20,West,86,6,10,9,4,6,0,8
2024-07-20,Central,77,2,5,11,2,9,3,8
2024-07-21,North,96,19,8,9,1,0,2,6
2024-07-21,South,60,3,2,6,1,3,3,4
2024-07-21,East,88,0,11,2,4,2,7,15
2024-07-21,West,76,6,6,3,9,4,0,5
2024-07-21,Central,82,1,9,8,1,4,1,7
2024-07-22,North,67,9,3,7,4,5,2,6
2024-07-22,South,77,2,2,6,4,2,5,6
2024-07-22,East,92,0,4,2,4,3,8,10
2024-07-22,West,64,2,5,5,6,4,0,9
2024-07-22,Central,85,6,3,13,4,2,1,8
2024-07-23,North,77,11,1,3,1,6,0,9
2024-07-23,South,52,3,2,5,1,5,2,6
2024-07-23,East,82,1,7,2,0,5,2,16
2024-07-23,West,81,2,4,8,3,5,1,8
2024-07-23,Central,78,5,3,17,1,5,1,14
2024-07-24,North,63,11,2,10,3,4,3,6
2024-07-24,South,61,3,2,9,0,3,4,3
2024-07-24,East,75,1,5,1,3,2,9,17
2024-07-24,West,79,3,4,2,2,7,1,9
2024-07-24,Central,90,4,3,13,6,5,4,6
2024-07-25,North,66,8,3,5,3,2,4,7
2024-07-25,South,60,4,3,6,2,5,4,3
2024-07-25,East,65,2,5,0,1,2,10,15
2024-07-25,West,67,1,4,13,3,3,0,6
2024-07-25,Central,71,5,7,11,4,2,3,7
2024-07-26,North,57,21,0,7,3,6,2,4
2024-07-26,South,80,2,6,12,0,5,4,5
2024-07-26,East,70,1,5,2,5,5,8,12
2024-07-26,West,61,0,6,13,2,4,0,6
2024-07-26,Central,69,3,5,17,3,3,1,8
2024-07-27,North,76,5,6,5,6,2,0,3
2024-07-27,South,77,9,6,8,1,2,6,6
2024-07-27,East,83,2,10,0,7,2,10,13
2024-07-27,West,61,1,4,8,2,5,0,2
2024-07-27,Central,64,0,8,6,7,1,4,13
2024-07-28,North,48,12,4,7,4,9,0,2
2024-07-28,South,75,1,1,17,0,0,2,2
2024-07-28,East,86,0,5,2,3,5,9,7
2024-07-28,West,53,0,5,11,0,2,1,8
2024-07-28,Central,62,3,1,12,3,2,4,4
2024-07-29,North,86,10,5,8,2,2,2,6
2024-07-29,South,60,2,6,14,0,1,8,2
2024-07-29,East,84,0,10,0,4,1,10,10
2024-07-29,West,60,0,1,6,2,4,2,3
2024-07-29,Central,72,2,2,10,3,2,1,10
2024-07-30,North,75,10,2,10,8,5,1,7
2024-07-30,South,63,0,4,14,0,0,6,3
2024-07-30,East,87,0,7,0,8,6,9,6
2024-07-30,West,63,1,6,9,0,10,1,8
2024-07-30,Central,73,3,1,8,2,0,1,6
2024-07-31,North,70,7,3,11,2,3,1,7
2024-07-31,South,69,3,5,9,0,2,6,4
2024-07-31,East,85,1,8,0,7,4,9,12
2024-07-31,West,51,0,3,11,4,3,0,6
2024-07-31,Central,48,1,4,10,1,2,1,4
2024-08-01,North,90,5,6,8,12,4,1,2
2024-08-01,South,77,3,10,9,1,5,7,5
2024-08-01,East,102,3,5,0,8,3,5,15
2024-08-01,West,55,0,5,9,2,5,0,8
2024-08-01,Central,59,2,8,14,3,2,0,1
2024-08-02,North,75,8,6,12,6,3,1,4
2024-08-02,South,67,1,9,7,0,2,8,3
2024-08-02,East,87,6,9,1,4,3,7,18
2024-08-02,West,50,0,1,10,1,2,0,6
2024-08-02,Central,49,5,5,10,4,5,1,4
2024-08-03,North,81,12,3,13,6,10,2,5
2024-08-03,South,63,0,5,15,0,6,0,6
2024-08-03,East,113,1,9,0,6,8,6,13
2024-08-03,West,45,0,2,6,1,5,2,3
2024-08-03,Central,63,5,5,9,3,2,1,5
2024-08-04,North,84,11,5,7,6,3,2,4
2024-08-04,South,61,1,8,6,2,2,7,5
2024-08-04,East,94,6,3,0,3,3,4,11
2024-08-04,West,40,0,5,6,1,2,1,3
2024-08-04,Central,74,5,5,10,7,2,0,2
2024-08-05,North,79,14,1,10,7,5,0,1
2024-08-05,South,72,0,7,7,1,3,5,1
2024-08-05,East,105,4,3,2,6,2,4,17
2024-08-05,West,39,3,6,8,2,2,0,3
2024-08-05,Central,62,1,4,14,6,4,0,5
2024-08-06,North,67,8,4,11,8,4,0,5
2024-08-06,South,64,0,2,8,3,2,2,1
2024-08-06,East,86,2,7,2,4,2,8,16
2024-08-06,West,54,1,5,5,1,4,0,2
2024-08-06,Central,60,0,11,12,1,1,1,3
2024-08-07,North,84,9,4,10,4,4,0,3
2024-08-07,South,55,2,4,6,6,3,2,2
2024-08-07,East,81,3,4,5,1,1,9,10
2024-08-07,West,46,0,4,5,2,8,0,4
2024-08-07,Central,52,2,7,16,3,4,1,3
2024-08-08,North,75,4,1,8,11,4,0,6
2024-08-08,South,62,5,8,11,4,4,5,1
2024-08-08,East,74,4,11,3,5,4,11,13
2024-08-08,West,52,0,5,5,1,5,1,1
2024-08-08,Central,76,2,6,9,4,6,2,0
2024-08-09,North,81,2,2,10,8,6,0,4
2024-08-09,South,73,1,12,9,3,4,3,3
2024-08-09,East,73,4,3,5,4,1,4,10
2024-08-09,West,54,0,8,9,1,4,2,1
2024-08-09,Central,64,0,7,12,3,2,4,0
2024-08-10,North,69,10,2,13,9,2,1,5
2024-08-10,South,77,3,7,5,0,3,0,2
2024-08-10,East,95,2,9,3,5,2,6,6
2024-08-10,West,53,3,2,9,2,3,1,3
2024-08-10,Central,79,0,5,13,3,4,0,2
2024-08-11,North,52,4,3,9,15,2,0,4
2024-08-11,South,91,6,9,13,1,4,6,0
2024-08-11,East,88,1,6,1,4,5,8,20
2024-08-11,West,45,5,6,6,2,5,0,2
2024-08-11,Central,79,0,5,8,4,5,2,0
2024-08-12,North,80,4,3,11,4,4,0,4
2024-08-12,South,53,1,5,9,0,3,1,0
2024-08-12,East,82,2,9,3,9,1,10,8
2024-08-12,West,46,2,1,3,0,5,0,6
2024-08-12,Central,60,0,4,8,3,6,3,1
2024-08-13,North,66,6,4,10,4,3,0,6
2024-08-13,South,54,1,12,6,0,1,3,0
2024-08-13,East,82,0,8,0,9,3,4,7
2024-08-13,West,36,1,5,3,5,3,0,0
2024-08-13,Central,66,0,2,10,5,2,3,6
2024-08-14,North,59,7,7,6,7,1,0,0
2024-08-14,South,47,2,7,9,0,2,4,0
2024-08-14,East,71,0,8,0,7,4,4,4
2024-08-14,West,32,1,5,8,6,1,1,0
2024-08-14,Central,71,0,5,17,8,5,1,3
2024-08-15,North,57,10,9,9,7,2,0,1
2024-08-15,South,42,2,9,8,0,2,6,1
2024-08-15,East,82,0,8,0,8,1,8,9
2024-08-15,West,54,5,2,3,0,1,1,0
2024-08-15,Central,66,2,4,12,4,5,3,4
2024-08-16,North,64,4,7,9,1,2,0,2
2024-08-16,South,43,2,5,6,0,0,4,0
2024-08-16,East,87,2,7,0,5,1,5,5
2024-08-16,West,25,0,3,3,3,0,0,0
2024-08-16,Central,63,3,2,14,3,9,0,1
2024-08-17,North,44,5,7,11,5,1,0,2
2024-08-17,South,40,0,8,5,0,2,8,0
2024-08-17,East,89,3,8,0,8,2,2,11
2024-08-17,West,34,2,1,5,4,1,0,0
2024-08-17,Central,42,0,3,11,1,4,1,1
2024-08-18,North,65,3,4,13,2,3,0,0
2024-08-18,South,45,0,6,10,1,4,7,0
2024-08-18,East,72,2,9,0,7,3,4,10
2024-08-18,West,22,4,2,3,6,0,0,0
2024-08-18,Central,56,0,2,11,0,6,0,2
2024-08-19,North,48,4,6,15,4,1,0,0
2024-08-19,South,41,0,7,7,1,1,3,0
2024-08-19,East,70,1,8,3,11,4,7,6
2024-08-19,West,30,2,0,9,5,0,0,0
2024-08-19,Central,68,2,2,7,3,4,3,3
2024-08-20,North,33,2,7,11,3,3,0,0
2024-08-20,South,41,0,7,8,2,1,8,0
2024-08-20,East,53,1,10,5,11,4,11,8
2024-08-20,West,17,0,2,6,4,0,2,0
2024-08-20,Central,63,0,5,11,2,3,3,5
2024-08-21,North,48,3,6,9,2,2,0,0
2024-08-21,South,54,0,9,1,0,2,6,1
2024-08-21,East,82,2,6,4,4,3,8,9
2024-08-21,West,11,0,0,3,1,0,1,0
2024-08-21,Central,67,4,3,4,4,5,0,7
2024-08-22,North,50,2,8,10,4,3,0,0
2024-08-22,South,39,0,5,3,0,0,5,1
2024-08-22,East,79,2,8,5,6,2,6,7
2024-08-22,West,10,0,2,7,0,0,1,0
2024-08-22,Central,79,3,4,12,4,10,2,4
2024-08-23,North,62,14,4,9,4,1,0,0
2024-08-23,South,45,0,4,4,1,1,6,0
2024-08-23,East,97,3,8,7,4,7,5,2
2024-08-23,West,12,2,0,4,2,0,0,0
2024-08-23,Central,65,6,5,12,0,3,1,3
2024-08-24,North,59,8,7,7,2,0,0,0
2024-08-24,South,41,1,4,5,1,0,8,0
2024-08-24,East,102,2,5,7,10,6,6,6
2024-08-24,West,20,2,1,3,1,0,0,2
2024-08-24,Central,71,7,4,14,4,4,1,4
2024-08-25,North,62,5,9,10,7,0,2,1
2024-08-25,South,34,0,9,4,2,0,8,0
2024-08-25,East,78,0,7,2,3,2,6,10
2024-08-25,West,22,7,4,3,1,0,0,0
2024-08-25,Central,77,0,5,14,7,2,0,7
2024-08-26,North,58,6,8,13,2,1,0,4
2024-08-26,South,44,1,6,3,0,0,6,1
2024-08-26,East,69,0,9,4,5,1,7,12
2024-08-26,West,16,2,1,7,2,0,0,0
2024-08-26,Central,74,2,6,6,2,5,1,5
2024-08-27,North,57,6,1,8,3,0,0,4
2024-08-27,South,46,2,3,2,0,0,7,0
2024-08-27,East,88,4,10,7,6,3,7,5
2024-08-27,West,20,1,0,7,2,0,0,0
2024-08-27,Central,62,6,5,13,4,7,1,3
2024-08-28,North,68,5,7,13,4,5,1,2
2024-08-28,South,29,1,4,2,0,1,6,0
2024-08-28,East,90,1,7,7,8,1,8,6
2024-08-28,West,38,1,0,3,5,0,0,0
2024-08-28,Central,49,1,5,15,7,3,1,7
2024-08-29,North,56,9,5,9,3,5,0,0
2024-08-29,South,37,0,1,1,1,1,6,0
2024-08-29,East,80,5,6,5,6,2,8,6
2024-08-29,West,40,3,3,4,2,0,0,0
2024-08-29,Central,37,3,5,10,1,0,0,4
2024-08-30,North,61,5,11,6,5,3,0,0
2024-08-30,South,43,0,3,1,1,1,7,0
2024-08-30,East,82,4,4,6,6,0,5,1
2024-08-30,West,22,5,0,5,0,0,2,0
2024-08-30,Central,61,2,5,11,2,2,0,3
2024-08-31,North,57,9,11,6,3,2,0,1
2024-08-31,South,41,2,1,2,0,3,6,0
2024-08-31,East,86,3,3,8,10,4,6,4
2024-08-31,West,30,12,2,0,0,0,3,1
2024-08-31,Central,50,1,4,14,2,2,1,2
2024-09-01,North,62,9,5,5,7,1,0,7
2024-09-01,South,25,0,3,0,0,1,4,1
2024-09-01,East,69,0,7,3,16,0,6,4
2024-09-01,West,24,2,1,1,4,0,0,2
2024-09-01,Central,60,2,5,10,11,5,1,5
2024-09-02,North,47,4,3,5,4,2,0,5
2024-09-02,South,29,0,0,2,1,2,6,0
2024-09-02,East,78,4,3,2,11,1,11,3
2024-09-02,West,17,5,0,2,0,0,0,1
2024-09-02,Central,40,0,6,8,4,3,0,1
2024-09-03,North,75,2,8,3,3,0,0,4
2024-09-03,South,27,0,2,2,0,0,6,0
2024-09-03,East,81,2,10,3,17,2,6,1
2024-09-03,West,30,3,0,3,1,0,3,2
2024-09-03,Central,60,0,4,5,2,2,0,0
2024-09-04,North,69,8,4,4,2,2,0,5
2024-09-04,South,35,0,3,0,0,0,6,0
2024-09-04,East,79,2,9,7,12,1,11,4
2024-09-04,West,37,3,0,3,3,0,3,4
2024-09-04,Central,43,0,4,6,4,4,1,0
2024-09-05,North,56,15,5,9,3,0,0,1
2024-09-05,South,28,0,0,2,0,1,6,0
2024-09-05,East,73,6,4,7,6,0,3,10
2024-09-05,West,21,7,0,2,1,0,0,3
2024-09-05,Central,46,0,14,10,6,1,1,0
2024-09-06,North,38,5,3,7,2,1,0,0
2024-09-06,South,29,0,1,1,1,2,4,1
2024-09-06,East,68,3,2,5,9,0,11,4
2024-09-06,West,29,12,0,5,1,1,0,7
2024-09-06,Central,53,0,10,7,5,4,0,1
2024-09-07,North,53,5,2,6,0,2,0,2
2024-09-07,South,28,1,1,0,0,2,6,0
2024-09-07,East,68,4,1,1,6,0,6,5
2024-09-07,West,32,9,0,0,0,0,2,3
2024-09-07,Central,53,2,7,8,3,4,0,0
2024-09-08,North,46,11,1,4,0,0,0,0
2024-09-08,South,27,1,0,0,1,0,5,0
2024-09-08,East,70,3,2,6,8,0,5,6
2024-09-08,West,30,8,0,0,0,1,1,4
2024-09-08,Central,67,0,9,9,3,6,0,0
2024-09-09,North,35,8,2,3,1,0,0,0
2024-09-09,South,20,0,0,0,2,2,4,0
2024-09-09,East,80,6,1,7,8,1,5,3
2024-09-09,West,35,10,0,0,2,0,0,4
2024-09-09,Central,78,1,5,5,4,2,0,0
2024-09-10,North,46,19,2,6,2,2,0,0
2024-09-10,South,28,3,0,1,2,1,4,0
2024-09-10,East,63,5,3,11,9,0,7,2
2024-09-10,West,26,5,0,0,0,0,2,2
2024-09-10,Central,48,0,5,4,1,0,0,3
2024-09-11,North,42,8,3,7,2,0,0,1
2024-09-11,South,17,2,0,1,1,1,5,0
2024-09-11,East,36,2,1,12,7,0,2,2
2024-09-11,West,19,8,0,0,0,0,0,4
2024-09-11,Central,48,0,4,11,2,2,0,4
2024-09-12,North,47,11,2,5,2,2,0,3
2024-09-12,South,22,3,0,1,0,0,9,0
2024-09-12,East,42,1,0,5,6,0,5,2
2024-09-12,West,18,3,0,0,1,0,1,5
2024-09-12,Central,51,0,8,8,0,1,1,1
2024-09-13,North,49,7,2,8,2,1,0,1
2024-09-13,South,34,7,0,0,0,1,9,0
2024-09-13,East,58,3,0,7,4,0,6,2
2024-09-13,West,37,3,1,1,1,1,0,7
2024-09-13,Central,54,2,10,3,2,4,0,2
2024-09-14,North,59,6,2,7,2,0,0,3
2024-09-14,South,32,2,2,2,0,0,9,0
2024-09-14,East,42,1,0,5,11,0,5,2
2024-09-14,West,21,9,0,1,0,0,2,1
2024-09-14,Central,40,0,2,3,2,1,0,1
2024-09-15,North,36,9,1,3,5,2,2,1
2024-09-15,South,46,3,5,2,0,2,2,0
2024-09-15,East,62,3,2,4,12,1,1,0
2024-09-15,West,15,5,0,0,0,0,1,1
2024-09-15,Central,29,0,9,2,6,1,0,0
2024-09-16,North,38,6,4,6,4,2,0,3
2024-09-16,South,50,4,0,3,0,1,6,0
2024-09-16,East,52,6,1,6,4,1,3,0
2024-09-16,West,22,8,2,3,0,0,3,0
2024-09-16,Central,34,0,11,2,0,3,0,2
2024-09-17,North,52,5,1,3,1,1,0,2
2024-09-17,South,41,6,0,1,0,1,11,0
2024-09-17,East,58,4,1,8,7,0,4,0
2024-09-17,West,20,6,0,1,1,0,3,0
2024-09-17,Central,30,1,9,1,0,0,0,0
2024-09-18,North,46,7,2,7,1,1,0,0
2024-09-18,South,32,3,3,1,0,0,10,0
2024-09-18,East,52,1,4,7,11,0,0,0
2024-09-18,West,25,14,1,2,0,0,3,0
2024-09-18,Central,29,0,8,3,1,1,2,0
2024-09-19,North,59,9,3,2,4,1,0,4
2024-09-19,South,29,2,0,4,0,0,8,0
2024-09-19,East,24,0,1,7,10,0,1,1
2024-09-19,West,22,5,1,3,0,0,1,0
2024-09-19,Central,32,0,6,3,7,1,1,0
2024-09-20,North,54,9,4,2,1,1,0,4
2024-09-20,South,21,6,0,0,0,0,8,1
2024-09-20,East,42,0,1,3,10,0,2,0
2024-09-20,West,18,8,0,4,0,0,2,0
2024-09-20,Central,30,0,5,3,1,3,0,0
2024-09-21,North,64,9,2,4,9,0,0,8
2024-09-21,South,24,2,0,0,0,0,7,1
2024-09-21,East,39,0,0,7,7,0,2,0
2024-09-21,West,30,5,0,3,0,0,0,1
2024-09-21,Central,33,2,1,0,4,1,0,0
2024-09-22,North,52,13,4,3,3,1,0,10
2024-09-22,South,23,2,0,0,0,2,9,0
2024-09-22,East,48,1,0,11,6,0,0,0
2024-09-22,West,45,8,0,3,0,1,3,3
2024-09-22,Central,26,0,5,1,4,1,0,0
2024-09-23,North,58,12,3,4,3,1,3,5
2024-09-23,South,20,3,0,0,0,0,5,0
2024-09-23,East,43,0,0,12,7,0,0,1
2024-09-23,West,31,5,0,0,0,1,1,4
2024-09-23,Central,21,0,8,2,0,1,0,4
2024-09-24,North,59,7,1,1,4,3,2,8
2024-09-24,South,12,4,0,1,0,0,3,0
2024-09-24,East,44,0,0,11,5,0,0,0
2024-09-24,West,31,10,1,5,1,1,3,4
2024-09-24,Central,31,0,3,4,0,0,0,2
2024-09-25,North,56,4,3,4,5,5,0,7
2024-09-25,South,33,3,0,0,2,0,1,0
2024-09-25,East,39,0,0,7,5,1,0,5
2024-09-25,West,30,4,1,0,1,1,1,2
2024-09-25,Central,22,0,6,0,0,3,0,0
2024-09-26,North,65,7,3,4,5,0,2,4
2024-09-26,South,31,4,0,0,1,0,4,1
2024-09-26,East,47,0,0,11,5,1,0,5
2024-09-26,West,30,13,0,4,9,0,2,1
2024-09-26,Central,24,0,2,3,0,1,1,0
2024-09-27,North,53,9,3,4,2,0,1,4
2024-09-27,South,24,3,0,0,0,0,5,0
2024-09-27,East,37,0,1,4,0,1,2,4
2024-09-27,West,26,9,0,1,0,0,2,1
2024-09-27,Central,20,0,9,0,0,0,0,0
2024-09-28,North,41,10,0,4,5,0,0,8
2024-09-28,South,28,4,0,1,0,0,4,0
2024-09-28,East,56,0,6,10,5,0,2,8
2024-09-28,West,26,9,1,1,2,0,1,7
2024-09-28,Central,14,0,4,0,0,1,1,0
2024-09-29,North,33,7,1,5,4,1,0,12
2024-09-29,South,39,3,0,4,1,0,8,0
2024-09-29,East,48,4,1,6,4,0,2,5
2024-09-29,West,25,10,0,3,1,0,2,1
2024-09-29,Central,24,0,2,0,0,1,0,0
2024-09-30,North,48,7,2,6,2,3,0,13
2024-09-30,South,21,4,0,5,0,3,7,0
2024-09-30,East,47,2,0,9,7,0,2,5
2024-09-30,West,34,7,0,5,1,0,2,1
2024-09-30,Central,21,0,6,0,1,0,0,0
2024-10-01,North,50,8,1,2,1,0,0,7
2024-10-01,South,23,6,0,3,0,0,3,0
2024-10-01,East,47,2,0,8,5,0,2,6
2024-10-01,West,37,11,0,6,3,0,3,5
2024-10-01,Central,30,1,3,0,0,4,0,0
2024-10-02,North,30,1,2,3,2,0,0,8
2024-10-02,South,28,3,0,4,0,2,3,0
2024-10-02,East,38,5,0,7,5,1,4,6
2024-10-02,West,44,11,0,4,1,0,2,6
2024-10-02,Central,35,1,9,0,0,1,0,0
2024-10-03,North,31,7,3,0,7,0,0,5
2024-10-03,South,25,2,0,6,0,0,1,0
2024-10-03,East,35,5,2,4,7,0,1,7
2024-10-03,West,54,11,0,5,1,0,2,11
2024-10-03,Central,31,0,5,2,1,2,0,1
2024-10-04,North,25,8,3,3,0,2,0,6
2024-10-04,South,31,2,2,3,0,0,4,0
2024-10-04,East,35,1,2,5,7,1,2,4
2024-10-04,West,61,6,0,7,0,0,1,10
2024-10-04,Central,43,0,10,2,0,1,0,0
2024-10-05,North,20,5,0,0,0,0,1,12
2024-10-05,South,35,2,0,4,0,1,3,0
2024-10-05,East,30,0,4,5,5,1,0,5
2024-10-05,West,57,7,1,5,0,0,1,8
2024-10-05,Central,29,2,9,2,0,4,0,1
2024-10-06,North,28,4,1,0,1,0,0,7
2024-10-06,South,10,4,0,1,0,2,2,0
2024-10-06,East,31,0,1,6,6,0,0,0
2024-10-06,West,45,6,0,5,0,1,3,10
2024-10-06,Central,38,2,10,0,0,3,0,3
2024-10-07,North,28,7,1,1,0,1,1,5
2024-10-07,South,16,2,0,3,0,4,0,0
2024-10-07,East,22,0,2,3,4,0,0,1
2024-10-07,West,50,9,0,4,0,0,2,8
2024-10-07,Central,26,0,9,3,0,2,0,1
2024-10-08,North,37,11,1,1,0,0,1,4
2024-10-08,South,21,1,0,5,0,0,2,0
2024-10-08,East,25,0,0,1,4,0,0,5
2024-10-08,West,39,9,0,3,1,0,1,11
2024-10-08,Central,41,0,5,2,0,2,0,4
2024-10-09,North,49,7,3,1,2,2,0,8
2024-10-09,South,11,0,0,4,0,1,1,1
2024-10-09,East,21,0,0,5,4,0,1,0
2024-10-09,West,49,3,0,5,0,0,0,9
2024-10-09,Central,34,0,4,2,0,7,0,2
2024-10-10,North,26,6,0,1,1,1,0,7
2024-10-10,South,4,0,0,1,0,0,0,0
2024-10-10,East,14,0,0,4,3,0,0,0
2024-10-10,West,37,4,0,7,0,0,0,9
2024-10-10,Central,35,2,2,0,0,1,0,3
2024-10-11,North,33,7,2,1,2,1,0,4
2024-10-11,South,8,0,1,2,0,0,0,0
2024-10-11,East,26,0,0,2,1,0,0,0
2024-10-11,West,40,5,1,6,1,0,0,6
2024-10-11,Central,36,1,2,0,0,3,1,3
2024-10-12,North,27,2,0,0,2,3,0,2
2024-10-12,South,2,0,0,2,1,0,0,0
2024-10-12,East,19,0,0,6,2,1,0,0
2024-10-12,West,45,5,2,8,2,0,0,8
2024-10-12,Central,30,1,3,0,0,5,0,0
2024-10-13,North,23,5,1,0,1,1,0,4
2024-10-13,South,8,1,0,0,0,0,0,0
2024-10-13,East,29,3,0,9,2,0,2,0
2024-10-13,West,30,8,0,6,0,0,0,5
2024-10-13,Central,41,0,5,0,0,2,0,4
2024-10-14,North,30,6,3,1,0,3,0,0
2024-10-14,South,10,0,3,2,0,0,1,0
2024-10-14,East,15,2,0,1,6,0,1,0
2024-10-14,West,27,5,0,2,0,0,1,0
2024-10-14,Central,40,1,5,0,0,3,0,3
2024-10-15,North,41,8,4,0,3,1,0,5
2024-10-15,South,8,0,1,0,0,1,0,0
2024-10-15,East,22,3,0,4,3,0,3,0
2024-10-15,West,19,3,4,2,0,1,0,4
2024-10-15,Central,35,1,6,0,0,2,0,3
2024-10-16,North,38,8,3,0,5,1,0,2
2024-10-16,South,11,0,2,1,0,0,2,0
2024-10-16,East,33,5,0,1,6,0,1,2
2024-10-16,West,25,5,4,3,1,1,1,0
2024-10-16,Central,39,1,5,0,1,2,0,0
2024-10-17,North,34,6,1,0,6,3,4,4
2024-10-17,South,10,0,1,4,0,0,3,0
2024-10-17,East,28,3,0,5,6,0,0,0
2024-10-17,West,18,5,3,3,0,0,0,0
2024-10-17,Central,33,0,7,0,0,3,1,3
2024-10-18,North,39,6,4,1,0,1,0,0
2024-10-18,South,20,0,1,4,1,2,2,0
2024-10-18,East,26,4,0,7,3,0,0,1
2024-10-18,West,27,2,0,1,0,0,1,0
2024-10-18,Central,19,0,4,0,1,1,1,4
2024-10-19,North,33,8,1,4,3,0,3,4
2024-10-19,South,17,1,0,4,1,1,1,0
2024-10-19,East,22,2,1,5,1,0,0,0
2024-10-19,West,18,3,0,6,4,0,1,0
2024-10-19,Central,22,2,3,0,1,1,0,0
2024-10-20,North,36,11,3,4,6,0,0,1
2024-10-20,South,25,2,0,2,1,1,3,0
2024-10-20,East,28,3,0,7,3,1,2,0
2024-10-20,West,19,2,1,4,2,0,3,0
2024-10-20,Central,15,2,4,0,0,0,0,0
2024-10-21,North,57,8,2,2,5,0,0,1
2024-10-21,South,27,2,0,0,2,1,7,0
2024-10-21,East,32,1,2,6,2,0,1,0
2024-10-21,West,29,2,1,2,4,0,2,0
2024-10-21,Central,21,1,6,0,0,1,0,0
2024-10-22,North,26,9,1,1,1,0,0,1
2024-10-22,South,19,0,0,5,1,2,0,0
2024-10-22,East,20,2,1,3,2,3,1,0
2024-10-22,West,22,4,0,5,2,0,3,2
2024-10-22,Central,14,0,3,3,1,2,0,0
2024-10-23,North,36,7,0,0,2,1,0,1
2024-10-23,South,27,0,0,2,2,3,1,1
2024-10-23,East,38,0,1,7,2,1,0,0
2024-10-23,West,21,3,0,2,1,0,4,0
2024-10-23,Central,21,0,1,4,0,0,0,0
2024-10-24,North,29,6,1,0,6,0,0,1
2024-10-24,South,26,1,0,4,4,2,0,0
2024-10-24,East,26,0,0,8,7,0,0,0
2024-10-24,West,23,3,0,7,5,1,1,0
2024-10-24,Central,16,0,1,3,0,1,0,1
2024-10-25,North,33,5,0,0,3,0,1,0
2024-10-25,South,24,0,0,2,5,3,0,0
2024-10-25,East,31,1,0,3,6,0,0,1
2024-10-25,West,16,1,0,6,0,0,1,0
2024-10-25,Central,16,0,4,1,0,0,0,0
2024-10-26,North,20,6,0,1,6,0,3,0
2024-10-26,South,20,0,0,2,3,0,1,0
2024-10-26,East,42,3,0,7,3,1,0,1
2024-10-26,West,6,1,4,4,1,0,0,0
2024-10-26,Central,13,0,4,0,1,0,0,0
2024-10-27,North,29,8,0,0,5,0,1,0
2024-10-27,South,15,0,0,8,6,0,0,2
2024-10-27,East,37,4,2,13,6,1,0,2
2024-10-27,West,22,0,0,3,3,1,1,0
2024-10-27,Central,18,0,1,0,0,0,0,3
2024-10-28,North,21,8,0,0,3,0,0,0
2024-10-28,South,12,0,0,4,3,0,0,2
2024-10-28,East,31,1,0,6,0,1,1,4
2024-10-28,West,16,0,1,0,3,0,0,0
2024-10-28,Central,17,1,5,3,0,0,1,1
2024-10-29,North,24,11,1,0,3,0,2,0
2024-10-29,South,16,0,0,2,4,0,1,2
2024-10-29,East,24,2,0,12,2,0,0,0
2024-10-29,West,16,0,1,0,3,0,0,2
2024-10-29,Central,22,0,6,3,0,0,0,0
2024-10-30,North,40,11,2,0,4,0,0,0
2024-10-30,South,31,0,0,4,2,0,0,0
2024-10-30,East,29,0,1,11,0,0,0,5
2024-10-30,West,12,0,0,0,3,0,0,2
2024-10-30,Central,18,0,7,1,0,2,0,0
2024-10-31,North,40,4,2,0,2,0,0,0
2024-10-31,South,29,0,0,8,1,0,1,3
2024-10-31,East,16,0,1,13,0,0,0,1
2024-10-31,West,14,0,0,2,3,0,0,0
2024-10-31,Central,18,1,3,3,0,3,1,0
2024-11-01,North,39,10,3,0,3,0,0,0
2024-11-01,South,18,0,0,3,0,1,0,0
2024-11-01,East,23,0,1,9,1,0,0,1
2024-11-01,West,1,0,0,1,1,0,0,0
2024-11-01,Central,28,0,3,7,0,2,0,0
2024-11-02,North,50,12,4,0,3,1,5,1
2024-11-02,South,9,0,2,2,1,0,0,0
2024-11-02,East,22,0,1,6,0,0,0,5
2024-11-02,West,20,2,0,0,1,0,1,2
2024-11-02,Central,24,0,4,2,0,1,2,0
2024-11-03,North,44,13,4,0,3,0,2,1
2024-11-03,South,20,1,0,8,4,0,0,0
2024-11-03,East,13,1,1,4,5,0,0,4
2024-11-03,West,10,1,0,0,1,0,1,0
2024-11-03,Central,23,0,0,3,0,1,0,0
2024-11-04,North,38,11,5,0,5,0,2,0
2024-11-04,South,3,0,0,1,3,0,0,0
2024-11-04,East,23,0,4,10,1,0,0,6
2024-11-04,West,10,0,0,0,0,0,1,2
2024-11-04,Central,20,0,4,2,0,1,0,0
2024-11-05,North,41,6,1,0,6,2,0,5
2024-11-05,South,9,0,0,0,1,0,0,1
2024-11-05,East,29,0,2,8,0,0,0,5
2024-11-05,West,6,0,0,0,2,0,0,0
2024-11-05,Central,22,0,4,3,0,1,0,1
2024-11-06,North,46,10,9,0,5,1,6,4
2024-11-06,South,7,1,0,0,2,1,0,0
2024-11-06,East,27,1,3,8,2,0,0,11
2024-11-06,West,17,0,0,0,5,0,1,0
2024-11-06,Central,13,0,2,2,0,0,0,0
2024-11-07,North,55,3,2,0,0,0,6,6
2024-11-07,South,13,2,0,0,3,1,0,0
2024-11-07,East,23,0,2,5,1,0,1,11
2024-11-07,West,23,0,0,0,4,0,2,0
2024-11-07,Central,27,0,3,3,2,1,1,0
2024-11-08,North,44,9,3,1,2,0,4,3
2024-11-08,South,17,9,0,0,5,0,0,2
2024-11-08,East,36,0,1,9,1,0,1,11
2024-11-08,West,8,0,0,0,2,1,0,0
2024-11-08,Central,19,1,4,4,1,0,0,2
2024-11-09,North,64,13,6,3,2,0,2,4
2024-11-09,South,29,2,0,1,7,0,0,6
2024-11-09,East,27,0,6,8,0,0,1,8
2024-11-09,West,14,0,0,0,2,0,0,0
2024-11-09,Central,16,0,4,0,0,0,0,0
2024-11-10,North,63,7,4,0,3,3,3,9
2024-11-10,South,25,2,0,0,4,0,0,4
2024-11-10,East,27,0,2,8,0,1,0,4
2024-11-10,West,7,0,0,0,2,0,0,0
2024-11-10,Central,12,1,3,1,1,0,0,0
2024-11-11,North,50,7,2,0,8,1,2,5
2024-11-11,South,31,5,0,2,2,0,2,1
2024-11-11,East,32,2,1,9,0,0,0,9
2024-11-11,West,12,0,0,0,1,0,0,0
2024-11-11,Central,20,0,5,3,2,0,1,0
2024-11-12,North,52,10,6,0,0,0,2,7
2024-11-12,South,30,2,4,0,4,0,1,4
2024-11-12,East,52,0,2,5,0,0,0,8
2024-11-12,West,11,1,1,0,0,0,0,2
2024-11-12,Central,22,0,4,1,2,0,0,0
2024-11-13,North,57,9,2,0,2,0,5,6
2024-11-13,South,20,0,2,0,8,0,4,5
2024-11-13,East,18,0,2,7,0,0,0,5
2024-11-13,West,10,0,2,1,2,0,0,3
2024-11-13,Central,14,0,2,1,0,0,0,1
2024-11-14,North,55,7,5,1,3,1,4,8
2024-11-14,South,19,2,2,0,2,0,0,5
2024-11-14,East,25,0,1,6,0,0,0,4
2024-11-14,West,17,0,2,2,1,0,1,8
2024-11-14,Central,15,0,3,3,0,0,0,0
2024-11-15,North,37,9,2,0,2,0,2,2
2024-11-15,South,29,2,2,1,0,1,1,2
2024-11-15,East,13,0,4,4,0,0,0,1
2024-11-15,West,15,2,2,1,1,0,0,5
2024-11-15,Central,10,0,13,0,0,0,0,0
2024-11-16,North,46,3,1,0,0,3,2,5
2024-11-16,South,23,3,2,1,0,1,2,4
2024-11-16,East,22,0,0,4,3,0,0,0
2024-11-16,West,19,0,7,1,1,0,0,2
2024-11-16,Central,10,0,4,0,0,0,0,0
2024-11-17,North,47,5,3,0,2,1,4,9
2024-11-17,South,31,1,3,1,3,0,2,2
2024-11-17,East,19,2,0,2,2,0,0,3
2024-11-17,West,17,0,5,0,2,0,0,2
2024-11-17,Central,12,1,6,0,0,0,0,0
2024-11-18,North,59,7,7,0,1,2,1,6
2024-11-18,South,30,2,0,1,0,2,1,7
2024-11-18,East,12,1,0,5,0,0,0,3
2024-11-18,West,23,0,5,4,0,0,3,2
2024-11-18,Central,22,0,7,1,0,0,0,0
2024-11-19,North,48,6,5,0,2,3,1,4
2024-11-19,South,33,0,4,0,2,2,2,3
2024-11-19,East,10,3,2,4,0,0,0,1
2024-11-19,West,38,0,4,5,1,0,2,6
2024-11-19,Central,18,0,5,0,0,0,0,1
2024-11-20,North,46,6,6,0,0,0,1,9
2024-11-20,South,38,1,1,0,2,2,3,2
2024-11-20,East,17,1,0,5,0,0,2,2
2024-11-20,West,37,0,6,5,3,0,2,5
2024-11-20,Central,18,0,2,2,0,0,0,0
2024-11-21,North,50,7,2,1,0,1,2,2
2024-11-21,South,21,0,1,0,4,4,2,2
2024-11-21,East,24,1,2,5,0,0,0,1
2024-11-21,West,46,0,1,10,1,2,2,5
2024-11-21,Central,14,0,5,1,0,0,0,0
2024-11-22,North,57,7,2,0,1,1,2,10
2024-11-22,South,42,0,3,3,1,1,0,3
2024-11-22,East,16,0,0,5,0,0,1,1
2024-11-22,West,45,0,4,2,4,1,2,6
2024-11-22,Central,11,0,3,3,0,0,0,0
2024-11-23,North,59,9,3,0,2,2,3,10
2024-11-23,South,29,1,0,2,6,1,3,4
2024-11-23,East,19,0,0,5,0,1,1,3
2024-11-23,West,31,0,3,2,4,1,0,7
2024-11-23,Central,24,0,3,3,2,0,0,1
2024-11-24,North,57,8,3,0,1,5,0,9
2024-11-24,South,28,0,0,0,0,3,5,3
2024-11-24,East,21,0,2,5,0,0,0,2
2024-11-24,West,26,0,3,2,2,0,1,3
2024-11-24,Central,20,2,4,3,2,0,0,0
2024-11-25,North,61,12,0,0,1,2,3,5
2024-11-25,South,22,1,1,0,0,0,2,4
2024-11-25,East,18,0,0,5,0,0,0,3
2024-11-25,West,29,3,2,8,5,0,0,2
2024-11-25,Central,8,0,4,1,0,0,0,0
2024-11-26,North,49,15,5,0,0,1,1,2
2024-11-26,South,45,1,2,0,1,3,3,5
2024-11-26,East,16,0,0,8,0,1,0,0
2024-11-26,West,31,3,4,5,2,2,1,6
2024-11-26,Central,13,0,6,0,0,0,0,0
2024-11-27,North,41,10,4,0,3,2,1,4
2024-11-27,South,20,1,0,0,1,3,4,0
2024-11-27,East,15,0,0,6,1,4,0,0
2024-11-27,West,29,1,1,3,2,0,2,2
2024-11-27,Central,14,0,4,3,0,0,0,0
2024-11-28,North,41,9,2,0,2,5,3,1
2024-11-28,South,23,3,0,2,1,2,3,3
2024-11-28,East,19,0,0,3,0,0,0,0
2024-11-28,West,32,0,4,9,1,1,0,0
2024-11-28,Central,17,0,3,1,0,0,0,0
2024-11-29,North,58,5,1,3,0,5,4,0
2024-11-29,South,24,3,1,0,1,1,5,5
2024-11-29,East,13,0,1,3,0,2,0,0
2024-11-29,West,42,0,4,10,1,1,3,1
2024-11-29,Central,22,0,6,1,0,0,0,2
2024-11-30,North,49,6,2,0,3,8,3,2
2024-11-30,South,36,2,0,0,0,0,4,5
2024-11-30,East,17,0,0,0,3,0,0,0
2024-11-30,West,34,0,4,9,2,1,0,0
2024-11-30,Central,16,1,1,6,0,0,0,2
2024-12-01,North,44,4,5,0,2,5,0,0
2024-12-01,South,36,3,2,0,0,1,4,3
2024-12-01,East,12,0,1,1,5,0,0,0
2024-12-01,West,28,0,3,7,3,2,0,0
2024-12-01,Central,19,1,1,2,4,0,0,1
2024-12-02,North,43,8,1,2,6,4,1,0
2024-12-02,South,31,4,3,0,1,3,4,5
2024-12-02,East,12,0,1,3,3,2,0,0
2024-12-02,West,27,1,7,9,2,0,2,1
2024-12-02,Central,28,2,3,7,1,0,0,0
2024-12-03,North,52,8,2,2,8,7,1,0
2024-12-03,South,35,1,4,1,0,0,3,6
2024-12-03,East,22,2,1,1,2,0,0,0
2024-12-03,West,34,2,3,10,0,2,0,3
2024-12-03,Central,27,1,1,3,5,0,0,0
2024-12-04,North,40,3,4,1,6,8,1,0
2024-12-04,South,37,4,1,1,2,0,5,5
2024-12-04,East,11,0,7,0,4,0,0,1
2024-12-04,West,28,0,2,8,2,0,0,0
2024-12-04,Central,27,0,0,5,2,0,0,0
2024-12-05,North,52,5,0,1,7,2,1,1
2024-12-05,South,38,2,4,1,4,0,5,8
2024-12-05,East,19,0,6,0,1,0,0,1
2024-12-05,West,34,3,1,7,4,0,0,0
2024-12-05,Central,28,5,2,4,0,0,0,2
2024-12-06,North,49,2,0,1,6,4,1,0
2024-12-06,South,45,2,3,6,0,0,7,4
2024-12-06,East,23,0,4,0,5,0,0,2
2024-12-06,West,40,2,4,10,1,2,0,0
2024-12-06,Central,31,4,3,6,0,0,0,0
2024-12-07,North,53,7,2,2,6,4,0,0
2024-12-07,South,22,0,1,2,2,0,6,6
2024-12-07,East,29,0,9,0,2,0,0,3
2024-12-07,West,46,4,9,9,2,3,0,0
2024-12-07,Central,34,2,3,3,1,0,0,0
2024-12-08,North,61,5,4,1,8,3,1,2
2024-12-08,South,29,0,4,3,1,1,2,3
2024-12-08,East,41,0,4,0,2,0,0,4
2024-12-08,West,43,7,3,10,0,3,0,1
2024-12-08,Central,43,4,3,2,3,0,0,0
2024-12-09,North,53,6,3,4,6,6,0,2
2024-12-09,South,37,0,0,1,0,0,5,3
2024-12-09,East,38,2,2,0,3,0,1,4
2024-12-09,West,48,3,8,4,0,1,0,3
2024-12-09,Central,28,1,2,11,2,0,0,0
2024-12-10,North,55,7,4,4,1,7,0,0
2024-12-10,South,26,0,0,2,0,0,5,10
2024-12-10,East,31,3,7,0,7,1,1,4
2024-12-10,West,56,6,3,9,2,1,0,2
2024-12-10,Central,26,2,2,6,1,0,0,0
2024-12-11,North,49,5,3,3,2,5,1,0
2024-12-11,South,41,0,0,2,1,0,4,8
2024-12-11,East,41,0,10,0,7,0,0,3
2024-12-11,West,44,3,9,13,2,2,2,0
2024-12-11,Central,28,2,4,7,0,0,0,4
2024-12-12,North,50,5,0,2,5,4,2,1
2024-12-12,South,37,0,0,3,0,1,0,11
2024-12-12,East,47,1,2,0,8,1,0,9
2024-12-12,West,56,2,3,8,0,7,0,2
2024-12-12,Central,33,9,4,6,1,1,0,7
2024-12-13,North,43,4,0,0,3,3,1,3
2024-12-13,South,32,0,0,1,0,0,2,12
2024-12-13,East,43,2,3,0,4,1,0,10
2024-12-13,West,39,8,4,9,1,2,1,0
2024-12-13,Central,37,2,7,5,0,1,1,3
2024-12-14,North,50,5,0,5,9,3,0,0
2024-12-14,South,14,0,0,0,0,2,4,10
2024-12-14,East,59,5,5,0,2,1,1,15
2024-12-14,West,61,5,4,6,5,3,0,1
2024-12-14,Central,48,2,4,10,0,3,1,5
2024-12-15,North,32,7,0,2,1,4,1,1
2024-12-15,South,26,2,2,0,0,0,1,5
2024-12-15,East,44,2,6,0,6,1,2,9
2024-12-15,West,50,5,5,7,1,3,0,1
2024-12-15,Central,48,3,1,11,1,2,0,4
2024-12-16,North,43,2,0,2,6,2,2,2
2024-12-16,South,36,1,0,0,0,1,3,16
2024-12-16,East,48,4,3,0,4,0,0,11
2024-12-16,West,63,5,6,7,1,7,0,2
2024-12-16,Central,68,5,6,11,0,2,1,5
2024-12-17,North,56,7,1,2,2,8,0,0
2024-12-17,South,29,1,0,2,0,2,2,11
2024-12-17,East,58,0,11,1,10,2,1,11
2024-12-17,West,56,3,3,10,0,2,0,5
2024-12-17,Central,44,5,3,13,0,2,2,1
2024-12-18,North,48,6,0,1,4,2,0,2
2024-12-18,South,34,4,1,2,0,0,2,6
2024-12-18,East,45,3,6,0,6,0,0,6
2024-12-18,West,52,1,8,6,1,4,0,0
2024-12-18,Central,50,3,4,13,2,5,3,4
2024-12-19,North,39,5,0,3,1,7,0,0
2024-12-19,South,27,3,0,2,0,0,2,5
2024-12-19,East,55,1,8,0,3,1,0,5
2024-12-19,West,64,2,4,6,4,8,0,0
2024-12-19,Central,64,5,1,11,1,1,1,7
2024-12-20,North,45,5,0,4,1,4,0,0
2024-12-20,South,49,3,3,0,1,2,0,4
2024-12-20,East,50,1,8,0,9,4,0,4
2024-12-20,West,72,1,7,5,1,7,0,2
2024-12-20,Central,64,1,2,11,3,2,2,4
2024-12-21,North,44,6,0,2,0,5,0,0
2024-12-21,South,24,0,3,0,0,0,5,10
2024-12-21,East,49,3,9,0,6,0,3,7
2024-12-21,West,61,0,8,3,10,4,0,1
2024-12-21,Central,61,3,3,15,3,2,3,7
2024-12-22,North,42,5,1,2,2,2,0,2
2024-12-22,South,39,3,2,2,0,1,6,2
2024-12-22,East,55,1,3,1,7,1,3,7
2024-12-22,West,49,0,7,2,4,3,0,0
2024-12-22,Central,67,8,2,18,5,1,3,7
2024-12-23,North,47,2,1,9,2,4,0,0
2024-12-23,South,48,6,3,3,0,0,1,3
2024-12-23,East,60,1,3,1,4,1,2,4
2024-12-23,West,48,1,10,3,5,5,3,0
2024-12-23,Central,74,4,3,7,4,2,9,4
2024-12-24,North,47,6,1,8,2,6,0,0
2024-12-24,South,41,3,1,7,2,0,1,7
2024-12-24,East,56,1,8,0,5,3,1,7
2024-12-24,West,44,0,6,4,4,3,1,2
2024-12-24,Central,75,4,2,9,4,4,3,5
2024-12-25,North,32,3,0,7,4,1,0,0
2024-12-25,South,41,2,1,6,1,0,3,5
2024-12-25,East,69,3,7,3,6,2,2,9
2024-12-25,West,45,0,4,1,10,4,0,3
2024-12-25,Central,74,4,4,20,8,5,1,6
2024-12-26,North,35,0,0,6,5,5,1,0
2024-12-26,South,38,9,5,2,0,0,6,5
2024-12-26,East,80,3,11,1,2,0,2,7
2024-12-26,West,45,0,6,0,4,7,1,0
2024-12-26,Central,87,5,5,17,4,2,8,5
2024-12-27,North,50,0,0,8,0,3,0,0
2024-12-27,South,44,5,10,6,4,2,3,9
2024-12-27,East,42,3,3,2,7,1,4,7
2024-12-27,West,49,0,10,0,4,5,5,0
2024-12-27,Central,80,6,4,17,5,0,2,13
2024-12-28,North,30,0,1,3,5,11,2,0
2024-12-28,South,56,4,0,9,3,0,2,6
2024-12-28,East,52,0,3,0,5,0,1,8
2024-12-28,West,50,0,12,0,2,5,1,0
2024-12-28,Central,67,1,5,8,6,1,5,6
2024-12-29,North,38,0,0,2,5,5,0,0
2024-12-29,South,62,5,5,3,1,0,1,6
2024-12-29,East,49,0,8,0,8,4,0,6
2024-12-29,West,66,0,5,1,4,1,4,1
2024-12-29,Central,89,1,6,6,3,0,4,13
2024-12-30,North,39,0,1,4,3,3,0,0
2024-12-30,South,60,3,6,5,2,0,4,14
2024-12-30,East,61,1,6,0,5,3,0,3
2024-12-30,West,71,0,3,4,2,8,3,2
2024-12-30,Central,78,3,2,13,2,1,4,5
2024-12-31,North,52,1,0,5,10,7,0,0
2024-12-31,South,67,3,5,2,3,0,6,8
2024-12-31,East,65,4,7,0,14,1,2,7
2024-12-31,West,68,0,8,7,5,2,6,0
2024-12-31,Central,77,7,5,8,2,0,9,0
2025-01-01,North,40,0,1,3,5,5,0,0
2025-01-01,South,49,4,5,1,2,0,4,10
2025-01-01,East,44,5,11,0,6,4,0,3
2025-01-01,West,59,0,5,9,6,3,3,3
2025-01-01,Central,81,4,1,14,5,1,9,5
2025-01-02,North,60,1,2,4,5,3,0,3
2025-01-02,South,71,5,4,5,2,1,6,12
2025-01-02,East,61,3,5,0,4,0,1,6
2025-01-02,West,75,1,8,6,8,3,4,1
2025-01-02,Central,77,8,3,13,1,3,7,7
2025-01-03,North,52,0,2,8,2,4,0,2
2025-01-03,South,91,7,5,1,1,4,8,10
2025-01-03,East,70,6,6,0,6,1,0,5
2025-01-03,West,70,2,10,9,5,4,3,0
2025-01-03,Central,89,4,3,11,1,3,4,4
2025-01-04,North,53,3,1,8,9,5,0,4
2025-01-04,South,88,7,6,6,2,2,10,7
2025-01-04,East,60,5,7,1,3,2,3,8
2025-01-04,West,70,1,10,4,7,3,3,2
2025-01-04,Central,83,5,4,9,2,2,5,10
2025-01-05,North,72,2,2,8,12,2,1,2
2025-01-05,South,74,4,1,6,3,1,3,10
2025-01-05,East,68,1,8,2,11,1,1,3
2025-01-05,West,63,2,10,2,10,3,2,0
2025-01-05,Central,98,2,1,18,1,1,9,7
2025-01-06,North,46,2,4,6,7,4,0,8
2025-01-06,South,78,3,5,5,3,2,8,15
2025-01-06,East,60,2,5,2,4,1,3,3
2025-01-06,West,79,0,8,6,6,4,3,0
2025-01-06,Central,84,7,3,9,0,0,5,7
2025-01-07,North,74,2,5,7,8,6,0,6
2025-01-07,South,77,4,9,4,4,0,9,11
2025-01-07,East,76,3,13,3,3,0,5,3
2025-01-07,West,77,8,2,3,7,3,4,1
2025-01-07,Central,81,2,3,13,3,0,8,12
2025-01-08,North,94,1,2,5,10,2,0,10
2025-01-08,South,93,7,3,7,3,4,3,13
2025-01-08,East,62,3,6,1,2,3,3,3
2025-01-08,West,74,2,4,7,9,2,4,2
2025-01-08,Central,67,2,4,12,4,0,3,9
2025-01-09,North,72,2,4,4,12,3,0,6
2025-01-09,South,82,2,6,6,3,3,6,20
2025-01-09,East,78,5,6,2,3,1,4,4
2025-01-09,West,85,2,11,9,13,3,2,3
2025-01-09,Central,75,1,3,15,2,0,2,10
2025-01-10,North,79,2,1,2,6,3,1,6
2025-01-10,South,76,5,8,10,1,3,3,16
2025-01-10,East,68,10,7,3,4,3,7,5
2025-01-10,West,88,5,9,9,4,4,5,0
2025-01-10,Central,82,9,2,12,5,1,9,10
2025-01-11,North,62,1,0,5,10,4,3,9
2025-01-11,South,90,6,5,4,0,2,7,12
2025-01-11,East,85,7,2,5,3,3,3,6
2025-01-11,West,97,2,6,9,4,2,6,0
2025-01-11,Central,96,2,6,16,6,3,5,8
2025-01-12,North,60,7,1,9,8,3,1,6
2025-01-12,South,80,3,2,0,0,3,4,13
2025-01-12,East,83,10,5,9,7,1,3,9
2025-01-12,West,84,6,12,12,10,5,3,0
2025-01-12,Central,86,5,8,14,5,1,3,9
2025-01-13,North,74,1,1,9,5,5,1,4
2025-01-13,South,64,10,7,6,0,3,6,14
2025-01-13,East,85,12,4,5,4,1,9,7
2025-01-13,West,77,4,5,11,6,3,5,0
2025-01-13,Central,98,5,9,17,3,1,8,17
2025-01-14,North,72,2,0,7,11,11,0,3
2025-01-14,South,71,5,3,7,0,2,4,5
2025-01-14,East,94,8,7,8,7,3,1,8
2025-01-14,West,101,7,6,9,4,4,6,1
2025-01-14,Central,82,8,2,10,2,1,8,11
2025-01-15,North,66,1,3,7,7,2,1,5
2025-01-15,South,73,1,3,4,0,4,9,12
2025-01-15,East,96,9,9,6,12,1,7,14
2025-01-15,West,96,2,5,8,9,5,11,0
2025-01-15,Central,72,7,6,18,5,1,9,17
2025-01-16,North,44,3,0,2,12,7,1,3
2025-01-16,South,68,6,0,5,2,7,3,15
2025-01-16,East,91,8,5,8,7,0,6,9
2025-01-16,West,100,3,7,4,7,6,9,0
2025-01-16,Central,78,5,1,9,5,2,6,13
2025-01-17,North,49,2,0,2,8,7,0,0
2025-01-17,South,85,8,0,2,3,2,6,8
2025-01-17,East,75,10,5,5,11,2,5,15
2025-01-17,West,89,1,6,9,4,6,5,0
2025-01-17,Central,93,6,8,7,8,2,5,12
2025-01-18,North,47,2,0,5,7,11,0,3
2025-01-18,South,80,1,2,1,2,4,11,12
2025-01-18,East,99,4,8,8,3,0,1,16
2025-01-18,West,90,1,4,7,8,7,5,1
2025-01-18,Central,84,4,2,8,3,2,9,13
2025-01-19,North,51,2,0,2,7,4,0,7
2025-01-19,South,80,3,5,2,3,3,12,11
2025-01-19,East,87,10,11,4,5,1,4,16
2025-01-19,West,90,1,8,10,3,2,5,0
2025-01-19,Central,105,7,3,6,1,0,6,16
2025-01-20,North,65,2,0,5,7,2,0,9
2025-01-20,South,86,4,2,2,1,7,5,20
2025-01-20,East,81,10,9,11,3,2,7,13
2025-01-20,West,102,4,7,9,5,3,9,0
2025-01-20,Central,95,10,5,3,5,1,9,22
2025-01-21,North,43,0,0,5,10,0,0,5
2025-01-21,South,72,7,3,5,5,3,6,14
2025-01-21,East,79,7,10,12,1,0,5,11
2025-01-21,West,88,1,12,8,7,4,4,1
2025-01-21,Central,79,9,3,10,2,2,9,8
2025-01-22,North,36,0,0,9,9,1,0,6
2025-01-22,South,95,5,1,11,2,5,9,14
2025-01-22,East,88,6,9,6,4,0,4,11
2025-01-22,West,92,2,9,16,6,2,6,1
2025-01-22,Central,97,7,4,18,1,0,4,9
2025-01-23,North,49,0,0,8,9,3,0,3
2025-01-23,South,71,6,1,2,1,4,7,3
2025-01-23,East,86,5,12,9,3,1,2,10
2025-01-23,West,92,1,6,7,5,5,8,0
2025-01-23,Central,100,4,6,15,0,1,4,19
2025-01-24,North,53,0,0,8,4,1,0,5
2025-01-24,South,89,4,0,2,2,4,14,16
2025-01-24,East,95,11,10,5,2,1,4,16
2025-01-24,West,84,2,4,8,7,5,10,0
2025-01-24,Central,95,8,4,10,1,2,2,13
2025-01-25,North,53,1,1,14,5,1,1,3
2025-01-25,South,85,0,4,3,4,2,7,11
2025-01-25,East,76,5,11,8,4,0,4,12
2025-01-25,West,87,1,5,5,6,5,4,0
2025-01-25,Central,80,11,8,6,0,1,10,15
2025-01-26,North,55,2,1,11,6,2,0,2
2025-01-26,South,91,6,3,0,3,7,13,11
2025-01-26,East,82,8,10,10,7,2,4,8
2025-01-26,West,79,0,4,4,7,2,5,0
2025-01-26,Central,88,14,0,6,3,1,9,16
2025-01-27,North,47,1,0,11,11,3,2,4
2025-01-27,South,75,6,3,5,1,5,5,7
2025-01-27,East,97,9,9,5,8,2,3,8
2025-01-27,West,104,0,7,10,10,4,4,1
2025-01-27,Central,70,8,1,10,0,0,3,13
2025-01-28,North,55,3,1,6,8,1,0,2
2025-01-28,South,69,3,1,1,3,4,9,12
2025-01-28,East,102,7,8,13,10,0,6,9
2025-01-28,West,85,0,15,15,4,6,6,1
2025-01-28,Central,68,7,1,12,0,3,6,7
2025-01-29,North,51,4,0,11,7,2,0,1
2025-01-29,South,82,3,4,4,0,6,3,17
2025-01-29,East,86,6,10,10,15,1,5,6
2025-01-29,West,86,0,7,8,3,6,3,0
2025-01-29,Central,88,3,6,6,2,3,6,17
2025-01-30,North,53,2,0,8,8,2,0,1
2025-01-30,South,68,3,7,1,0,6,8,8
2025-01-30,East,112,3,6,13,8,2,7,10
2025-01-30,West,75,0,10,4,5,2,5,1
2025-01-30,Central,95,8,6,4,0,6,6,10
2025-01-31,North,54,5,0,4,13,2,0,3
2025-01-31,South,77,4,3,5,0,3,6,10
2025-01-31,East,107,5,8,19,9,0,4,6
2025-01-31,West,68,0,7,13,9,7,7,3
2025-01-31,Central,96,10,0,10,0,2,2,13
2025-02-01,North,50,4,0,9,9,2,0,0
2025-02-01,South,89,11,2,4,3,3,10,13
2025-02-01,East,87,8,9,5,4,0,5,11
2025-02-01,West,76,0,5,7,8,5,3,2
2025-02-01,Central,89,14,2,11,4,4,8,10
2025-02-02,North,45,3,0,9,12,1,1,0
2025-02-02,South,77,5,3,9,3,7,5,7
2025-02-02,East,102,12,4,10,5,2,3,6
2025-02-02,West,79,0,0,12,8,3,8,1
2025-02-02,Central,79,6,2,11,2,1,9,11
2025-02-03,North,43,2,1,6,7,4,1,0
2025-02-03,South,78,10,1,6,0,4,5,9
2025-02-03,East,95,4,3,14,3,0,7,4
2025-02-03,West,85,1,2,17,11,5,3,6
2025-02-03,Central,80,3,2,10,1,2,6,9
2025-02-04,North,62,0,0,13,10,3,1,0
2025-02-04,South,86,5,4,5,0,6,4,11
2025-02-04,East,79,9,15,11,4,1,7,13
2025-02-04,West,86,3,5,5,12,7,6,11
2025-02-04,Central,68,7,2,11,0,2,4,11
2025-02-05,North,54,0,1,7,15,2,2,1
2025-02-05,South,97,11,3,12,0,5,5,7
2025-02-05,East,101,12,5,6,11,1,8,7
2025-02-05,West,110,2,8,14,16,3,7,5
2025-02-05,Central,96,6,1,12,0,2,5,12
2025-02-06,North,57,3,0,14,10,3,1,4
2025-02-06,South,74,6,1,6,2,9,5,11
2025-02-06,East,96,6,9,10,6,3,8,5
2025-02-06,West,105,0,4,24,11,3,13,9
2025-02-06,Central,77,6,0,9,0,1,2,16
2025-02-07,North,56,2,0,8,6,5,3,2
2025-02-07,South,78,7,3,9,2,4,5,15
2025-02-07,East,115,8,5,16,9,0,9,5
2025-02-07,West,92,0,3,17,5,3,5,6
2025-02-07,Central,78,7,4,8,0,4,8,7
2025-02-08,North,63,9,0,4,9,2,0,3
2025-02-08,South,100,6,4,6,5,7,5,10
2025-02-08,East,100,14,8,11,6,0,4,8
2025-02-08,West,96,2,8,9,5,3,13,7
2025-02-08,Central,63,5,3,10,0,4,7,24
2025-02-09,North,70,4,0,10,8,2,0,2
2025-02-09,South,110,10,1,10,0,6,9,18
2025-02-09,East,116,10,9,11,15,3,7,12
2025-02-09,West,90,3,4,14,7,7,7,6
2025-02-09,Central,85,2,7,15,0,2,6,11
2025-02-10,North,82,3,1,17,9,3,1,4
2025-02-10,South,98,6,3,5,4,7,6,13
2025-02-10,East,122,12,2,9,5,0,6,7
2025-02-10,West,104,1,3,7,7,7,7,3
2025-02-10,Central,77,1,3,3,0,4,3,21
2025-02-11,North,72,4,1,15,11,1,2,7
2025-02-11,South,95,5,1,6,4,8,3,11
2025-02-11,East,99,6,6,10,5,3,10,10
2025-02-11,West,102,3,5,14,6,1,5,4
2025-02-11,Central,94,7,4,11,0,2,3,12
2025-02-12,North,85,7,0,9,4,2,1,4
2025-02-12,South,104,11,0,7,4,6,6,14
2025-02-12,East,109,9,6,7,8,3,6,16
2025-02-12,West,103,3,13,11,6,3,9,2
2025-02-12,Central,79,16,1,13,0,3,1,13
2025-02-13,North,73,12,0,6,9,4,3,7
2025-02-13,South,97,7,3,3,0,1,5,21
2025-02-13,East,99,8,5,8,12,2,8,16
2025-02-13,West,114,1,7,13,11,5,4,7
2025-02-13,Central,84,7,0,7,0,6,3,9
2025-02-14,North,71,3,0,16,4,5,0,1
2025-02-14,South,75,10,1,6,1,7,4,15
2025-02-14,East,115,7,9,6,12,1,8,12
2025-02-14,West,121,0,6,11,14,7,7,8
2025-02-14,Central,74,5,0,18,1,2,4,12
2025-02-15,North,65,10,0,10,4,3,2,2
2025-02-15,South,103,15,2,6,1,6,7,21
2025-02-15,East,95,17,6,7,11,3,5,13
2025-02-15,West,106,1,8,11,11,1,9,11
2025-02-15,Central,74,12,3,9,0,2,3,15
2025-02-16,North,76,7,0,13,16,4,4,2
2025-02-16,South,69,11,0,9,1,8,5,10
2025-02-16,East,118,10,5,5,11,2,3,8
2025-02-16,West,85,0,3,12,9,4,2,5
2025-02-16,Central,96,4,1,8,0,5,5,11
2025-02-17,North,86,6,0,9,10,7,3,3
2025-02-17,South,102,12,2,5,0,2,6,3
2025-02-17,East,100,9,5,13,10,9,12,11
2025-02-17,West,106,0,5,10,14,4,10,8
2025-02-17,Central,76,2,2,10,0,5,5,17
2025-02-18,North,66,12,0,10,2,4,4,4
2025-02-18,South,86,5,2,3,0,3,5,16
2025-02-18,East,117,4,7,6,9,4,6,11
2025-02-18,West,82,1,3,8,10,5,2,5
2025-02-18,Central,71,3,1,16,0,5,5,13
2025-02-19,North,82,5,0,9,8,2,3,1
2025-02-19,South,94,18,0,6,0,5,8,20
2025-02-19,East,105,8,6,8,8,3,5,12
2025-02-19,West,89,0,5,11,8,4,5,8
2025-02-19,Central,77,6,1,10,1,8,3,14
2025-02-20,North,90,11,4,7,15,4,2,3
2025-02-20,South,85,12,0,12,1,4,4,16
2025-02-20,East,101,10,10,3,7,3,5,12
2025-02-20,West,84,3,2,7,7,4,8,6
2025-02-20,Central,76,8,0,13,0,3,5,9
2025-02-21,North,92,7,0,9,7,5,4,1
2025-02-21,South,98,11,3,8,2,7,7,11
2025-02-21,East,90,12,9,6,8,2,6,19
2025-02-21,West,95,1,3,12,13,7,3,9
2025-02-21,Central,93,12,0,7,1,4,4,12
2025-02-22,North,85,8,0,6,8,12,2,1
2025-02-22,South,117,7,3,9,5,8,7,16
2025-02-22,East,88,6,6,7,8,2,8,8
2025-02-22,West,102,2,5,9,10,13,7,12
2025-02-22,Central,78,8,0,12,0,3,3,15
2025-02-23,North,89,12,1,11,10,7,3,0
2025-02-23,South,110,8,1,4,2,4,9,10
2025-02-23,East,96,9,6,6,6,1,11,6
2025-02-23,West,96,3,8,16,3,0,8,9
2025-02-23,Central,113,10,0,14,2,4,1,14
2025-02-24,North,100,7,1,7,3,4,2,1
2025-02-24,South,84,13,1,3,5,5,8,14
2025-02-24,East,97,11,5,10,7,0,10,9
2025-02-24,West,91,6,4,5,10,3,2,9
2025-02-24,Central,98,7,0,10,3,3,5,14
2025-02-25,North,73,10,1,11,6,2,8,3
2025-02-25,South,91,2,2,11,3,3,5,14
2025-02-25,East,103,8,4,6,14,2,6,13
2025-02-25,West,104,1,9,8,8,3,7,15
2025-02-25,Central,75,11,0,8,0,3,6,7
2025-02-26,North,92,7,5,5,11,10,4,4
2025-02-26,South,91,8,1,7,1,5,6,8
2025-02-26,East,117,4,5,3,9,2,3,10
2025-02-26,West,110,1,8,13,7,5,3,15
2025-02-26,Central,83,11,0,9,1,4,1,12
2025-02-27,North,101,10,3,14,11,6,3,3
2025-02-27,South,93,11,3,10,2,6,4,13
2025-02-27,East,85,10,7,9,10,1,9,13
2025-02-27,West,88,0,5,14,5,7,4,7
2025-02-27,Central,89,9,0,12,3,6,3,16
2025-02-28,North,99,9,3,10,6,6,1,1
2025-02-28,South,85,6,2,8,1,5,4,13
2025-02-28,East,110,17,6,12,4,3,9,12
2025-02-28,West,101,4,5,9,5,2,5,17
2025-02-28,Central,66,7,0,16,1,1,4,10
2025-03-01,North,108,16,6,6,15,7,8,5
2025-03-01,South,82,15,3,9,3,6,9,16
2025-03-01,East,101,9,11,8,8,1,4,5
2025-03-01,West,93,2,4,12,6,3,4,16
2025-03-01,Central,90,13,0,13,0,6,2,5
2025-03-02,North,106,3,3,9,11,5,5,2
2025-03-02,South,104,10,0,7,0,11,8,15
2025-03-02,East,117,11,4,6,8,2,11,8
2025-03-02,West,112,5,1,19,9,5,5,7
2025-03-02,Central,80,12,1,11,0,3,2,9
2025-03-03,North,102,9,6,4,13,7,8,5
2025-03-03,South,87,10,0,6,1,6,10,20
2025-03-03,East,97,4,10,8,9,4,7,12
2025-03-03,West,105,4,4,6,7,5,8,10
2025-03-03,Central,72,3,1,10,0,3,4,20
2025-03-04,North,91,10,1,8,6,4,5,5
2025-03-04,South,87,14,3,14,2,3,5,21
2025-03-04,East,97,11,15,12,5,0,5,11
2025-03-04,West,115,6,9,16,8,6,7,14
2025-03-04,Central,75,12,0,13,0,6,2,20
2025-03-05,North,107,10,2,7,6,6,4,5
2025-03-05,South,86,7,2,7,3,8,8,14
2025-03-05,East,118,14,6,9,14,1,5,6
2025-03-05,West,93,8,7,6,10,3,5,9
2025-03-05,Central,75,3,1,10,0,6,4,7
2025-03-06,North,127,11,2,15,10,1,4,14
2025-03-06,South,116,7,0,11,1,9,9,17
2025-03-06,East,84,10,7,17,14,1,4,13
2025-03-06,West,129,7,4,9,7,6,3,10
2025-03-06,Central,89,4,2,10,0,3,2,12
2025-03-07,North,103,10,1,9,14,5,3,9
2025-03-07,South,102,6,2,12,2,3,4,15
2025-03-07,East,109,8,11,6,9,1,9,7
2025-03-07,West,97,3,5,9,5,3,5,12
2025-03-07,Central,68,6,1,7,0,5,1,14
2025-03-08,North,114,11,3,9,7,8,6,9
2025-03-08,South,111,9,2,11,4,2,7,11
2025-03-08,East,98,8,9,3,13,1,5,10
2025-03-08,West,130,7,7,12,8,9,9,18
2025-03-08,Central,88,5,1,8,0,7,2,8
2025-03-09,North,104,12,0,4,8,1,7,11
2025-03-09,South,83,5,0,8,7,5,5,11
2025-03-09,East,93,5,5,8,8,0,10,9
2025-03-09,West,125,8,14,8,8,7,7,11
2025-03-09,Central,66,11,5,13,0,1,2,11
2025-03-10,North,112,6,3,8,2,4,3,4
2025-03-10,South,92,13,1,15,3,10,8,12
2025-03-10,East,94,7,9,11,9,1,9,10
2025-03-10,West,128,8,6,13,10,5,3,10
2025-03-10,Central,104,7,3,4,0,7,1,17
2025-03-11,North,98,9,2,8,14,4,10,13
2025-03-11,South,96,9,1,12,3,3,9,16
2025-03-11,East,94,9,7,8,11,1,6,15
2025-03-11,West,128,9,7,10,6,3,5,19
2025-03-11,Central,74,11,9,9,1,6,3,9
2025-03-12,North,102,12,0,10,10,6,8,13
2025-03-12,South,110,6,0,9,2,4,5,17
2025-03-12,East,109,5,3,10,6,1,5,12
2025-03-12,West,109,7,4,20,8,4,8,15
2025-03-12,Central,95,4,6,8,2,8,6,16
2025-03-13,North,93,9,4,7,7,7,8,6
2025-03-13,South,92,11,0,17,6,6,5,20
2025-03-13,East,105,5,10,11,6,1,5,15
2025-03-13,West,122,6,5,13,11,2,9,20
2025-03-13,Central,69,8,1,10,2,4,7,19
2025-03-14,North,135,9,2,9,5,7,6,10
2025-03-14,South,103,4,0,11,2,6,6,12
2025-03-14,East,90,12,8,9,9,1,7,15
2025-03-14,West,115,11,5,13,7,5,6,12
2025-03-14,Central,91,12,4,7,2,5,9,11
2025-03-15,North,103,7,3,4,11,5,8,10
2025-03-15,South,105,12,0,14,3,2,6,9
2025-03-15,East,91,5,11,5,9,0,5,13
2025-03-15,West,115,7,4,7,3,4,3,8
2025-03-15,Central,111,6,8,22,8,3,5,10
2025-03-16,North,102,13,3,9,6,5,5,7
2025-03-16,South,104,6,3,6,3,11,1,10
2025-03-16,East,107,8,5,17,6,0,3,21
2025-03-16,West,128,8,7,17,9,8,5,17
2025-03-16,Central,78,5,4,14,5,2,5,15
2025-03-17,North,94,6,3,12,7,3,6,6
2025-03-17,South,113,10,4,11,3,2,5,14
2025-03-17,East,117,12,4,5,4,5,2,16
2025-03-17,West,103,7,7,11,6,4,3,12
2025-03-17,Central,100,3,8,9,1,6,4,15
2025-03-18,North,119,17,1,10,8,5,5,5
2025-03-18,South,119,13,0,12,6,5,11,16
2025-03-18,East,136,10,14,6,8,3,7,18
2025-03-18,West,110,14,6,10,6,3,11,5
2025-03-18,Central,110,7,5,10,3,8,10,15
2025-03-19,North,133,5,5,8,6,5,6,5
2025-03-19,South,113,7,1,12,0,4,7,16
2025-03-19,East,110,11,4,9,7,1,10,17
2025-03-19,West,105,10,7,6,8,4,6,8
2025-03-19,Central,94,3,6,9,6,5,5,10
2025-03-20,North,134,10,3,13,11,7,4,6
2025-03-20,South,98,7,6,10,2,1,8,16
2025-03-20,East,104,9,8,11,9,2,9,16
2025-03-20,West,100,6,9,6,7,3,5,14
2025-03-20,Central,104,4,9,14,7,2,6,7
2025-03-21,North,128,9,2,9,9,3,6,7
2025-03-21,South,107,11,3,14,1,5,4,17
2025-03-21,East,115,9,6,12,3,3,5,9
2025-03-21,West,134,11,7,9,1,4,7,7
2025-03-21,Central,93,8,2,6,3,3,8,10
2025-03-22,North,125,9,4,20,13,3,3,12
2025-03-22,South,101,15,4,6,8,8,10,11
2025-03-22,East,106,9,4,10,8,2,11,14
2025-03-22,West,127,6,7,13,6,1,6,14
2025-03-22,Central,98,8,11,11,2,5,7,8
2025-03-23,North,108,7,8,8,12,7,8,4
2025-03-23,South,107,9,8,10,5,3,1,12
2025-03-23,East,121,10,8,19,7,0,5,16
2025-03-23,West,120,11,8,11,14,5,9,13
2025-03-23,Central,89,9,4,9,1,3,9,10
2025-03-24,North,143,8,9,14,2,3,9,8
2025-03-24,South,113,9,6,13,2,8,2,14
2025-03-24,East,131,7,8,14,10,2,7,11
2025-03-24,West,92,8,7,15,7,5,7,11
2025-03-24,Central,89,9,10,8,4,2,6,8
2025-03-25,North,105,9,5,11,13,2,6,5
2025-03-25,South,108,4,6,9,3,3,5,20
2025-03-25,East,129,16,8,14,2,0,9,10
2025-03-25,West,141,10,3,12,6,3,6,7
2025-03-25,Central,102,7,8,4,1,6,3,15
2025-03-26,North,123,9,7,16,9,8,6,17
2025-03-26,South,103,16,6,11,6,5,10,10
2025-03-26,East,129,9,5,9,8,2,5,17
2025-03-26,West,116,10,7,10,10,5,6,5
2025-03-26,Central,103,7,2,11,2,1,4,10
2025-03-27,North,138,11,3,15,5,8,10,12
2025-03-27,South,130,11,4,9,6,7,6,9
2025-03-27,East,120,6,10,10,6,0,7,9
2025-03-27,West,109,9,9,13,10,5,6,8
2025-03-27,Central,102,11,10,13,5,3,15,12
2025-03-28,North,121,6,11,12,12,1,4,19
2025-03-28,South,123,10,5,6,5,3,6,13
2025-03-28,East,119,10,4,13,7,1,8,15
2025-03-28,West,115,12,4,5,13,5,7,10
2025-03-28,Central,103,12,7,16,7,2,4,7
2025-03-29,North,128,12,9,4,4,4,6,12
2025-03-29,South,101,12,10,12,3,4,5,12
2025-03-29,East,131,9,9,9,6,2,10,15
2025-03-29,West,107,5,6,7,7,5,11,3
2025-03-29,Central,111,3,3,10,7,3,2,8
2025-03-30,North,140,14,9,6,8,3,6,14
2025-03-30,South,95,11,7,7,5,7,5,11
2025-03-30,East,120,18,8,6,4,1,8,13
2025-03-30,West,137,11,5,11,8,5,2,6
2025-03-30,Central,107,7,8,13,7,2,9,9
2025-03-31,North,122,10,8,9,8,1,9,20
2025-03-31,South,109,12,5,9,1,12,5,8
2025-03-31,East,104,1,8,11,5,2,6,11
2025-03-31,West,110,8,5,4,15,4,4,3
2025-03-31,Central,118,10,4,10,7,8,10,15
2025-04-01,North,139,16,7,11,6,1,3,17
2025-04-01,South,116,10,2,8,4,3,5,20
2025-04-01,East,104,13,10,10,6,4,7,12
2025-04-01,West,110,11,8,10,3,3,8,11
2025-04-01,Central,113,12,8,15,7,3,7,7
2025-04-02,North,120,11,8,13,15,5,5,7
2025-04-02,South,112,15,6,11,4,6,7,18
2025-04-02,East,110,6,11,12,3,7,5,16
2025-04-02,West,118,5,7,9,7,7,6,8
2025-04-02,Central,134,8,3,14,8,6,6,14
2025-04-03,North,118,7,5,8,8,5,7,9
2025-04-03,South,140,5,5,10,7,2,5,14
2025-04-03,East,121,13,3,12,1,3,5,5
2025-04-03,West,118,9,9,5,7,2,7,6
2025-04-03,Central,130,8,8,11,8,2,11,8
2025-04-04,North,124,7,6,6,5,2,5,15
2025-04-04,South,124,16,10,11,6,3,11,15
2025-04-04,East,117,5,11,11,2,2,4,18
2025-04-04,West,95,13,4,14,5,5,4,2
2025-04-04,Central,135,7,9,9,7,10,5,10
2025-04-05,North,124,9,9,13,4,3,6,22
2025-04-05,South,115,15,9,12,7,4,12,15
2025-04-05,East,115,17,6,10,3,1,6,9
2025-04-05,West,114,11,9,9,7,5,4,6
2025-04-05,Central,138,10,14,13,11,4,8,14
2025-04-06,North,118,3,12,5,6,2,5,11
2025-04-06,South,130,11,6,9,6,2,5,17
2025-04-06,East,101,10,9,17,3,0,5,11
2025-04-06,West,93,8,8,9,4,3,4,2
2025-04-06,Central,125,10,8,10,11,5,6,10
2025-04-07,North,125,8,4,10,8,1,8,14
2025-04-07,South,125,13,12,7,5,5,3,17
2025-04-07,East,108,14,7,17,3,9,8,11
2025-04-07,West,105,13,11,7,5,3,7,5
2025-04-07,Central,114,11,3,9,3,3,2,16
2025-04-08,North,113,12,7,15,7,6,8,12
2025-04-08,South,122,11,7,11,3,5,6,15
2025-04-08,East,122,15,9,6,1,4,7,11
2025-04-08,West,94,10,5,15,10,1,6,5
2025-04-08,Central,110,15,5,20,8,6,7,16
2025-04-09,North,129,12,8,8,5,4,8,17
2025-04-09,South,121,4,3,16,6,2,4,20
2025-04-09,East,109,6,5,16,2,4,4,13
2025-04-09,West,114,13,12,4,8,5,3,3
2025-04-09,Central,131,7,4,11,3,2,3,14
2025-04-10,North,129,10,3,10,15,1,5,12
2025-04-10,South,124,10,9,18,3,2,6,19
2025-04-10,East,117,8,8,13,8,5,8,8
2025-04-10,West,105,16,7,3,10,4,2,5
2025-04-10,Central,125,10,11,9,7,4,6,13
2025-04-11,North,120,8,6,8,5,6,8,13
2025-04-11,South,117,14,14,6,1,6,6,10
2025-04-11,East,134,7,7,10,6,5,3,14
2025-04-11,West,115,15,4,7,6,6,2,8
2025-04-11,Central,108,8,12,13,12,5,4,14
2025-04-12,North,133,8,2,8,10,2,8,11
2025-04-12,South,119,13,8,16,3,3,13,11
2025-04-12,East,117,9,14,11,5,3,4,8
2025-04-12,West,135,11,11,11,10,5,2,1
2025-04-12,Central,138,8,4,11,10,4,4,16
2025-04-13,North,109,3,5,14,7,8,3,14
2025-04-13,South,115,6,12,17,1,3,3,15
2025-04-13,East,111,7,10,7,7,5,4,11
2025-04-13,West,99,8,5,6,8,4,6,2
2025-04-13,Central,119,7,10,12,9,7,5,4
2025-04-14,North,119,7,4,13,8,6,9,11
2025-04-14,South,107,13,6,15,3,1,10,14
2025-04-14,East,124,7,3,10,6,3,4,8
2025-04-14,West,97,7,18,17,7,5,5,10
2025-04-14,Central,128,13,9,9,9,1,1,8
2025-04-15,North,120,6,9,5,7,3,2,17
2025-04-15,South,107,11,9,9,8,2,9,8
2025-04-15,East,138,14,7,10,17,2,7,13
2025-04-15,West,120,5,9,12,7,4,5,5
2025-04-15,Central,122,10,5,14,9,2,2,7
2025-04-16,North,133,8,4,18,11,4,12,16
2025-04-16,South,120,16,7,12,3,1,5,10
2025-04-16,East,133,11,7,10,10,5,6,10
2025-04-16,West,118,6,5,6,13,3,8,9
2025-04-16,Central,112,12,7,14,7,3,2,20
2025-04-17,North,125,9,6,14,14,5,5,17
2025-04-17,South,108,8,11,15,0,4,5,11
2025-04-17,East,115,21,5,7,6,3,7,13
2025-04-17,West,117,4,7,11,11,4,2,5
2025-04-17,Central,116,8,9,9,9,1,2,14
2025-04-18,North,131,11,7,15,10,2,4,14
2025-04-18,South,128,14,12,8,4,3,11,22
2025-04-18,East,136,10,3,9,6,3,6,7
2025-04-18,West,106,12,6,12,8,2,3,6
2025-04-18,Central,96,7,8,10,6,3,6,14
2025-04-19,North,156,12,10,8,12,7,11,16
2025-04-19,South,121,6,5,8,2,6,8,14
2025-04-19,East,136,14,11,10,11,4,6,19
2025-04-19,West,124,8,12,10,9,2,6,6
2025-04-19,Central,98,9,7,16,6,2,9,11
2025-04-20,North,115,10,10,11,7,5,5,11
2025-04-20,South,101,7,7,12,4,4,2,14
2025-04-20,East,114,8,5,11,15,3,4,17
2025-04-20,West,120,12,7,15,9,4,3,5
2025-04-20,Central,104,11,12,13,7,4,2,12
2025-04-21,North,142,8,3,11,8,6,2,12
2025-04-21,South,120,5,6,7,5,1,11,10
2025-04-21,East,116,6,7,6,9,4,5,12
2025-04-21,West,111,13,14,13,6,2,3,6
2025-04-21,Central,98,10,5,11,8,3,4,10
2025-04-22,North,144,9,8,10,8,4,2,17
2025-04-22,South,97,5,12,10,0,7,7,15
2025-04-22,East,133,11,7,9,7,3,5,6
2025-04-22,West,111,12,3,14,9,4,8,6
2025-04-22,Central,85,3,9,11,7,2,2,14
2025-04-23,North,127,17,6,17,9,5,9,14
2025-04-23,South,95,4,8,9,7,5,4,16
2025-04-23,East,131,13,9,12,7,3,3,18
2025-04-23,West,114,11,3,9,8,0,2,10
2025-04-23,Central,104,4,7,9,9,3,3,15
2025-04-24,North,128,11,12,11,6,6,3,15
2025-04-24,South,109,4,7,13,4,4,8,10
2025-04-24,East,115,9,3,12,8,3,9,14
2025-04-24,West,110,17,8,12,9,3,1,7
2025-04-24,Central,103,7,5,15,8,0,1,16
2025-04-25,North,139,6,5,11,7,8,7,13
2025-04-25,South,122,5,7,10,3,0,6,10
2025-04-25,East,105,14,7,11,13,2,4,12
2025-04-25,West,97,8,7,10,9,0,2,3
2025-04-25,Central,91,12,6,15,15,2,1,15
2025-04-26,North,133,9,7,12,6,7,3,18
2025-04-26,South,111,5,2,8,3,5,5,19
2025-04-26,East,110,7,8,16,10,3,5,11
2025-04-26,West,105,10,9,13,9,4,1,5
2025-04-26,Central,114,6,10,12,2,0,2,9
2025-04-27,North,119,7,4,6,4,3,6,13
2025-04-27,South,126,4,6,8,5,1,2,11
2025-04-27,East,105,12,10,12,5,3,4,13
2025-04-27,West,124,13,3,11,6,4,4,15
2025-04-27,Central,98,12,6,16,11,6,0,10
2025-04-28,North,114,11,7,11,1,4,12,12
2025-04-28,South,108,5,9,11,2,3,4,8
2025-04-28,East,127,8,7,11,13,7,4,16
2025-04-28,West,109,9,4,9,11,4,0,9
2025-04-28,Central,104,1,7,13,5,1,4,11
2025-04-29,North,123,8,9,12,8,3,11,19
2025-04-29,South,105,5,7,11,3,4,5,13
2025-04-29,East,125,10,9,13,5,7,5,9
2025-04-29,West,104,12,5,11,7,3,3,15
2025-04-29,Central,124,10,6,14,10,4,6,14
2025-04-30,North,125,4,6,12,8,6,9,11
2025-04-30,South,106,2,3,10,5,6,5,16
2025-04-30,East,125,7,5,17,12,2,7,16
2025-04-30,West,113,7,9,17,9,2,3,15
2025-04-30,Central,117,13,11,12,9,5,2,11
2025-05-01,North,126,6,6,10,9,5,9,18
2025-05-01,South,90,6,7,15,9,2,9,22
2025-05-01,East,122,8,10,14,8,6,4,9
2025-05-01,West,94,8,12,6,8,2,4,10
2025-05-01,Central,110,7,13,18,7,3,1,15
2025-05-02,North,123,13,5,9,5,4,2,20
2025-05-02,South,98,6,5,4,2,3,6,8
2025-05-02,East,125,12,11,15,6,6,5,11
2025-05-02,West,116,10,4,14,5,5,4,9
2025-05-02,Central,92,13,5,18,8,2,1,15
2025-05-03,North,107,9,4,9,4,4,9,22
2025-05-03,South,96,5,6,15,3,5,11,13
2025-05-03,East,124,8,9,12,7,8,10,12
2025-05-03,West,99,3,6,9,1,8,1,12
2025-05-03,Central,108,3,6,10,7,4,1,20
2025-05-04,North,98,10,12,11,5,4,10,15
2025-05-04,South,100,2,9,7,3,2,1,28
2025-05-04,East,123,9,12,3,6,2,5,11
2025-05-04,West,110,10,3,12,9,4,3,11
2025-05-04,Central,104,10,11,9,5,5,4,11
2025-05-05,North,136,12,7,9,3,5,7,18
2025-05-05,South,106,7,3,11,3,4,8,17
2025-05-05,East,130,9,6,13,5,3,4,9
2025-05-05,West,131,8,7,14,10,3,2,13
2025-05-05,Central,116,15,7,11,9,0,4,12
2025-05-06,North,123,12,5,11,7,4,6,11
2025-05-06,South,108,5,2,18,3,4,9,15
2025-05-06,East,137,8,7,12,9,8,7,9
2025-05-06,West,129,13,8,15,10,3,2,8
2025-05-06,Central,120,7,6,10,7,1,5,15
2025-05-07,North,128,18,7,8,2,3,5,10
2025-05-07,South,107,2,3,11,4,1,7,6
2025-05-07,East,125,8,6,7,7,8,11,14
2025-05-07,West,133,13,14,12,8,0,5,9
2025-05-07,Central,100,5,6,14,4,3,1,15
2025-05-08,North,127,11,7,9,7,4,9,20
2025-05-08,South,79,9,5,5,2,6,6,12
2025-05-08,East,126,6,6,12,11,4,7,11
2025-05-08,West,131,9,3,15,9,3,3,15
2025-05-08,Central,116,7,6,7,11,1,5,12
2025-05-09,North,134,11,7,2,6,6,5,12
2025-05-09,South,94,7,3,8,3,2,3,13
2025-05-09,East,125,6,9,11,7,4,15,12
2025-05-09,West,112,19,9,13,6,5,1,21
2025-05-09,Central,124,6,11,11,4,4,5,10
2025-05-10,North,150,12,12,10,13,3,4,17
2025-05-10,South,97,9,2,6,2,2,12,11
2025-05-10,East,121,10,6,15,3,4,8,9
2025-05-10,West,142,3,9,8,12,3,6,14
2025-05-10,Central,104,5,4,16,8,3,2,7
2025-05-11,North,106,15,7,12,11,2,9,18
2025-05-11,South,101,6,3,8,7,5,6,13
2025-05-11,East,148,5,6,10,7,5,5,11
2025-05-11,West,136,13,9,11,13,6,1,5
2025-05-11,Central,106,13,5,11,8,3,11,10
2025-05-12,North,122,12,8,3,11,4,6,13
2025-05-12,South,93,7,5,12,2,3,7,13
2025-05-12,East,122,5,9,15,10,3,4,12
2025-05-12,West,123,11,6,17,3,5,2,17
2025-05-12,Central,109,11,3,9,2,4,5,7
2025-05-13,North,128,11,7,10,7,6,4,17
2025-05-13,South,110,12,2,8,5,1,2,15
2025-05-13,East,141,5,8,12,6,4,5,22
2025-05-13,West,134,9,4,17,8,6,2,13
2025-05-13,Central,73,7,11,14,6,2,6,12
2025-05-14,North,137,15,6,16,7,2,8,16
2025-05-14,South,90,9,5,6,5,2,5,15
2025-05-14,East,118,3,3,12,7,1,6,12
2025-05-14,West,134,12,8,15,5,4,2,17
2025-05-14,Central,104,11,1,13,3,4,4,11
2025-05-15,North,131,6,7,10,7,2,7,9
2025-05-15,South,98,6,7,6,0,5,8,9
2025-05-15,East,132,8,12,10,7,7,6,13
2025-05-15,West,98,9,5,8,6,2,2,13
2025-05-15,Central,114,6,6,8,3,6,4,9
2025-05-16,North,126,9,3,5,5,9,7,13
2025-05-16,South,80,7,7,9,5,0,4,4
2025-05-16,East,119,6,11,8,7,1,8,11
2025-05-16,West,133,10,8,18,5,7,1,12
2025-05-16,Central,87,7,7,15,11,0,1,5
2025-05-17,North,142,5,4,13,4,4,4,10
2025-05-17,South,120,11,6,11,6,3,5,14
2025-05-17,East,134,9,10,10,6,7,7,16
2025-05-17,West,122,8,9,9,4,9,1,13
2025-05-17,Central,109,10,6,14,11,2,1,5
2025-05-18,North,120,11,4,8,9,5,4,13
2025-05-18,South,85,8,4,13,7,4,2,10
2025-05-18,East,121,7,9,14,7,2,1,16
2025-05-18,West,112,11,11,6,10,6,0,20
2025-05-18,Central,98,10,6,10,5,2,4,7
2025-05-19,North,110,13,7,13,4,3,5,13
2025-05-19,South,80,9,1,11,2,3,1,12
2025-05-19,East,125,7,4,10,8,3,8,11
2025-05-19,West,128,11,6,9,8,5,0,14
2025-05-19,Central,112,9,10,11,10,2,2,5
2025-05-20,North,121,9,3,12,9,5,5,14
2025-05-20,South,84,7,4,16,5,4,8,14
2025-05-20,East,116,9,7,10,8,3,13,13
2025-05-20,West,112,11,7,13,8,7,2,17
2025-05-20,Central,102,12,7,14,7,1,3,6
2025-05-21,North,127,14,7,13,9,4,9,11
2025-05-21,South,100,4,3,14,2,3,9,16
2025-05-21,East,135,13,8,7,7,4,12,11
2025-05-21,West,112,8,11,9,9,3,0,14
2025-05-21,Central,108,14,7,7,5,3,1,16
2025-05-22,North,158,4,10,17,4,11,14,13
2025-05-22,South,90,9,2,12,2,6,4,25
2025-05-22,East,124,9,5,5,7,8,5,12
2025-05-22,West,112,8,5,7,3,5,0,14
2025-05-22,Central,106,7,6,8,9,5,6,5
2025-05-23,North,143,6,3,5,8,2,10,12
2025-05-23,South,80,7,4,12,5,2,11,12
2025-05-23,East,111,8,7,9,7,9,5,12
2025-05-23,West,124,13,10,10,4,5,0,20
2025-05-23,Central,92,10,9,11,6,5,7,9
2025-05-24,North,108,8,3,14,10,2,4,4
2025-05-24,South,103,8,2,8,4,3,8,19
2025-05-24,East,134,13,6,9,9,3,5,10
2025-05-24,West,123,8,12,7,1,7,3,12
2025-05-24,Central,105,8,8,11,5,2,3,9
2025-05-25,North,117,10,8,17,5,5,6,10
2025-05-25,South,87,4,5,16,4,1,5,8
2025-05-25,East,113,7,4,6,5,3,5,12
2025-05-25,West,97,7,7,17,8,6,2,16
2025-05-25,Central,100,9,2,8,1,5,4,13
2025-05-26,North,108,11,9,7,3,3,7,15
2025-05-26,South,77,6,6,12,6,3,6,9
2025-05-26,East,116,9,5,11,9,8,5,7
2025-05-26,West,123,6,11,7,5,4,1,13
2025-05-26,Central,96,13,5,13,8,0,10,7
2025-05-27,North,102,6,10,9,6,3,9,13
2025-05-27,South,104,5,3,10,6,2,5,18
2025-05-27,East,90,7,4,11,11,6,0,3
2025-05-27,West,104,8,9,15,8,12,2,17
2025-05-27,Central,128,11,5,17,2,3,6,5
2025-05-28,North,138,6,9,14,5,5,12,12
2025-05-28,South,94,9,7,15,5,5,11,14
2025-05-28,East,112,10,6,11,10,6,3,6
2025-05-28,West,98,18,5,15,5,5,2,11
2025-05-28,Central,92,4,2,14,5,2,4,2
2025-05-29,North,121,5,8,14,5,1,7,17
2025-05-29,South,89,10,6,6,5,3,7,9
2025-05-29,East,102,11,3,11,10,7,1,7
2025-05-29,West,114,16,8,14,5,7,2,7
2025-05-29,Central,101,6,2,6,5,3,11,7
2025-05-30,North,149,16,3,10,8,4,11,12
2025-05-30,South,97,3,3,14,2,5,9,12
2025-05-30,East,117,5,10,12,8,4,4,10
2025-05-30,West,127,11,3,17,8,1,2,8
2025-05-30,Central,98,11,4,16,10,3,12,11
2025-05-31,North,125,8,5,10,7,3,5,10
2025-05-31,South,115,7,9,11,4,2,11,13
2025-05-31,East,121,7,7,14,4,5,3,5
2025-05-31,West,135,8,4,19,4,3,5,13
2025-05-31,Central,107,6,6,15,8,3,10,12
2025-06-01,North,126,10,2,11,10,6,12,14
2025-06-01,South,115,5,4,13,5,9,5,12
2025-06-01,East,131,5,10,13,12,2,4,5
2025-06-01,West,108,14,8,8,6,1,2,11
2025-06-01,Central,102,10,9,10,10,2,6,2
2025-06-02,North,140,10,6,16,4,10,7,15
2025-06-02,South,118,3,5,14,2,6,5,10
2025-06-02,East,96,9,7,6,4,6,4,10
2025-06-02,West,120,14,8,13,9,2,2,8
2025-06-02,Central,132,14,7,8,10,5,7,12
2025-06-03,North,115,3,8,10,9,2,6,15
2025-06-03,South,130,4,7,17,1,5,4,12
2025-06-03,East,110,6,4,7,7,8,4,4
2025-06-03,West,106,14,6,9,7,5,3,6
2025-06-03,Central,127,10,7,13,10,4,6,15
2025-06-04,North,123,9,10,7,8,7,6,15
2025-06-04,South,103,4,6,4,2,7,8,14
2025-06-04,East,117,5,5,9,6,4,4,10
2025-06-04,West,108,7,5,14,5,4,5,9
2025-06-04,Central,115,13,11,13,13,1,9,9
2025-06-05,North,114,7,5,7,3,4,11,9
2025-06-05,South,119,8,4,8,2,5,3,14
2025-06-05,East,110,6,4,12,8,5,3,6
2025-06-05,West,86,9,4,9,6,1,7,6
2025-06-05,Central,136,10,6,13,11,5,4,8
2025-06-06,North,104,7,8,9,7,7,7,12
2025-06-06,South,101,6,8,16,5,10,3,13
2025-06-06,East,88,6,5,11,11,6,3,9
2025-06-06,West,102,7,6,5,8,3,4,14
2025-06-06,Central,124,12,9,13,7,6,8,8
2025-06-07,North,142,7,9,14,5,2,8,14
2025-06-07,South,101,4,5,9,4,6,13,12
2025-06-07,East,103,13,5,16,10,3,2,6
2025-06-07,West,113,12,9,15,6,2,4,6
2025-06-07,Central,116,11,9,5,6,3,10,9
2025-06-08,North,109,9,2,9,8,5,7,15
2025-06-08,South,97,3,5,11,0,4,6,8
2025-06-08,East,83,7,3,12,8,6,2,7
2025-06-08,West,144,8,5,12,9,7,7,15
2025-06-08,Central,99,15,5,5,9,1,9,10
2025-06-09,North,120,8,8,8,3,7,12,9
2025-06-09,South,87,1,4,11,3,5,8,5
2025-06-09,East,92,6,6,12,12,0,1,8
2025-06-09,West,113,12,17,4,9,5,6,12
2025-06-09,Central,114,13,8,9,7,5,8,5
2025-06-10,North,125,13,3,12,9,5,5,14
2025-06-10,South,100,2,12,12,2,4,6,11
2025-06-10,East,108,15,2,11,10,5,1,1
2025-06-10,West,101,16,12,9,10,2,4,9
2025-06-10,Central,105,12,6,8,8,6,8,8
2025-06-11,North,132,11,10,19,10,5,8,11
2025-06-11,South,111,6,10,14,1,4,7,16
2025-06-11,East,85,11,8,11,10,6,1,3
2025-06-11,West,117,8,9,3,4,5,1,17
2025-06-11,Central,116,12,5,5,6,3,3,11
2025-06-12,North,145,11,5,12,10,7,6,16
2025-06-12,South,97,0,8,19,2,4,7,11
2025-06-12,East,79,10,6,6,7,5,2,6
2025-06-12,West,133,13,10,6,8,5,5,13
2025-06-12,Central,113,8,4,4,10,2,4,9
2025-06-13,North,130,6,8,13,4,5,6,14
2025-06-13,South,98,5,8,9,2,1,9,11
2025-06-13,East,101,11,3,12,7,5,2,4
2025-06-13,West,118,13,6,7,16,3,7,16
2025-06-13,Central,115,2,6,3,12,6,8,17
2025-06-14,North,145,12,5,7,12,4,6,12
2025-06-14,South,118,4,4,16,0,4,8,11
2025-06-14,East,100,8,4,7,5,2,2,1
2025-06-14,West,112,6,6,6,6,7,5,17
2025-06-14,Central,88,8,7,4,7,4,4,16
2025-06-15,North,126,10,8,15,10,4,6,13
2025-06-15,South,75,5,2,10,1,0,6,13
2025-06-15,East,82,9,8,9,8,4,0,2
2025-06-15,West,97,8,6,7,9,5,5,17
2025-06-15,Central,123,10,10,16,8,1,5,21
2025-06-16,North,103,9,7,14,9,4,10,12
2025-06-16,South,85,7,6,13,1,1,5,12
2025-06-16,East,85,11,9,15,6,7,0,4
2025-06-16,West,127,10,10,12,12,2,1,20
2025-06-16,Central,123,15,11,6,8,1,6,20
2025-06-17,North,130,12,7,13,6,6,2,26
2025-06-17,South,101,8,3,11,8,2,9,13
2025-06-17,East,97,11,5,10,5,8,2,1
2025-06-17,West,143,5,8,8,5,3,5,10
2025-06-17,Central,116,11,9,6,11,4,3,14
2025-06-18,North,104,7,2,12,11,5,4,15
2025-06-18,South,90,6,5,10,1,2,9,12
2025-06-18,East,88,11,5,7,9,7,2,1
2025-06-18,West,133,13,11,7,10,2,6,22
2025-06-18,Central,107,12,4,6,11,4,6,16
2025-06-19,North,137,7,7,9,8,4,7,13
2025-06-19,South,85,4,3,7,1,2,5,9
2025-06-19,East,96,9,14,6,10,8,6,2
2025-06-19,West,130,8,5,5,6,4,6,12
2025-06-19,Central,109,10,6,2,12,5,3,16
2025-06-20,North,127,12,7,11,12,9,10,10
2025-06-20,South,96,7,3,7,5,1,9,18
2025-06-20,East,112,14,5,7,10,5,2,0
2025-06-20,West,115,15,8,4,4,6,6,20
2025-06-20,Central,94,11,2,4,15,5,0,15
2025-06-21,North,143,6,9,15,10,7,8,13
2025-06-21,South,75,7,4,8,4,7,3,15
2025-06-21,East,92,11,7,13,4,4,4,0
2025-06-21,West,110,12,6,2,4,3,7,19
2025-06-21,Central,96,6,8,1,9,5,2,8
2025-06-22,North,128,6,12,12,8,6,13,13
2025-06-22,South,68,2,3,10,4,1,2,5
2025-06-22,East,93,9,9,9,13,4,4,0
2025-06-22,West,108,10,9,3,3,5,4,18
2025-06-22,Central,101,7,5,5,6,3,4,14
2025-06-23,North,113,5,7,9,11,2,0,12
2025-06-23,South,71,2,0,6,6,5,4,6
2025-06-23,East,81,5,5,19,6,8,0,0
2025-06-23,West,102,9,6,3,6,6,0,13
2025-06-23,Central,84,8,4,7,11,3,8,14
2025-06-24,North,134,4,2,14,11,6,3,8
2025-06-24,South,60,6,0,8,3,0,5,11
2025-06-24,East,98,9,7,18,10,4,2,0
2025-06-24,West,106,8,6,1,2,3,9,11
2025-06-24,Central,108,8,2,6,9,2,2,14
2025-06-25,North,129,9,10,18,9,6,5,16
2025-06-25,South,69,4,0,15,4,0,5,11
2025-06-25,East,95,13,6,18,3,5,2,0
2025-06-25,West,89,7,6,2,4,4,4,10
2025-06-25,Central,105,12,4,5,5,2,8,12
2025-06-26,North,105,6,12,15,4,3,7,11
2025-06-26,South,55,6,1,16,5,0,6,11
2025-06-26,East,129,12,4,14,4,2,1,2
2025-06-26,West,97,8,5,3,3,2,11,9
2025-06-26,Central,99,14,7,7,10,6,3,13
2025-06-27,North,138,6,8,13,14,4,3,13
2025-06-27,South,66,9,3,9,2,0,3,8
2025-06-27,East,115,15,7,13,7,6,1,1
2025-06-27,West,91,9,6,4,5,3,6,14
2025-06-27,Central,96,11,2,11,4,1,5,12
2025-06-28,North,129,7,4,12,11,4,5,15
2025-06-28,South,56,13,2,8,5,3,2,8
2025-06-28,East,102,10,9,7,8,4,1,1
2025-06-28,West,113,9,9,2,4,2,7,15
2025-06-28,Central,93,10,0,15,5,4,6,19
2025-06-29,North,144,12,13,15,13,1,4,15
2025-06-29,South,84,9,0,7,3,2,3,5
2025-06-29,East,93,8,12,13,2,9,2,0
2025-06-29,West,77,7,4,3,5,4,2,15
2025-06-29,Central,95,9,0,6,4,5,3,18
2025-06-30,North,115,9,9,15,3,2,6,15
2025-06-30,South,65,8,1,13,3,0,5,3
2025-06-30,East,99,6,9,5,7,11,2,4
2025-06-30,West,98,9,8,1,4,8,3,15
2025-06-30,Central,97,9,0,10,9,5,5,10
2025-07-01,North,135,14,6,9,6,2,10,20
2025-07-01,South,74,3,1,12,6,2,2,4
2025-07-01,East,89,8,5,7,10,2,1,0
2025-07-01,West,97,9,6,2,4,2,5,16
2025-07-01,Central,97,7,0,10,8,7,6,11
2025-07-02,North,129,6,5,14,12,6,7,11
2025-07-02,South,81,14,2,19,4,1,2,1
2025-07-02,East,115,10,9,5,5,7,3,6
2025-07-02,West,92,8,3,1,5,2,2,19
2025-07-02,Central,83,7,0,10,2,1,7,16
2025-07-03,North,122,8,4,9,9,2,4,8
2025-07-03,South,78,4,3,12,2,0,6,1
2025-07-03,East,110,6,9,10,4,4,0,1
2025-07-03,West,86,9,3,0,4,5,8,20
2025-07-03,Central,85,7,0,7,2,2,7,20
2025-07-04,North,121,13,6,9,8,5,6,17
2025-07-04,South,70,9,1,9,5,1,3,0
2025-07-04,East,94,16,9,12,8,2,0,2
2025-07-04,West,101,10,3,1,2,3,4,16
2025-07-04,Central,82,4,0,8,5,3,3,17
2025-07-05,North,145,8,3,16,6,2,7,24
2025-07-05,South,74,7,5,16,6,1,8,1
2025-07-05,East,94,7,11,13,13,0,0,1
2025-07-05,West,95,6,0,3,5,6,8,24
2025-07-05,Central,78,6,0,11,2,1,2,14
2025-07-06,North,108,10,4,10,9,4,5,18
2025-07-06,South,73,12,7,11,7,1,3,2
2025-07-06,East,91,7,6,15,8,5,1,0
2025-07-06,West,98,5,7,3,8,3,9,19
2025-07-06,Central,88,2,0,13,5,5,6,15
2025-07-07,North,129,9,4,8,15,9,6,21
2025-07-07,South,58,5,3,12,6,2,4,0
2025-07-07,East,93,7,9,6,9,7,0,0
2025-07-07,West,83,8,4,4,7,9,7,10
2025-07-07,Central,87,5,0,12,5,2,7,18
2025-07-08,North,121,5,3,11,5,4,3,10
2025-07-08,South,52,6,1,2,5,1,4,1
2025-07-08,East,103,13,5,11,9,4,1,0
2025-07-08,West,98,7,5,5,10,5,5,7
2025-07-08,Central,94,7,2,19,8,2,6,17
2025-07-09,North,132,9,1,11,11,4,3,15
2025-07-09,South,66,5,2,11,3,0,1,2
2025-07-09,East,90,9,10,15,8,5,0,0
2025-07-09,West,96,10,7,2,2,4,6,12
2025-07-09,Central,101,12,0,6,3,0,2,15
2025-07-10,North,117,7,3,10,8,3,8,16
2025-07-10,South,54,3,12,9,7,1,1,0
2025-07-10,East,111,14,8,3,5,5,1,3
2025-07-10,West,109,6,6,3,5,2,8,6
2025-07-10,Central,101,16,7,11,2,7,12,22
2025-07-11,North,131,8,5,5,6,0,9,15
2025-07-11,South,60,6,8,5,6,0,3,0
2025-07-11,East,89,14,6,12,6,5,2,1
2025-07-11,West,104,5,3,7,4,3,11,4
2025-07-11,Central,103,8,2,13,4,5,2,9
2025-07-12,North,127,12,5,9,5,8,10,9
2025-07-12,South,48,1,5,6,6,0,6,0
2025-07-12,East,94,12,9,9,6,3,1,2
2025-07-12,West,104,6,7,13,4,3,7,5
2025-07-12,Central,104,9,6,17,4,3,3,7
2025-07-13,North,121,5,4,8,11,6,3,23
2025-07-13,South,45,4,5,7,7,1,2,1
2025-07-13,East,88,4,7,10,11,4,0,3
2025-07-13,West,99,7,6,7,10,3,6,13
2025-07-13,Central,106,8,2,9,6,6,4,6
2025-07-14,North,111,11,3,9,5,4,9,14
2025-07-14,South,52,1,0,6,10,2,2,0
2025-07-14,East,101,8,5,6,7,3,0,0
2025-07-14,West,104,9,3,9,0,2,8,5
2025-07-14,Central,104,12,3,13,9,4,4,12
2025-07-15,North,112,11,2,16,7,4,7,9
2025-07-15,South,49,6,6,8,4,1,1,0
2025-07-15,East,70,11,5,7,8,2,1,1
2025-07-15,West,108,11,4,9,5,3,4,10
2025-07-15,Central,106,7,5,16,5,3,2,12
2025-07-16,North,126,9,2,12,6,5,10,11
2025-07-16,South,37,6,4,10,6,0,1,0
2025-07-16,East,67,7,5,12,6,3,0,1
2025-07-16,West,119,9,3,8,10,6,4,10
2025-07-16,Central,115,14,2,10,4,2,7,8
2025-07-17,North,103,9,1,12,7,3,6,11
2025-07-17,South,54,3,7,11,6,0,2,3
2025-07-17,East,84,10,6,8,7,1,0,1
2025-07-17,West,112,9,4,4,5,4,5,13
2025-07-17,Central,113,9,5,13,11,7,4,15
2025-07-18,North,98,6,3,11,3,7,7,12
2025-07-18,South,47,8,12,9,7,0,0,0
2025-07-18,East,77,7,8,4,9,2,0,2
2025-07-18,West,102,5,5,9,4,6,3,7
2025-07-18,Central,122,7,1,12,14,3,8,13
2025-07-19,North,92,6,1,9,9,4,5,7
2025-07-19,South,53,13,2,6,7,0,2,0
2025-07-19,East,83,9,8,8,14,1,0,0
2025-07-19,West,100,1,7,8,3,2,1,16
2025-07-19,Central,114,7,5,13,7,5,4,20
2025-07-20,North,82,10,3,6,5,2,8,10
2025-07-20,South,64,3,5,6,4,0,3,0
2025-07-20,East,72,10,8,4,10,4,0,0
2025-07-20,West,82,4,6,8,6,10,4,8
2025-07-20,Central,91,7,2,16,6,2,4,12
2025-07-21,North,88,7,4,12,12,2,7,5
2025-07-21,South,63,3,9,5,3,1,1,1
2025-07-21,East,64,6,5,8,6,0,0,2
2025-07-21,West,82,6,6,7,9,2,3,15
2025-07-21,Central,109,5,2,16,7,6,7,9
2025-07-22,North,103,8,4,13,11,3,5,11
2025-07-22,South,66,4,4,4,3,0,1,2
2025-07-22,East,83,7,10,9,1,1,0,4
2025-07-22,West,86,5,9,6,7,3,4,19
2025-07-22,Central,104,5,2,8,7,5,5,23
2025-07-23,North,110,9,2,6,6,4,2,10
2025-07-23,South,55,1,3,6,8,1,0,0
2025-07-23,East,74,10,9,9,10,3,0,4
2025-07-23,West,88,5,1,10,7,4,4,11
2025-07-23,Central,104,9,2,8,8,3,4,9
2025-07-24,North,94,6,2,15,7,3,3,11
2025-07-24,South,62,1,6,7,8,0,1,0
2025-07-24,East,80,1,4,14,7,4,0,4
2025-07-24,West,92,7,1,4,4,5,6,13
2025-07-24,Central,97,6,3,14,9,4,3,16
2025-07-25,North,86,14,5,14,6,1,9,8
2025-07-25,South,48,1,2,6,4,2,1,0
2025-07-25,East,73,5,4,4,9,0,0,7
2025-07-25,West,95,6,2,9,11,2,6,11
2025-07-25,Central,99,7,6,4,9,4,1,15
2025-07-26,North,105,11,5,9,6,0,5,10
2025-07-26,South,55,0,9,8,4,2,0,0
2025-07-26,East,89,8,9,7,8,0,0,0
2025-07-26,West,97,4,6,5,10,1,3,15
2025-07-26,Central,109,9,2,11,5,4,3,17
2025-07-27,North,90,7,2,12,1,4,5,10
2025-07-27,South,53,1,5,7,6,0,0,2
2025-07-27,East,81,5,6,10,9,4,0,7
2025-07-27,West,88,5,4,8,2,6,5,14
2025-07-27,Central,100,5,2,4,10,3,6,10
2025-07-28,North,95,16,6,10,5,2,8,8
2025-07-28,South,42,1,4,5,8,1,1,0
2025-07-28,East,86,6,8,9,9,3,1,6
2025-07-28,West,86,2,5,11,7,6,1,17
2025-07-28,Central,84,6,6,10,7,2,4,13
2025-07-29,North,102,3,7,9,7,4,6,11
2025-07-29,South,50,1,4,10,6,0,3,1
2025-07-29,East,76,3,7,7,7,2,1,9
2025-07-29,West,94,5,4,10,8,8,5,14
2025-07-29,Central,76,5,4,4,3,4,4,23
2025-07-30,North,114,13,8,9,6,3,7,14
2025-07-30,South,38,1,4,8,3,0,1,0
2025-07-30,East,58,5,10,9,12,1,1,4
2025-07-30,West,94,2,7,10,2,6,4,14
2025-07-30,Central,93,6,5,3,4,5,1,9
2025-07-31,North,115,11,10,5,11,2,7,8
2025-07-31,South,60,1,1,8,8,0,1,2
2025-07-31,East,66,6,9,10,7,2,0,2
2025-07-31,West,74,2,6,9,3,2,1,17
2025-07-31,Central,86,6,4,10,3,5,5,12
2025-08-01,North,111,13,7,5,10,5,8,12
2025-08-01,South,44,1,7,12,7,0,1,2
2025-08-01,East,79,9,7,9,7,3,0,0
2025-08-01,West,80,1,3,6,9,2,2,16
2025-08-01,Central,104,5,7,12,4,4,5,8
2025-08-02,North,116,8,7,11,6,4,5,11
2025-08-02,South,59,0,7,10,6,1,0,1
2025-08-02,East,53,8,4,5,4,3,0,3
2025-08-02,West,100,1,2,2,9,6,2,21
2025-08-02,Central,95,11,5,8,4,2,5,16
2025-08-03,North,101,10,8,5,10,1,6,11
2025-08-03,South,52,0,3,6,5,2,0,1
2025-08-03,East,76,10,6,6,8,9,0,4
2025-08-03,West,73,0,1,1,8,3,3,13
2025-08-03,Central,81,5,3,6,2,4,1,20
2025-08-04,North,100,9,3,6,4,1,8,11
2025-08-04,South,63,1,3,11,12,2,0,0
2025-08-04,East,82,6,5,13,4,3,0,4
2025-08-04,West,94,1,1,4,7,6,5,22
2025-08-04,Central,81,8,2,5,6,4,2,13
2025-08-05,North,89,11,2,5,11,3,4,8
2025-08-05,South,61,5,4,10,7,5,0,0
2025-08-05,East,68,10,5,11,10,4,0,2
2025-08-05,West,74,3,5,8,9,1,6,12
2025-08-05,Central,70,7,8,8,6,7,1,13
2025-08-06,North,102,12,3,3,4,1,4,12
2025-08-06,South,63,1,3,8,9,4,0,4
2025-08-06,East,78,10,8,10,5,4,0,0
2025-08-06,West,83,2,2,3,11,7,6,7
2025-08-06,Central,99,11,5,6,5,4,1,13
2025-08-07,North,92,13,11,7,10,1,4,1
2025-08-07,South,59,2,2,10,8,0,0,1
2025-08-07,East,92,4,6,8,8,4,0,1
2025-08-07,West,56,4,0,2,6,7,6,9
2025-08-07,Central,82,5,4,9,5,2,1,8
2025-08-08,North,88,7,5,7,8,0,3,4
2025-08-08,South,45,0,2,8,5,0,2,4
2025-08-08,East,74,11,4,11,4,1,0,0
2025-08-08,West,60,4,0,3,10,3,6,14
2025-08-08,Central,89,13,3,9,3,2,0,11
2025-08-09,North,74,3,2,5,9,0,0,1
2025-08-09,South,57,2,1,4,12,0,1,2
2025-08-09,East,55,9,7,7,2,5,0,0
2025-08-09,West,63,0,0,2,9,3,7,11
2025-08-09,Central,93,9,6,11,4,3,4,8
2025-08-10,North,73,7,7,6,7,0,5,3
2025-08-10,South,54,0,1,13,10,0,4,3
2025-08-10,East,79,5,4,4,1,1,0,0
2025-08-10,West,57,0,0,0,8,1,7,17
2025-08-10,Central,89,8,3,5,4,3,7,12
2025-08-11,North,79,14,2,6,9,1,8,3
2025-08-11,South,57,2,3,12,11,0,4,4
2025-08-11,East,75,8,10,15,5,3,1,0
2025-08-11,West,65,1,0,1,5,2,9,15
2025-08-11,Central,106,10,7,2,13,9,4,11
2025-08-12,North,91,4,8,7,6,0,1,1
2025-08-12,South,44,3,2,8,10,0,6,2
2025-08-12,East,65,7,8,7,6,1,0,0
2025-08-12,West,53,1,0,0,9,0,7,10
2025-08-12,Central,92,6,3,5,16,3,3,7
2025-08-13,North,72,8,7,9,3,0,6,5
2025-08-13,South,69,3,2,12,7,1,3,1
2025-08-13,East,70,11,4,11,7,1,2,0
2025-08-13,West,56,1,0,0,16,1,5,11
2025-08-13,Central,94,9,4,1,12,3,1,6
2025-08-14,North,74,5,8,6,12,0,5,8
2025-08-14,South,35,0,2,9,5,0,5,2
2025-08-14,East,56,7,8,5,6,0,0,0
2025-08-14,West,61,3,0,0,9,0,6,11
2025-08-14,Central,88,8,8,1,7,4,0,9
2025-08-15,North,80,16,6,4,5,2,2,4
2025-08-15,South,63,5,1,8,7,0,1,3
2025-08-15,East,82,8,6,10,10,1,0,0
2025-08-15,West,64,4,0,0,9,1,8,12
2025-08-15,Central,79,9,4,0,9,1,1,8
2025-08-16,North,73,11,9,3,9,0,5,6
2025-08-16,South,28,1,2,10,1,0,6,2
2025-08-16,East,79,4,11,12,9,0,0,1
2025-08-16,West,65,0,1,1,9,1,4,12
2025-08-16,Central,106,11,1,0,6,3,1,9
2025-08-17,North,73,7,7,7,9,0,6,3
2025-08-17,South,37,1,2,8,2,0,2,4
2025-08-17,East,75,11,5,10,5,2,0,1
2025-08-17,West,53,0,1,2,10,0,8,11
2025-08-17,Central,101,8,4,1,8,7,2,7
2025-08-18,North,62,15,7,4,7,0,3,1
2025-08-18,South,53,0,6,7,4,0,4,9
2025-08-18,East,64,5,8,9,5,2,0,2
2025-08-18,West,38,0,0,6,6,1,7,11
2025-08-18,Central,79,10,5,1,9,4,1,15
2025-08-19,North,79,16,3,5,6,0,2,1
2025-08-19,South,47,0,8,7,6,0,7,4
2025-08-19,East,55,2,6,9,9,1,2,1
2025-08-19,West,53,0,1,3,5,1,8,7
2025-08-19,Central,79,9,1,0,10,8,0,7
2025-08-20,North,62,6,4,2,5,1,0,2
2025-08-20,South,43,1,4,3,4,0,3,9
2025-08-20,East,55,5,5,8,9,1,1,1
2025-08-20,West,48,0,1,2,10,1,4,5
2025-08-20,Central,56,11,3,0,7,6,1,16
2025-08-21,North,60,5,3,3,8,2,1,1
2025-08-21,South,47,1,6,5,4,0,7,2
2025-08-21,East,50,5,6,12,8,3,1,0
2025-08-21,West,47,0,0,2,6,2,3,4
2025-08-21,Central,63,6,1,0,7,3,0,14
2025-08-22,North,63,13,2,4,2,1,4,5
2025-08-22,South,40,1,2,5,0,0,2,2
2025-08-22,East,43,0,5,8,3,0,1,3
2025-08-22,West,57,1,0,0,12,1,5,5
2025-08-22,Central,54,10,1,0,14,4,1,7
2025-08-23,North,47,8,5,2,5,0,3,1
2025-08-23,South,36,1,6,3,3,0,1,2
2025-08-23,East,57,2,6,10,3,0,2,0
2025-08-23,West,47,2,0,0,4,0,9,8
2025-08-23,Central,65,12,2,1,6,3,3,7
2025-08-24,North,48,7,1,2,1,0,4,0
2025-08-24,South,53,2,5,2,0,0,1,6
2025-08-24,East,50,2,2,7,4,0,3,0
2025-08-24,West,50,3,1,0,5,1,5,9
2025-08-24,Central,76,12,8,3,11,3,0,7
2025-08-25,North,41,5,4,1,3,0,1,1
2025-08-25,South,46,2,7,4,1,1,7,0
2025-08-25,East,50,4,6,6,3,0,1,2
2025-08-25,West,59,9,0,0,6,0,7,8
2025-08-25,Central,76,7,1,3,4,3,3,5
2025-08-26,North,46,10,2,0,4,0,3,6
2025-08-26,South,36,1,12,2,0,1,5,0
2025-08-26,East,34,0,4,6,5,0,1,0
2025-08-26,West,47,2,0,0,3,0,7,4
2025-08-26,Central,70,10,1,3,5,3,0,11
2025-08-27,North,49,10,4,6,5,0,1,7
2025-08-27,South,30,1,6,3,0,0,2,3
2025-08-27,East,31,0,3,5,4,0,1,2
2025-08-27,West,48,1,1,0,3,0,5,11
2025-08-27,Central,87,6,3,5,4,5,3,7
2025-08-28,North,64,6,4,1,3,0,1,8
2025-08-28,South,47,0,6,1,0,0,4,4
2025-08-28,East,29,0,3,7,3,0,0,0
2025-08-28,West,48,6,1,0,2,1,7,20
2025-08-28,Central,77,15,4,9,5,7,2,5
2025-08-29,North,60,7,3,2,3,1,3,6
2025-08-29,South,43,1,17,1,1,1,0,5
2025-08-29,East,45,0,7,6,4,0,4,0
2025-08-29,West,53,2,0,0,3,2,8,9
2025-08-29,Central,80,13,3,2,12,4,4,3
2025-08-30,North,61,11,3,5,7,0,1,9
2025-08-30,South,37,0,5,2,0,2,3,4
2025-08-30,East,36,0,0,6,4,0,0,0
2025-08-30,West,65,8,0,0,2,4,6,6
2025-08-30,Central,50,7,1,3,8,3,4,2
2025-08-31,North,38,4,7,1,7,0,1,7
2025-08-31,South,28,0,11,0,0,0,2,6
2025-08-31,East,37,2,2,8,3,0,3,3
2025-08-31,West,59,8,0,0,2,1,10,10
2025-08-31,Central,65,9,5,4,3,1,1,0
2025-09-01,North,41,7,4,2,3,0,3,6
2025-09-01,South,13,2,4,3,0,0,0,3
2025-09-01,East,45,1,3,12,5,0,0,0
2025-09-01,West,58,3,2,0,2,1,8,10
2025-09-01,Central,46,10,0,6,13,4,6,0
2025-09-02,North,51,4,3,1,6,0,2,2
2025-09-02,South,24,0,4,3,2,1,0,4
2025-09-02,East,38,0,1,8,6,0,1,0
2025-09-02,West,60,7,1,0,0,2,5,9
2025-09-02,Central,44,6,2,2,5,2,4,0
2025-09-03,North,55,7,1,0,5,0,2,1
2025-09-03,South,30,1,4,0,2,1,0,1
2025-09-03,East,51,0,4,7,4,0,1,0
2025-09-03,West,65,4,0,0,2,1,8,8
2025-09-03,Central,56,1,0,1,13,3,2,0
2025-09-04,North,35,1,2,2,7,0,3,5
2025-09-04,South,18,0,11,2,3,0,0,2
2025-09-04,East,39,0,6,7,3,2,1,0
2025-09-04,West,47,2,0,5,2,0,10,8
2025-09-04,Central,61,16,0,1,5,4,1,2
2025-09-05,North,37,3,2,1,4,0,0,1
2025-09-05,South,13,1,10,0,0,2,0,0
2025-09-05,East,65,0,3,7,5,1,2,0
2025-09-05,West,58,12,0,2,1,3,9,10
2025-09-05,Central,60,12,0,5,6,0,7,3
2025-09-06,North,35,5,3,0,2,1,3,3
2025-09-06,South,41,0,4,0,4,3,0,3
2025-09-06,East,37,1,5,3,7,1,3,1
2025-09-06,West,49,9,0,9,0,2,2,15
2025-09-06,Central,57,10,0,8,11,1,1,1
2025-09-07,North,35,4,2,1,3,3,2,2
2025-09-07,South,38,0,7,0,3,2,0,4
2025-09-07,East,44,0,5,5,6,0,1,0
2025-09-07,West,52,7,2,5,0,2,7,22
2025-09-07,Central,43,14,0,5,7,1,3,3
2025-09-08,North,31,3,0,0,5,0,2,1
2025-09-08,South,28,1,3,1,3,1,1,4
2025-09-08,East,39,0,2,7,3,1,3,0
2025-09-08,West,51,5,2,4,0,0,3,18
2025-09-08,Central,57,10,0,3,5,0,1,4
2025-09-09,North,35,4,0,0,5,2,2,0
2025-09-09,South,33,1,3,0,2,1,2,6
2025-09-09,East,35,0,1,10,8,0,0,2
2025-09-09,West,55,3,1,5,0,0,4,16
2025-09-09,Central,62,9,0,5,7,2,5,2
2025-09-10,North,32,7,0,0,4,2,0,0
2025-09-10,South,42,0,4,0,1,1,3,2
2025-09-10,East,25,0,4,9,2,0,1,0
2025-09-10,West,53,8,1,2,0,0,6,11
2025-09-10,Central,55,13,0,2,7,0,6,9
2025-09-11,North,35,4,1,0,4,1,1,0
2025-09-11,South,41,0,11,0,0,0,0,6
2025-09-11,East,42,0,2,14,7,0,0,3
2025-09-11,West,53,9,2,0,1,0,8,21
2025-09-11,Central,53,9,2,4,1,1,0,7
2025-09-12,North,33,9,0,0,5,1,0,0
2025-09-12,South,28,0,3,0,2,0,4,2
2025-09-12,East,31,0,2,1,0,0,0,2
2025-09-12,West,66,6,0,0,1,0,4,12
2025-09-12,Central,47,5,3,2,2,2,1,3
2025-09-13,North,34,13,0,0,1,0,1,0
2025-09-13,South,37,0,4,1,0,0,2,1
2025-09-13,East,27,0,1,9,2,0,3,4
2025-09-13,West,45,6,1,0,1,0,8,12
2025-09-13,Central,43,4,3,0,5,1,3,9
2025-09-14,North,30,8,0,0,3,1,2,1
2025-09-14,South,38,0,12,3,0,1,5,0
2025-09-14,East,29,1,4,4,1,0,1,3
2025-09-14,West,40,4,0,0,0,0,8,16
2025-09-14,Central,39,4,4,1,1,2,0,9
2025-09-15,North,41,7,0,0,4,1,5,5
2025-09-15,South,40,0,6,0,0,0,7,0
2025-09-15,East,20,0,2,1,1,0,1,5
2025-09-15,West,50,5,1,0,0,0,8,12
2025-09-15,Central,28,11,0,0,1,0,0,6
2025-09-16,North,31,4,0,0,4,1,4,5
2025-09-16,South,38,0,6,0,0,3,3,2
2025-09-16,East,32,0,2,7,3,0,1,2
2025-09-16,West,29,7,0,0,0,0,3,17
2025-09-16,Central,29,4,2,0,5,1,0,2
2025-09-17,North,28,3,0,0,3,2,1,2
2025-09-17,South,34,0,7,0,5,1,6,2
2025-09-17,East,26,1,2,1,3,1,2,3
2025-09-17,West,54,10,0,0,0,0,6,10
2025-09-17,Central,27,4,1,1,2,0,0,5
2025-09-18,North,24,4,2,1,2,1,4,2
2025-09-18,South,37,1,6,0,2,1,6,5
2025-09-18,East,41,1,2,6,6,0,1,1
2025-09-18,West,33,7,0,0,0,0,5,9
2025-09-18,Central,27,8,0,0,1,0,0,0
2025-09-19,North,34,2,0,3,9,0,2,3
2025-09-19,South,36,1,8,0,2,3,4,6
2025-09-19,East,36,3,3,4,3,0,4,0
2025-09-19,West,29,7,0,0,3,1,7,8
2025-09-19,Central,32,4,1,0,3,0,0,1
2025-09-20,North,31,2,1,0,5,0,8,5
2025-09-20,South,43,0,13,0,1,1,3,1
2025-09-20,East,28,3,1,3,5,4,6,0
2025-09-20,West,41,4,0,0,3,0,0,9
2025-09-20,Central,26,7,0,3,4,2,0,0
2025-09-21,North,29,6,0,0,5,1,7,1
2025-09-21,South,32,0,10,0,0,4,4,3
2025-09-21,East,35,4,0,10,4,0,4,1
2025-09-21,West,40,8,0,0,0,2,3,19
2025-09-21,Central,24,1,2,0,0,1,0,0
2025-09-22,North,29,4,0,0,1,0,2,3
2025-09-22,South,31,0,3,0,0,1,0,2
2025-09-22,East,31,1,0,4,3,0,3,1
2025-09-22,West,43,3,0,0,0,0,3,6
2025-09-22,Central,21,7,3,1,0,0,1,0
2025-09-23,North,23,5,0,0,4,0,2,2
2025-09-23,South,36,4,4,3,0,2,2,0
2025-09-23,East,33,0,0,13,8,1,3,1
2025-09-23,West,49,2,0,0,0,0,2,13
2025-09-23,Central,23,4,0,0,0,1,1,0
2025-09-24,North,34,7,0,0,2,0,1,3
2025-09-24,South,37,4,4,3,3,1,1,0
2025-09-24,East,32,0,0,9,3,1,4,0
2025-09-24,West,30,13,0,0,0,0,2,11
2025-09-24,Central,17,5,1,0,1,1,1,0
2025-09-25,North,31,9,0,0,5,1,1,2
2025-09-25,South,35,1,3,1,0,3,1,1
2025-09-25,East,35,1,0,10,5,0,2,0
2025-09-25,West,34,10,0,1,0,0,1,19
2025-09-25,Central,28,2,3,0,1,2,0,2
2025-09-26,North,35,4,1,0,2,0,0,4
2025-09-26,South,45,3,5,4,1,2,1,0
2025-09-26,East,39,1,0,9,0,0,0,3
2025-09-26,West,44,7,0,4,1,0,0,8
2025-09-26,Central,17,5,1,0,2,1,0,0
