date,product_name,qty,price,total_revenue
2023-01-01,Oseltamivir 75mg,10,12.0,120.0
2023-01-01,Paracetamol 500mg,46,1.5,69.0
2023-01-01,Cough Syrup,19,3.0,57.0
2023-01-01,Ibuprofen 200mg,24,1.0,24.0
2023-01-01,Artemether IV,23,15.0,345.0
2023-01-01,Quinine 500mg,17,8.0,136.0
2023-01-01,Platelet Support,13,25.0,325.0
2023-01-01,Vitamin C,10,0.8,8.0
2023-01-01,Amoxicillin 250mg,37,4.0,148.0
2023-01-01,Chloramphenicol,8,6.0,48.0
2023-01-01,Ciprofloxacin 500mg,23,5.5,126.5
2023-01-01,Aspirin 325mg,2,0.8,1.6
2023-01-01,Vitamin B Complex,3,2.5,7.5
2023-01-02,Oseltamivir 75mg,17,12.0,204.0
2023-01-02,Paracetamol 500mg,72,1.5,108.0
2023-01-02,Cough Syrup,25,3.0,75.0
2023-01-02,Ibuprofen 200mg,50,1.0,50.0
2023-01-02,Vitamin C,12,0.8,9.600000000000001
2023-01-02,Artemether IV,17,15.0,255.0
2023-01-02,Quinine 500mg,15,8.0,120.0
2023-01-02,Platelet Support,10,25.0,250.0
2023-01-02,Amoxicillin 250mg,20,4.0,80.0
2023-01-02,Chloramphenicol,8,6.0,48.0
2023-01-02,Ciprofloxacin 500mg,21,5.5,115.5
2023-01-02,Aspirin 325mg,6,0.8,4.800000000000001
2023-01-02,Vitamin B Complex,2,2.5,5.0
2023-01-03,Oseltamivir 75mg,19,12.0,228.0
2023-01-03,Paracetamol 500mg,54,1.5,81.0
2023-01-03,Cough Syrup,36,3.0,108.0
2023-01-03,Ibuprofen 200mg,35,1.0,35.0
2023-01-03,Vitamin C,18,0.8,14.4
2023-01-03,Artemether IV,15,15.0,225.0
2023-01-03,Quinine 500mg,12,8.0,96.0
2023-01-03,Platelet Support,9,25.0,225.0
2023-01-03,Amoxicillin 250mg,18,4.0,72.0
2023-01-03,Chloramphenicol,7,6.0,42.0
2023-01-03,Ciprofloxacin 500mg,25,5.5,137.5
2023-01-03,Aspirin 325mg,3,0.8,2.4000000000000004
2023-01-03,Vitamin B Complex,2,2.5,5.0
2023-01-04,Oseltamivir 75mg,17,12.0,204.0
2023-01-04,Paracetamol 500mg,67,1.5,100.5
2023-01-04,Cough Syrup,32,3.0,96.0
2023-01-04,Ibuprofen 200mg,41,1.0,41.0
2023-01-04,Vitamin C,15,0.8,12.0
2023-01-04,Artemether IV,12,15.0,180.0
2023-01-04,Quinine 500mg,14,8.0,112.0
2023-01-04,Platelet Support,13,25.0,325.0
2023-01-04,Amoxicillin 250mg,16,4.0,64.0
2023-01-04,Chloramphenicol,14,6.0,84.0
2023-01-04,Ciprofloxacin 500mg,22,5.5,121.0
2023-01-04,Aspirin 325mg,4,0.8,3.2
2023-01-04,Vitamin B Complex,3,2.5,7.5
2023-01-05,Oseltamivir 75mg,20,12.0,240.0
2023-01-05,Paracetamol 500mg,62,1.5,93.0
2023-01-05,Cough Syrup,40,3.0,120.0
2023-01-05,Ibuprofen 200mg,30,1.0,30.0
2023-01-05,Vitamin C,27,0.8,21.6
2023-01-05,Artemether IV,11,15.0,165.0
2023-01-05,Quinine 500mg,7,8.0,56.0
2023-01-05,Platelet Support,23,25.0,575.0
2023-01-05,Amoxicillin 250mg,22,4.0,88.0
2023-01-05,Chloramphenicol,11,6.0,66.0
2023-01-05,Ciprofloxacin 500mg,24,5.5,132.0
2023-01-05,Aspirin 325mg,2,0.8,1.6
2023-01-06,Oseltamivir 75mg,14,12.0,168.0
2023-01-06,Paracetamol 500mg,54,1.5,81.0
2023-01-06,Cough Syrup,39,3.0,117.0
2023-01-06,Ibuprofen 200mg,44,1.0,44.0
2023-01-06,Vitamin C,29,0.8,23.200000000000003
2023-01-06,Artemether IV,10,15.0,150.0
2023-01-06,Quinine 500mg,17,8.0,136.0
2023-01-06,Platelet Support,14,25.0,350.0
2023-01-06,Amoxicillin 250mg,15,4.0,60.0
2023-01-06,Chloramphenicol,10,6.0,60.0
2023-01-06,Ciprofloxacin 500mg,19,5.5,104.5
2023-01-06,Aspirin 325mg,1,0.8,0.8
2023-01-06,Vitamin B Complex,2,2.5,5.0
2023-01-07,Oseltamivir 75mg,16,12.0,192.0
2023-01-07,Paracetamol 500mg,51,1.5,76.5
2023-01-07,Cough Syrup,32,3.0,96.0
2023-01-07,Ibuprofen 200mg,32,1.0,32.0
2023-01-07,Vitamin C,19,0.8,15.200000000000001
2023-01-07,Artemether IV,15,15.0,225.0
2023-01-07,Quinine 500mg,11,8.0,88.0
2023-01-07,Platelet Support,12,25.0,300.0
2023-01-07,Amoxicillin 250mg,17,4.0,68.0
2023-01-07,Chloramphenicol,10,6.0,60.0
2023-01-07,Ciprofloxacin 500mg,35,5.5,192.5
2023-01-07,Aspirin 325mg,1,0.8,0.8
2023-01-07,Vitamin B Complex,1,2.5,2.5
2023-01-08,Oseltamivir 75mg,6,12.0,72.0
2023-01-08,Paracetamol 500mg,50,1.5,75.0
2023-01-08,Vitamin C,29,0.8,23.200000000000003
2023-01-08,Cough Syrup,36,3.0,108.0
2023-01-08,Artemether IV,6,15.0,90.0
2023-01-08,Quinine 500mg,8,8.0,64.0
2023-01-08,Ibuprofen 200mg,27,1.0,27.0
2023-01-08,Platelet Support,8,25.0,200.0
2023-01-08,Amoxicillin 250mg,30,4.0,120.0
2023-01-08,Chloramphenicol,11,6.0,66.0
2023-01-08,Ciprofloxacin 500mg,25,5.5,137.5
2023-01-08,Aspirin 325mg,5,0.8,4.0
2023-01-08,Vitamin B Complex,6,2.5,15.0
2023-01-09,Oseltamivir 75mg,17,12.0,204.0
2023-01-09,Paracetamol 500mg,53,1.5,79.5
2023-01-09,Cough Syrup,34,3.0,102.0
2023-01-09,Ibuprofen 200mg,22,1.0,22.0
2023-01-09,Vitamin C,17,0.8,13.600000000000001
2023-01-09,Artemether IV,9,15.0,135.0
2023-01-09,Quinine 500mg,13,8.0,104.0
2023-01-09,Platelet Support,19,25.0,475.0
2023-01-09,Amoxicillin 250mg,23,4.0,92.0
2023-01-09,Chloramphenicol,11,6.0,66.0
2023-01-09,Ciprofloxacin 500mg,28,5.5,154.0
2023-01-09,Aspirin 325mg,5,0.8,4.0
2023-01-09,Vitamin B Complex,2,2.5,5.0
2023-01-10,Oseltamivir 75mg,20,12.0,240.0
2023-01-10,Paracetamol 500mg,56,1.5,84.0
2023-01-10,Cough Syrup,26,3.0,78.0
2023-01-10,Ibuprofen 200mg,44,1.0,44.0
2023-01-10,Vitamin C,31,0.8,24.8
2023-01-10,Artemether IV,10,15.0,150.0
2023-01-10,Quinine 500mg,13,8.0,104.0
2023-01-10,Platelet Support,19,25.0,475.0
2023-01-10,Amoxicillin 250mg,30,4.0,120.0
2023-01-10,Chloramphenicol,7,6.0,42.0
2023-01-10,Ciprofloxacin 500mg,26,5.5,143.0
2023-01-10,Aspirin 325mg,3,0.8,2.4000000000000004
2023-01-10,Vitamin B Complex,1,2.5,2.5
2023-01-11,Oseltamivir 75mg,18,12.0,216.0
2023-01-11,Paracetamol 500mg,75,1.5,112.5
2023-01-11,Cough Syrup,34,3.0,102.0
2023-01-11,Ibuprofen 200mg,28,1.0,28.0
2023-01-11,Vitamin C,24,0.8,19.200000000000003
2023-01-11,Artemether IV,20,15.0,300.0
2023-01-11,Quinine 500mg,8,8.0,64.0
2023-01-11,Platelet Support,17,25.0,425.0
2023-01-11,Amoxicillin 250mg,30,4.0,120.0
2023-01-11,Chloramphenicol,10,6.0,60.0
2023-01-11,Ciprofloxacin 500mg,27,5.5,148.5
2023-01-11,Aspirin 325mg,2,0.8,1.6
2023-01-11,Vitamin B Complex,3,2.5,7.5
2023-01-12,Oseltamivir 75mg,16,12.0,192.0
2023-01-12,Paracetamol 500mg,70,1.5,105.0
2023-01-12,Cough Syrup,32,3.0,96.0
2023-01-12,Ibuprofen 200mg,24,1.0,24.0
2023-01-12,Vitamin C,19,0.8,15.200000000000001
2023-01-12,Artemether IV,12,15.0,180.0
2023-01-12,Quinine 500mg,7,8.0,56.0
2023-01-12,Platelet Support,13,25.0,325.0
2023-01-12,Amoxicillin 250mg,27,4.0,108.0
2023-01-12,Chloramphenicol,12,6.0,72.0
2023-01-12,Ciprofloxacin 500mg,25,5.5,137.5
2023-01-12,Aspirin 325mg,3,0.8,2.4000000000000004
2023-01-12,Vitamin B Complex,1,2.5,2.5
2023-01-13,Oseltamivir 75mg,33,12.0,396.0
2023-01-13,Paracetamol 500mg,74,1.5,111.0
2023-01-13,Cough Syrup,31,3.0,93.0
2023-01-13,Ibuprofen 200mg,29,1.0,29.0
2023-01-13,Vitamin C,24,0.8,19.200000000000003
2023-01-13,Artemether IV,10,15.0,150.0
2023-01-13,Quinine 500mg,5,8.0,40.0
2023-01-13,Platelet Support,12,25.0,300.0
2023-01-13,Amoxicillin 250mg,26,4.0,104.0
2023-01-13,Chloramphenicol,6,6.0,36.0
2023-01-13,Ciprofloxacin 500mg,27,5.5,148.5
2023-01-13,Aspirin 325mg,5,0.8,4.0
2023-01-13,Vitamin B Complex,5,2.5,12.5
2023-01-14,Oseltamivir 75mg,21,12.0,252.0
2023-01-14,Paracetamol 500mg,64,1.5,96.0
2023-01-14,Cough Syrup,39,3.0,117.0
2023-01-14,Ibuprofen 200mg,48,1.0,48.0
2023-01-14,Vitamin C,34,0.8,27.200000000000003
2023-01-14,Artemether IV,3,15.0,45.0
2023-01-14,Quinine 500mg,12,8.0,96.0
2023-01-14,Platelet Support,21,25.0,525.0
2023-01-14,Amoxicillin 250mg,21,4.0,84.0
2023-01-14,Chloramphenicol,12,6.0,72.0
2023-01-14,Ciprofloxacin 500mg,24,5.5,132.0
2023-01-14,Aspirin 325mg,5,0.8,4.0
2023-01-14,Vitamin B Complex,4,2.5,10.0
2023-01-15,Oseltamivir 75mg,27,12.0,324.0
2023-01-15,Paracetamol 500mg,66,1.5,99.0
2023-01-15,Cough Syrup,54,3.0,162.0
2023-01-15,Ibuprofen 200mg,43,1.0,43.0
2023-01-15,Vitamin C,47,0.8,37.6
2023-01-15,Artemether IV,8,15.0,120.0
2023-01-15,Quinine 500mg,8,8.0,64.0
2023-01-15,Platelet Support,20,25.0,500.0
2023-01-15,Amoxicillin 250mg,24,4.0,96.0
2023-01-15,Chloramphenicol,9,6.0,54.0
2023-01-15,Ciprofloxacin 500mg,21,5.5,115.5
2023-01-15,Aspirin 325mg,2,0.8,1.6
2023-01-15,Vitamin B Complex,5,2.5,12.5
2023-01-16,Oseltamivir 75mg,29,12.0,348.0
2023-01-16,Paracetamol 500mg,80,1.5,120.0
2023-01-16,Cough Syrup,50,3.0,150.0
2023-01-16,Ibuprofen 200mg,31,1.0,31.0
2023-01-16,Vitamin C,37,0.8,29.6
2023-01-16,Artemether IV,13,15.0,195.0
2023-01-16,Quinine 500mg,7,8.0,56.0
2023-01-16,Platelet Support,15,25.0,375.0
2023-01-16,Amoxicillin 250mg,21,4.0,84.0
2023-01-16,Chloramphenicol,13,6.0,78.0
2023-01-16,Ciprofloxacin 500mg,29,5.5,159.5
2023-01-16,Aspirin 325mg,3,0.8,2.4000000000000004
2023-01-16,Vitamin B Complex,2,2.5,5.0
2023-01-17,Oseltamivir 75mg,31,12.0,372.0
2023-01-17,Paracetamol 500mg,73,1.5,109.5
2023-01-17,Cough Syrup,46,3.0,138.0
2023-01-17,Ibuprofen 200mg,30,1.0,30.0
2023-01-17,Vitamin C,41,0.8,32.800000000000004
2023-01-17,Artemether IV,4,15.0,60.0
2023-01-17,Quinine 500mg,6,8.0,48.0
2023-01-17,Platelet Support,17,25.0,425.0
2023-01-17,Amoxicillin 250mg,24,4.0,96.0
2023-01-17,Chloramphenicol,8,6.0,48.0
2023-01-17,Ciprofloxacin 500mg,29,5.5,159.5
2023-01-17,Aspirin 325mg,3,0.8,2.4000000000000004
2023-01-17,Vitamin B Complex,5,2.5,12.5
2023-01-18,Oseltamivir 75mg,29,12.0,348.0
2023-01-18,Paracetamol 500mg,93,1.5,139.5
2023-01-18,Cough Syrup,54,3.0,162.0
2023-01-18,Ibuprofen 200mg,54,1.0,54.0
2023-01-18,Vitamin C,32,0.8,25.6
2023-01-18,Artemether IV,16,15.0,240.0
2023-01-18,Quinine 500mg,7,8.0,56.0
2023-01-18,Platelet Support,19,25.0,475.0
2023-01-18,Amoxicillin 250mg,23,4.0,92.0
2023-01-18,Chloramphenicol,12,6.0,72.0
2023-01-18,Ciprofloxacin 500mg,23,5.5,126.5
2023-01-18,Aspirin 325mg,2,0.8,1.6
2023-01-18,Vitamin B Complex,3,2.5,7.5
2023-01-19,Oseltamivir 75mg,33,12.0,396.0
2023-01-19,Paracetamol 500mg,73,1.5,109.5
2023-01-19,Cough Syrup,48,3.0,144.0
2023-01-19,Ibuprofen 200mg,41,1.0,41.0
2023-01-19,Vitamin C,36,0.8,28.8
2023-01-19,Artemether IV,8,15.0,120.0
2023-01-19,Quinine 500mg,6,8.0,48.0
2023-01-19,Platelet Support,7,25.0,175.0
2023-01-19,Amoxicillin 250mg,33,4.0,132.0
2023-01-19,Chloramphenicol,12,6.0,72.0
2023-01-19,Ciprofloxacin 500mg,24,5.5,132.0
2023-01-19,Aspirin 325mg,3,0.8,2.4000000000000004
2023-01-19,Vitamin B Complex,8,2.5,20.0
2023-01-20,Oseltamivir 75mg,28,12.0,336.0
2023-01-20,Paracetamol 500mg,79,1.5,118.5
2023-01-20,Cough Syrup,33,3.0,99.0
2023-01-20,Ibuprofen 200mg,44,1.0,44.0
2023-01-20,Vitamin C,41,0.8,32.800000000000004
2023-01-20,Artemether IV,8,15.0,120.0
2023-01-20,Quinine 500mg,9,8.0,72.0
2023-01-20,Platelet Support,24,25.0,600.0
2023-01-20,Amoxicillin 250mg,17,4.0,68.0
2023-01-20,Chloramphenicol,6,6.0,36.0
2023-01-20,Ciprofloxacin 500mg,25,5.5,137.5
2023-01-20,Aspirin 325mg,5,0.8,4.0
2023-01-20,Vitamin B Complex,3,2.5,7.5
2023-01-21,Oseltamivir 75mg,33,12.0,396.0
2023-01-21,Paracetamol 500mg,79,1.5,118.5
2023-01-21,Cough Syrup,52,3.0,156.0
2023-01-21,Ibuprofen 200mg,57,1.0,57.0
2023-01-21,Vitamin C,47,0.8,37.6
2023-01-21,Artemether IV,10,15.0,150.0
2023-01-21,Quinine 500mg,13,8.0,104.0
2023-01-21,Platelet Support,16,25.0,400.0
2023-01-21,Amoxicillin 250mg,24,4.0,96.0
2023-01-21,Chloramphenicol,8,6.0,48.0
2023-01-21,Ciprofloxacin 500mg,21,5.5,115.5
2023-01-21,Aspirin 325mg,5,0.8,4.0
2023-01-21,Vitamin B Complex,4,2.5,10.0
2023-01-22,Oseltamivir 75mg,36,12.0,432.0
2023-01-22,Paracetamol 500mg,80,1.5,120.0
2023-01-22,Cough Syrup,55,3.0,165.0
2023-01-22,Ibuprofen 200mg,50,1.0,50.0
2023-01-22,Vitamin C,46,0.8,36.800000000000004
2023-01-22,Artemether IV,9,15.0,135.0
2023-01-22,Quinine 500mg,11,8.0,88.0
2023-01-22,Platelet Support,13,25.0,325.0
2023-01-22,Amoxicillin 250mg,23,4.0,92.0
2023-01-22,Chloramphenicol,6,6.0,36.0
2023-01-22,Ciprofloxacin 500mg,18,5.5,99.0
2023-01-22,Aspirin 325mg,3,0.8,2.4000000000000004
2023-01-22,Vitamin B Complex,1,2.5,2.5
2023-01-23,Oseltamivir 75mg,40,12.0,480.0
2023-01-23,Paracetamol 500mg,71,1.5,106.5
2023-01-23,Cough Syrup,52,3.0,156.0
2023-01-23,Ibuprofen 200mg,41,1.0,41.0
2023-01-23,Vitamin C,45,0.8,36.0
2023-01-23,Artemether IV,10,15.0,150.0
2023-01-23,Quinine 500mg,16,8.0,128.0
2023-01-23,Platelet Support,21,25.0,525.0
2023-01-23,Amoxicillin 250mg,25,4.0,100.0
2023-01-23,Chloramphenicol,14,6.0,84.0
2023-01-23,Ciprofloxacin 500mg,21,5.5,115.5
2023-01-23,Aspirin 325mg,4,0.8,3.2
2023-01-24,Oseltamivir 75mg,34,12.0,408.0
2023-01-24,Paracetamol 500mg,66,1.5,99.0
2023-01-24,Cough Syrup,48,3.0,144.0
2023-01-24,Ibuprofen 200mg,34,1.0,34.0
2023-01-24,Vitamin C,35,0.8,28.0
2023-01-24,Artemether IV,12,15.0,180.0
2023-01-24,Quinine 500mg,14,8.0,112.0
2023-01-24,Platelet Support,20,25.0,500.0
2023-01-24,Amoxicillin 250mg,16,4.0,64.0
2023-01-24,Chloramphenicol,9,6.0,54.0
2023-01-24,Ciprofloxacin 500mg,17,5.5,93.5
2023-01-24,Aspirin 325mg,6,0.8,4.800000000000001
2023-01-25,Oseltamivir 75mg,28,12.0,336.0
2023-01-25,Paracetamol 500mg,81,1.5,121.5
2023-01-25,Cough Syrup,48,3.0,144.0
2023-01-25,Ibuprofen 200mg,45,1.0,45.0
2023-01-25,Vitamin C,40,0.8,32.0
2023-01-25,Artemether IV,14,15.0,210.0
2023-01-25,Quinine 500mg,17,8.0,136.0
2023-01-25,Platelet Support,22,25.0,550.0
2023-01-25,Amoxicillin 250mg,15,4.0,60.0
2023-01-25,Chloramphenicol,11,6.0,66.0
2023-01-25,Ciprofloxacin 500mg,16,5.5,88.0
2023-01-25,Aspirin 325mg,4,0.8,3.2
2023-01-25,Vitamin B Complex,5,2.5,12.5
2023-01-26,Oseltamivir 75mg,35,12.0,420.0
2023-01-26,Paracetamol 500mg,86,1.5,129.0
2023-01-26,Cough Syrup,29,3.0,87.0
2023-01-26,Ibuprofen 200mg,48,1.0,48.0
2023-01-26,Vitamin C,37,0.8,29.6
2023-01-26,Artemether IV,14,15.0,210.0
2023-01-26,Quinine 500mg,18,8.0,144.0
2023-01-26,Platelet Support,9,25.0,225.0
2023-01-26,Amoxicillin 250mg,18,4.0,72.0
2023-01-26,Chloramphenicol,7,6.0,42.0
2023-01-26,Ciprofloxacin 500mg,18,5.5,99.0
2023-01-26,Aspirin 325mg,5,0.8,4.0
2023-01-26,Vitamin B Complex,2,2.5,5.0
2023-01-27,Oseltamivir 75mg,31,12.0,372.0
2023-01-27,Paracetamol 500mg,51,1.5,76.5
2023-01-27,Cough Syrup,42,3.0,126.0
2023-01-27,Ibuprofen 200mg,37,1.0,37.0
2023-01-27,Vitamin C,31,0.8,24.8
2023-01-27,Artemether IV,15,15.0,225.0
2023-01-27,Quinine 500mg,9,8.0,72.0
2023-01-27,Platelet Support,13,25.0,325.0
2023-01-27,Amoxicillin 250mg,14,4.0,56.0
2023-01-27,Chloramphenicol,16,6.0,96.0
2023-01-27,Ciprofloxacin 500mg,13,5.5,71.5
2023-01-27,Aspirin 325mg,4,0.8,3.2
2023-01-27,Vitamin B Complex,1,2.5,2.5
2023-01-28,Oseltamivir 75mg,26,12.0,312.0
2023-01-28,Paracetamol 500mg,69,1.5,103.5
2023-01-28,Cough Syrup,40,3.0,120.0
2023-01-28,Ibuprofen 200mg,41,1.0,41.0
2023-01-28,Vitamin C,37,0.8,29.6
2023-01-28,Artemether IV,16,15.0,240.0
2023-01-28,Quinine 500mg,17,8.0,136.0
2023-01-28,Platelet Support,9,25.0,225.0
2023-01-28,Amoxicillin 250mg,15,4.0,60.0
2023-01-28,Chloramphenicol,15,6.0,90.0
2023-01-28,Ciprofloxacin 500mg,16,5.5,88.0
2023-01-28,Aspirin 325mg,4,0.8,3.2
2023-01-29,Oseltamivir 75mg,24,12.0,288.0
2023-01-29,Paracetamol 500mg,66,1.5,99.0
2023-01-29,Cough Syrup,33,3.0,99.0
2023-01-29,Ibuprofen 200mg,56,1.0,56.0
2023-01-29,Vitamin C,39,0.8,31.200000000000003
2023-01-29,Artemether IV,11,15.0,165.0
2023-01-29,Quinine 500mg,17,8.0,136.0
2023-01-29,Platelet Support,14,25.0,350.0
2023-01-29,Amoxicillin 250mg,12,4.0,48.0
2023-01-29,Chloramphenicol,12,6.0,72.0
2023-01-29,Ciprofloxacin 500mg,14,5.5,77.0
2023-01-29,Aspirin 325mg,2,0.8,1.6
2023-01-29,Vitamin B Complex,1,2.5,2.5
2023-01-30,Oseltamivir 75mg,21,12.0,252.0
2023-01-30,Paracetamol 500mg,80,1.5,120.0
2023-01-30,Cough Syrup,34,3.0,102.0
2023-01-30,Ibuprofen 200mg,52,1.0,52.0
2023-01-30,Vitamin C,42,0.8,33.6
2023-01-30,Artemether IV,14,15.0,210.0
2023-01-30,Quinine 500mg,13,8.0,104.0
2023-01-30,Platelet Support,17,25.0,425.0
2023-01-30,Amoxicillin 250mg,15,4.0,60.0
2023-01-30,Chloramphenicol,17,6.0,102.0
2023-01-30,Ciprofloxacin 500mg,8,5.5,44.0
2023-01-30,Aspirin 325mg,2,0.8,1.6
2023-01-30,Vitamin B Complex,4,2.5,10.0
2023-01-31,Oseltamivir 75mg,27,12.0,324.0
2023-01-31,Paracetamol 500mg,77,1.5,115.5
2023-01-31,Cough Syrup,49,3.0,147.0
2023-01-31,Ibuprofen 200mg,58,1.0,58.0
2023-01-31,Vitamin C,48,0.8,38.400000000000006
2023-01-31,Artemether IV,22,15.0,330.0
2023-01-31,Quinine 500mg,9,8.0,72.0
2023-01-31,Platelet Support,14,25.0,350.0
2023-01-31,Amoxicillin 250mg,10,4.0,40.0
2023-01-31,Chloramphenicol,12,6.0,72.0
2023-01-31,Ciprofloxacin 500mg,12,5.5,66.0
2023-01-31,Aspirin 325mg,4,0.8,3.2
2023-01-31,Vitamin B Complex,4,2.5,10.0
2023-02-01,Oseltamivir 75mg,27,12.0,324.0
2023-02-01,Paracetamol 500mg,88,1.5,132.0
2023-02-01,Cough Syrup,57,3.0,171.0
2023-02-01,Ibuprofen 200mg,51,1.0,51.0
2023-02-01,Vitamin C,45,0.8,36.0
2023-02-01,Artemether IV,13,15.0,195.0
2023-02-01,Quinine 500mg,19,8.0,152.0
2023-02-01,Platelet Support,25,25.0,625.0
2023-02-01,Amoxicillin 250mg,18,4.0,72.0
2023-02-01,Chloramphenicol,14,6.0,84.0
2023-02-01,Ciprofloxacin 500mg,10,5.5,55.0
2023-02-01,Aspirin 325mg,4,0.8,3.2
2023-02-01,Vitamin B Complex,1,2.5,2.5
2023-02-02,Oseltamivir 75mg,25,12.0,300.0
2023-02-02,Paracetamol 500mg,88,1.5,132.0
2023-02-02,Cough Syrup,38,3.0,114.0
2023-02-02,Ibuprofen 200mg,56,1.0,56.0
2023-02-02,Vitamin C,40,0.8,32.0
2023-02-02,Artemether IV,21,15.0,315.0
2023-02-02,Quinine 500mg,19,8.0,152.0
2023-02-02,Platelet Support,15,25.0,375.0
2023-02-02,Amoxicillin 250mg,17,4.0,68.0
2023-02-02,Chloramphenicol,17,6.0,102.0
2023-02-02,Ciprofloxacin 500mg,19,5.5,104.5
2023-02-02,Aspirin 325mg,5,0.8,4.0
2023-02-02,Vitamin B Complex,4,2.5,10.0
2023-02-03,Oseltamivir 75mg,39,12.0,468.0
2023-02-03,Paracetamol 500mg,91,1.5,136.5
2023-02-03,Cough Syrup,33,3.0,99.0
2023-02-03,Ibuprofen 200mg,41,1.0,41.0
2023-02-03,Vitamin C,41,0.8,32.800000000000004
2023-02-03,Artemether IV,13,15.0,195.0
2023-02-03,Quinine 500mg,14,8.0,112.0
2023-02-03,Platelet Support,13,25.0,325.0
2023-02-03,Amoxicillin 250mg,17,4.0,68.0
2023-02-03,Chloramphenicol,19,6.0,114.0
2023-02-03,Ciprofloxacin 500mg,16,5.5,88.0
2023-02-03,Aspirin 325mg,5,0.8,4.0
2023-02-03,Vitamin B Complex,3,2.5,7.5
2023-02-04,Oseltamivir 75mg,35,12.0,420.0
2023-02-04,Paracetamol 500mg,84,1.5,126.0
2023-02-04,Cough Syrup,28,3.0,84.0
2023-02-04,Ibuprofen 200mg,62,1.0,62.0
2023-02-04,Vitamin C,28,0.8,22.400000000000002
2023-02-04,Artemether IV,27,15.0,405.0
2023-02-04,Quinine 500mg,13,8.0,104.0
2023-02-04,Platelet Support,16,25.0,400.0
2023-02-04,Amoxicillin 250mg,17,4.0,68.0
2023-02-04,Chloramphenicol,15,6.0,90.0
2023-02-04,Ciprofloxacin 500mg,13,5.5,71.5
2023-02-04,Aspirin 325mg,4,0.8,3.2
2023-02-04,Vitamin B Complex,5,2.5,12.5
2023-02-05,Oseltamivir 75mg,31,12.0,372.0
2023-02-05,Paracetamol 500mg,76,1.5,114.0
2023-02-05,Cough Syrup,54,3.0,162.0
2023-02-05,Ibuprofen 200mg,63,1.0,63.0
2023-02-05,Vitamin C,42,0.8,33.6
2023-02-05,Artemether IV,20,15.0,300.0
2023-02-05,Quinine 500mg,14,8.0,112.0
2023-02-05,Platelet Support,20,25.0,500.0
2023-02-05,Amoxicillin 250mg,13,4.0,52.0
2023-02-05,Chloramphenicol,15,6.0,90.0
2023-02-05,Ciprofloxacin 500mg,18,5.5,99.0
2023-02-05,Aspirin 325mg,4,0.8,3.2
2023-02-05,Vitamin B Complex,1,2.5,2.5
2023-02-06,Oseltamivir 75mg,35,12.0,420.0
2023-02-06,Paracetamol 500mg,69,1.5,103.5
2023-02-06,Cough Syrup,38,3.0,114.0
2023-02-06,Ibuprofen 200mg,50,1.0,50.0
2023-02-06,Vitamin C,50,0.8,40.0
2023-02-06,Artemether IV,19,15.0,285.0
2023-02-06,Quinine 500mg,13,8.0,104.0
2023-02-06,Platelet Support,16,25.0,400.0
2023-02-06,Amoxicillin 250mg,21,4.0,84.0
2023-02-06,Chloramphenicol,15,6.0,90.0
2023-02-06,Ciprofloxacin 500mg,11,5.5,60.5
2023-02-06,Aspirin 325mg,2,0.8,1.6
2023-02-06,Vitamin B Complex,3,2.5,7.5
2023-02-07,Oseltamivir 75mg,33,12.0,396.0
2023-02-07,Paracetamol 500mg,69,1.5,103.5
2023-02-07,Cough Syrup,45,3.0,135.0
2023-02-07,Ibuprofen 200mg,54,1.0,54.0
2023-02-07,Vitamin C,34,0.8,27.200000000000003
2023-02-07,Artemether IV,18,15.0,270.0
2023-02-07,Quinine 500mg,17,8.0,136.0
2023-02-07,Platelet Support,17,25.0,425.0
2023-02-07,Amoxicillin 250mg,20,4.0,80.0
2023-02-07,Chloramphenicol,24,6.0,144.0
2023-02-07,Ciprofloxacin 500mg,21,5.5,115.5
2023-02-07,Aspirin 325mg,2,0.8,1.6
2023-02-07,Vitamin B Complex,8,2.5,20.0
2023-02-08,Oseltamivir 75mg,42,12.0,504.0
2023-02-08,Paracetamol 500mg,86,1.5,129.0
2023-02-08,Cough Syrup,37,3.0,111.0
2023-02-08,Ibuprofen 200mg,42,1.0,42.0
2023-02-08,Vitamin C,33,0.8,26.400000000000002
2023-02-08,Artemether IV,12,15.0,180.0
2023-02-08,Quinine 500mg,12,8.0,96.0
2023-02-08,Platelet Support,17,25.0,425.0
2023-02-08,Amoxicillin 250mg,24,4.0,96.0
2023-02-08,Chloramphenicol,15,6.0,90.0
2023-02-08,Ciprofloxacin 500mg,23,5.5,126.5
2023-02-08,Aspirin 325mg,2,0.8,1.6
2023-02-08,Vitamin B Complex,1,2.5,2.5
2023-02-09,Oseltamivir 75mg,29,12.0,348.0
2023-02-09,Paracetamol 500mg,82,1.5,123.0
2023-02-09,Cough Syrup,36,3.0,108.0
2023-02-09,Ibuprofen 200mg,49,1.0,49.0
2023-02-09,Vitamin C,41,0.8,32.800000000000004
2023-02-09,Artemether IV,14,15.0,210.0
2023-02-09,Quinine 500mg,18,8.0,144.0
2023-02-09,Platelet Support,19,25.0,475.0
2023-02-09,Amoxicillin 250mg,17,4.0,68.0
2023-02-09,Chloramphenicol,12,6.0,72.0
2023-02-09,Ciprofloxacin 500mg,18,5.5,99.0
2023-02-09,Aspirin 325mg,3,0.8,2.4000000000000004
2023-02-09,Vitamin B Complex,3,2.5,7.5
2023-02-10,Oseltamivir 75mg,35,12.0,420.0
2023-02-10,Paracetamol 500mg,67,1.5,100.5
2023-02-10,Cough Syrup,27,3.0,81.0
2023-02-10,Ibuprofen 200mg,38,1.0,38.0
2023-02-10,Vitamin C,21,0.8,16.8
2023-02-10,Artemether IV,18,15.0,270.0
2023-02-10,Quinine 500mg,14,8.0,112.0
2023-02-10,Platelet Support,18,25.0,450.0
2023-02-10,Amoxicillin 250mg,14,4.0,56.0
2023-02-10,Chloramphenicol,14,6.0,84.0
2023-02-10,Ciprofloxacin 500mg,17,5.5,93.5
2023-02-10,Aspirin 325mg,4,0.8,3.2
2023-02-10,Vitamin B Complex,4,2.5,10.0
2023-02-11,Oseltamivir 75mg,16,12.0,192.0
2023-02-11,Paracetamol 500mg,71,1.5,106.5
2023-02-11,Cough Syrup,18,3.0,54.0
2023-02-11,Ibuprofen 200mg,37,1.0,37.0
2023-02-11,Vitamin C,40,0.8,32.0
2023-02-11,Artemether IV,10,15.0,150.0
2023-02-11,Quinine 500mg,30,8.0,240.0
2023-02-11,Platelet Support,20,25.0,500.0
2023-02-11,Amoxicillin 250mg,10,4.0,40.0
2023-02-11,Chloramphenicol,17,6.0,102.0
2023-02-11,Ciprofloxacin 500mg,22,5.5,121.0
2023-02-11,Aspirin 325mg,4,0.8,3.2
2023-02-11,Vitamin B Complex,4,2.5,10.0
2023-02-12,Oseltamivir 75mg,24,12.0,288.0
2023-02-12,Paracetamol 500mg,72,1.5,108.0
2023-02-12,Cough Syrup,31,3.0,93.0
2023-02-12,Ibuprofen 200mg,30,1.0,30.0
2023-02-12,Vitamin C,32,0.8,25.6
2023-02-12,Artemether IV,12,15.0,180.0
2023-02-12,Quinine 500mg,20,8.0,160.0
2023-02-12,Platelet Support,16,25.0,400.0
2023-02-12,Amoxicillin 250mg,15,4.0,60.0
2023-02-12,Chloramphenicol,18,6.0,108.0
2023-02-12,Ciprofloxacin 500mg,22,5.5,121.0
2023-02-12,Aspirin 325mg,2,0.8,1.6
2023-02-12,Vitamin B Complex,4,2.5,10.0
2023-02-13,Oseltamivir 75mg,15,12.0,180.0
2023-02-13,Paracetamol 500mg,47,1.5,70.5
2023-02-13,Cough Syrup,9,3.0,27.0
2023-02-13,Ibuprofen 200mg,25,1.0,25.0
2023-02-13,Vitamin C,26,0.8,20.8
2023-02-13,Artemether IV,16,15.0,240.0
2023-02-13,Quinine 500mg,16,8.0,128.0
2023-02-13,Platelet Support,16,25.0,400.0
2023-02-13,Amoxicillin 250mg,16,4.0,64.0
2023-02-13,Chloramphenicol,17,6.0,102.0
2023-02-13,Ciprofloxacin 500mg,13,5.5,71.5
2023-02-13,Aspirin 325mg,2,0.8,1.6
2023-02-13,Vitamin B Complex,6,2.5,15.0
2023-02-14,Oseltamivir 75mg,21,12.0,252.0
2023-02-14,Paracetamol 500mg,47,1.5,70.5
2023-02-14,Cough Syrup,17,3.0,51.0
2023-02-14,Ibuprofen 200mg,33,1.0,33.0
2023-02-14,Vitamin C,30,0.8,24.0
2023-02-14,Artemether IV,10,15.0,150.0
2023-02-14,Quinine 500mg,18,8.0,144.0
2023-02-14,Platelet Support,16,25.0,400.0
2023-02-14,Amoxicillin 250mg,9,4.0,36.0
2023-02-14,Chloramphenicol,7,6.0,42.0
2023-02-14,Ciprofloxacin 500mg,13,5.5,71.5
2023-02-14,Aspirin 325mg,7,0.8,5.6000000000000005
2023-02-14,Vitamin B Complex,3,2.5,7.5
2023-02-15,Oseltamivir 75mg,18,12.0,216.0
2023-02-15,Paracetamol 500mg,46,1.5,69.0
2023-02-15,Cough Syrup,17,3.0,51.0
2023-02-15,Ibuprofen 200mg,29,1.0,29.0
2023-02-15,Vitamin C,14,0.8,11.200000000000001
2023-02-15,Artemether IV,14,15.0,210.0
2023-02-15,Quinine 500mg,18,8.0,144.0
2023-02-15,Platelet Support,18,25.0,450.0
2023-02-15,Amoxicillin 250mg,15,4.0,60.0
2023-02-15,Chloramphenicol,8,6.0,48.0
2023-02-15,Ciprofloxacin 500mg,13,5.5,71.5
2023-02-15,Aspirin 325mg,2,0.8,1.6
2023-02-15,Vitamin B Complex,4,2.5,10.0
2023-02-16,Oseltamivir 75mg,21,12.0,252.0
2023-02-16,Paracetamol 500mg,48,1.5,72.0
2023-02-16,Cough Syrup,20,3.0,60.0
2023-02-16,Ibuprofen 200mg,25,1.0,25.0
2023-02-16,Vitamin C,27,0.8,21.6
2023-02-16,Artemether IV,6,15.0,90.0
2023-02-16,Quinine 500mg,11,8.0,88.0
2023-02-16,Platelet Support,17,25.0,425.0
2023-02-16,Amoxicillin 250mg,19,4.0,76.0
2023-02-16,Chloramphenicol,13,6.0,78.0
2023-02-16,Ciprofloxacin 500mg,15,5.5,82.5
2023-02-16,Aspirin 325mg,4,0.8,3.2
2023-02-16,Vitamin B Complex,3,2.5,7.5
2023-02-17,Oseltamivir 75mg,19,12.0,228.0
2023-02-17,Paracetamol 500mg,53,1.5,79.5
2023-02-17,Cough Syrup,21,3.0,63.0
2023-02-17,Ibuprofen 200mg,23,1.0,23.0
2023-02-17,Vitamin C,9,0.8,7.2
2023-02-17,Artemether IV,10,15.0,150.0
2023-02-17,Quinine 500mg,7,8.0,56.0
2023-02-17,Platelet Support,19,25.0,475.0
2023-02-17,Amoxicillin 250mg,20,4.0,80.0
2023-02-17,Chloramphenicol,13,6.0,78.0
2023-02-17,Ciprofloxacin 500mg,21,5.5,115.5
2023-02-17,Aspirin 325mg,4,0.8,3.2
2023-02-17,Vitamin B Complex,3,2.5,7.5
2023-02-18,Oseltamivir 75mg,16,12.0,192.0
2023-02-18,Paracetamol 500mg,46,1.5,69.0
2023-02-18,Cough Syrup,22,3.0,66.0
2023-02-18,Ibuprofen 200mg,22,1.0,22.0
2023-02-18,Vitamin C,15,0.8,12.0
2023-02-18,Platelet Support,8,25.0,200.0
2023-02-18,Amoxicillin 250mg,7,4.0,28.0
2023-02-18,Chloramphenicol,9,6.0,54.0
2023-02-18,Ciprofloxacin 500mg,9,5.5,49.5
2023-02-18,Aspirin 325mg,2,0.8,1.6
2023-02-18,Vitamin B Complex,4,2.5,10.0
2023-02-18,Artemether IV,3,15.0,45.0
2023-02-18,Quinine 500mg,3,8.0,24.0
2023-02-19,Oseltamivir 75mg,23,12.0,276.0
2023-02-19,Paracetamol 500mg,46,1.5,69.0
2023-02-19,Cough Syrup,19,3.0,57.0
2023-02-19,Ibuprofen 200mg,27,1.0,27.0
2023-02-19,Vitamin C,21,0.8,16.8
2023-02-19,Platelet Support,18,25.0,450.0
2023-02-19,Amoxicillin 250mg,14,4.0,56.0
2023-02-19,Chloramphenicol,12,6.0,72.0
2023-02-19,Ciprofloxacin 500mg,13,5.5,71.5
2023-02-19,Aspirin 325mg,6,0.8,4.800000000000001
2023-02-19,Artemether IV,1,15.0,15.0
2023-02-19,Quinine 500mg,2,8.0,16.0
2023-02-20,Oseltamivir 75mg,12,12.0,144.0
2023-02-20,Paracetamol 500mg,45,1.5,67.5
2023-02-20,Vitamin C,27,0.8,21.6
2023-02-20,Cough Syrup,10,3.0,30.0
2023-02-20,Artemether IV,8,15.0,120.0
2023-02-20,Quinine 500mg,10,8.0,80.0
2023-02-20,Ibuprofen 200mg,21,1.0,21.0
2023-02-20,Platelet Support,19,25.0,475.0
2023-02-20,Amoxicillin 250mg,16,4.0,64.0
2023-02-20,Chloramphenicol,17,6.0,102.0
2023-02-20,Ciprofloxacin 500mg,12,5.5,66.0
2023-02-20,Aspirin 325mg,2,0.8,1.6
2023-02-20,Vitamin B Complex,1,2.5,2.5
2023-02-21,Oseltamivir 75mg,9,12.0,108.0
2023-02-21,Paracetamol 500mg,29,1.5,43.5
2023-02-21,Vitamin C,29,0.8,23.200000000000003
2023-02-21,Cough Syrup,14,3.0,42.0
2023-02-21,Artemether IV,12,15.0,180.0
2023-02-21,Quinine 500mg,9,8.0,72.0
2023-02-21,Ibuprofen 200mg,20,1.0,20.0
2023-02-21,Platelet Support,22,25.0,550.0
2023-02-21,Amoxicillin 250mg,11,4.0,44.0
2023-02-21,Chloramphenicol,7,6.0,42.0
2023-02-21,Ciprofloxacin 500mg,11,5.5,60.5
2023-02-21,Aspirin 325mg,2,0.8,1.6
2023-02-21,Vitamin B Complex,6,2.5,15.0
2023-02-22,Oseltamivir 75mg,15,12.0,180.0
2023-02-22,Paracetamol 500mg,28,1.5,42.0
2023-02-22,Vitamin C,30,0.8,24.0
2023-02-22,Cough Syrup,7,3.0,21.0
2023-02-22,Artemether IV,15,15.0,225.0
2023-02-22,Quinine 500mg,6,8.0,48.0
2023-02-22,Ibuprofen 200mg,14,1.0,14.0
2023-02-22,Platelet Support,19,25.0,475.0
2023-02-22,Amoxicillin 250mg,7,4.0,28.0
2023-02-22,Chloramphenicol,9,6.0,54.0
2023-02-22,Ciprofloxacin 500mg,9,5.5,49.5
2023-02-22,Aspirin 325mg,4,0.8,3.2
2023-02-22,Vitamin B Complex,3,2.5,7.5
2023-02-23,Oseltamivir 75mg,14,12.0,168.0
2023-02-23,Paracetamol 500mg,41,1.5,61.5
2023-02-23,Vitamin C,24,0.8,19.200000000000003
2023-02-23,Cough Syrup,8,3.0,24.0
2023-02-23,Artemether IV,7,15.0,105.0
2023-02-23,Quinine 500mg,9,8.0,72.0
2023-02-23,Ibuprofen 200mg,18,1.0,18.0
2023-02-23,Platelet Support,20,25.0,500.0
2023-02-23,Amoxicillin 250mg,5,4.0,20.0
2023-02-23,Chloramphenicol,13,6.0,78.0
2023-02-23,Ciprofloxacin 500mg,7,5.5,38.5
2023-02-23,Aspirin 325mg,5,0.8,4.0
2023-02-23,Vitamin B Complex,4,2.5,10.0
2023-02-24,Oseltamivir 75mg,12,12.0,144.0
2023-02-24,Paracetamol 500mg,41,1.5,61.5
2023-02-24,Vitamin C,31,0.8,24.8
2023-02-24,Cough Syrup,11,3.0,33.0
2023-02-24,Artemether IV,14,15.0,210.0
2023-02-24,Quinine 500mg,6,8.0,48.0
2023-02-24,Ibuprofen 200mg,32,1.0,32.0
2023-02-24,Platelet Support,17,25.0,425.0
2023-02-24,Amoxicillin 250mg,12,4.0,48.0
2023-02-24,Chloramphenicol,14,6.0,84.0
2023-02-24,Ciprofloxacin 500mg,9,5.5,49.5
2023-02-24,Aspirin 325mg,2,0.8,1.6
2023-02-24,Vitamin B Complex,3,2.5,7.5
2023-02-25,Oseltamivir 75mg,20,12.0,240.0
2023-02-25,Paracetamol 500mg,43,1.5,64.5
2023-02-25,Vitamin C,36,0.8,28.8
2023-02-25,Cough Syrup,19,3.0,57.0
2023-02-25,Artemether IV,10,15.0,150.0
2023-02-25,Quinine 500mg,15,8.0,120.0
2023-02-25,Ibuprofen 200mg,28,1.0,28.0
2023-02-25,Platelet Support,14,25.0,350.0
2023-02-25,Amoxicillin 250mg,17,4.0,68.0
2023-02-25,Chloramphenicol,9,6.0,54.0
2023-02-25,Ciprofloxacin 500mg,8,5.5,44.0
2023-02-25,Aspirin 325mg,1,0.8,0.8
2023-02-25,Vitamin B Complex,3,2.5,7.5
2023-02-26,Oseltamivir 75mg,7,12.0,84.0
2023-02-26,Paracetamol 500mg,54,1.5,81.0
2023-02-26,Vitamin C,26,0.8,20.8
2023-02-26,Cough Syrup,26,3.0,78.0
2023-02-26,Artemether IV,10,15.0,150.0
2023-02-26,Quinine 500mg,3,8.0,24.0
2023-02-26,Ibuprofen 200mg,18,1.0,18.0
2023-02-26,Platelet Support,11,25.0,275.0
2023-02-26,Amoxicillin 250mg,18,4.0,72.0
2023-02-26,Chloramphenicol,14,6.0,84.0
2023-02-26,Ciprofloxacin 500mg,11,5.5,60.5
2023-02-26,Aspirin 325mg,4,0.8,3.2
2023-02-26,Vitamin B Complex,5,2.5,12.5
2023-02-27,Oseltamivir 75mg,21,12.0,252.0
2023-02-27,Paracetamol 500mg,42,1.5,63.0
2023-02-27,Vitamin C,27,0.8,21.6
2023-02-27,Cough Syrup,26,3.0,78.0
2023-02-27,Artemether IV,19,15.0,285.0
2023-02-27,Quinine 500mg,11,8.0,88.0
2023-02-27,Ibuprofen 200mg,26,1.0,26.0
2023-02-27,Platelet Support,18,25.0,450.0
2023-02-27,Amoxicillin 250mg,8,4.0,32.0
2023-02-27,Chloramphenicol,13,6.0,78.0
2023-02-27,Ciprofloxacin 500mg,12,5.5,66.0
2023-02-27,Aspirin 325mg,2,0.8,1.6
2023-02-27,Vitamin B Complex,3,2.5,7.5
2023-02-28,Oseltamivir 75mg,20,12.0,240.0
2023-02-28,Paracetamol 500mg,56,1.5,84.0
2023-02-28,Vitamin C,46,0.8,36.800000000000004
2023-02-28,Cough Syrup,34,3.0,102.0
2023-02-28,Artemether IV,9,15.0,135.0
2023-02-28,Quinine 500mg,7,8.0,56.0
2023-02-28,Ibuprofen 200mg,23,1.0,23.0
2023-02-28,Platelet Support,15,25.0,375.0
2023-02-28,Amoxicillin 250mg,9,4.0,36.0
2023-02-28,Chloramphenicol,10,6.0,60.0
2023-02-28,Ciprofloxacin 500mg,13,5.5,71.5
2023-02-28,Aspirin 325mg,3,0.8,2.4000000000000004
2023-02-28,Vitamin B Complex,3,2.5,7.5
2023-03-01,Oseltamivir 75mg,20,12.0,240.0
2023-03-01,Paracetamol 500mg,38,1.5,57.0
2023-03-01,Cough Syrup,25,3.0,75.0
2023-03-01,Ibuprofen 200mg,33,1.0,33.0
2023-03-01,Vitamin C,39,0.8,31.200000000000003
2023-03-01,Platelet Support,22,25.0,550.0
2023-03-01,Amoxicillin 250mg,4,4.0,16.0
2023-03-01,Chloramphenicol,6,6.0,36.0
2023-03-01,Ciprofloxacin 500mg,10,5.5,55.0
2023-03-01,Aspirin 325mg,2,0.8,1.6
2023-03-01,Vitamin B Complex,2,2.5,5.0
2023-03-01,Artemether IV,4,15.0,60.0
2023-03-01,Quinine 500mg,4,8.0,32.0
2023-03-02,Oseltamivir 75mg,20,12.0,240.0
2023-03-02,Paracetamol 500mg,39,1.5,58.5
2023-03-02,Cough Syrup,25,3.0,75.0
2023-03-02,Ibuprofen 200mg,23,1.0,23.0
2023-03-02,Vitamin C,29,0.8,23.200000000000003
2023-03-02,Platelet Support,15,25.0,375.0
2023-03-02,Aspirin 325mg,4,0.8,3.2
2023-03-02,Amoxicillin 250mg,2,4.0,8.0
2023-03-02,Ciprofloxacin 500mg,4,5.5,22.0
2023-03-02,Chloramphenicol,6,6.0,36.0
2023-03-02,Vitamin B Complex,2,2.5,5.0
2023-03-02,Artemether IV,1,15.0,15.0
2023-03-02,Quinine 500mg,1,8.0,8.0
2023-03-03,Oseltamivir 75mg,27,12.0,324.0
2023-03-03,Paracetamol 500mg,26,1.5,39.0
2023-03-03,Cough Syrup,35,3.0,105.0
2023-03-03,Ibuprofen 200mg,29,1.0,29.0
2023-03-03,Vitamin C,22,0.8,17.6
2023-03-03,Artemether IV,7,15.0,105.0
2023-03-03,Quinine 500mg,5,8.0,40.0
2023-03-03,Platelet Support,15,25.0,375.0
2023-03-03,Aspirin 325mg,2,0.8,1.6
2023-03-03,Amoxicillin 250mg,3,4.0,12.0
2023-03-03,Ciprofloxacin 500mg,1,5.5,5.5
2023-03-03,Vitamin B Complex,3,2.5,7.5
2023-03-04,Oseltamivir 75mg,26,12.0,312.0
2023-03-04,Paracetamol 500mg,23,1.5,34.5
2023-03-04,Cough Syrup,18,3.0,54.0
2023-03-04,Ibuprofen 200mg,22,1.0,22.0
2023-03-04,Vitamin C,32,0.8,25.6
2023-03-04,Platelet Support,6,25.0,150.0
2023-03-04,Aspirin 325mg,3,0.8,2.4000000000000004
2023-03-04,Amoxicillin 250mg,1,4.0,4.0
2023-03-04,Ciprofloxacin 500mg,1,5.5,5.5
2023-03-04,Chloramphenicol,2,6.0,12.0
2023-03-04,Vitamin B Complex,3,2.5,7.5
2023-03-04,Artemether IV,2,15.0,30.0
2023-03-04,Quinine 500mg,1,8.0,8.0
2023-03-05,Oseltamivir 75mg,16,12.0,192.0
2023-03-05,Paracetamol 500mg,28,1.5,42.0
2023-03-05,Vitamin C,24,0.8,19.200000000000003
2023-03-05,Cough Syrup,14,3.0,42.0
2023-03-05,Platelet Support,6,25.0,150.0
2023-03-05,Ibuprofen 200mg,17,1.0,17.0
2023-03-05,Amoxicillin 250mg,6,4.0,24.0
2023-03-05,Ciprofloxacin 500mg,7,5.5,38.5
2023-03-05,Chloramphenicol,2,6.0,12.0
2023-03-05,Artemether IV,2,15.0,30.0
2023-03-05,Quinine 500mg,5,8.0,40.0
2023-03-06,Oseltamivir 75mg,14,12.0,168.0
2023-03-06,Paracetamol 500mg,17,1.5,25.5
2023-03-06,Vitamin C,26,0.8,20.8
2023-03-06,Cough Syrup,26,3.0,78.0
2023-03-06,Platelet Support,7,25.0,175.0
2023-03-06,Ibuprofen 200mg,8,1.0,8.0
2023-03-06,Aspirin 325mg,4,0.8,3.2
2023-03-06,Ciprofloxacin 500mg,2,5.5,11.0
2023-03-06,Chloramphenicol,4,6.0,24.0
2023-03-06,Vitamin B Complex,1,2.5,2.5
2023-03-06,Artemether IV,2,15.0,30.0
2023-03-06,Quinine 500mg,5,8.0,40.0
2023-03-07,Oseltamivir 75mg,21,12.0,252.0
2023-03-07,Paracetamol 500mg,28,1.5,42.0
2023-03-07,Vitamin C,16,0.8,12.8
2023-03-07,Cough Syrup,12,3.0,36.0
2023-03-07,Platelet Support,4,25.0,100.0
2023-03-07,Ibuprofen 200mg,11,1.0,11.0
2023-03-07,Amoxicillin 250mg,6,4.0,24.0
2023-03-07,Ciprofloxacin 500mg,1,5.5,5.5
2023-03-07,Chloramphenicol,3,6.0,18.0
2023-03-07,Vitamin B Complex,3,2.5,7.5
2023-03-07,Artemether IV,3,15.0,45.0
2023-03-07,Quinine 500mg,3,8.0,24.0
2023-03-08,Oseltamivir 75mg,16,12.0,192.0
2023-03-08,Paracetamol 500mg,35,1.5,52.5
2023-03-08,Vitamin C,23,0.8,18.400000000000002
2023-03-08,Cough Syrup,11,3.0,33.0
2023-03-08,Platelet Support,8,25.0,200.0
2023-03-08,Ibuprofen 200mg,17,1.0,17.0
2023-03-08,Aspirin 325mg,2,0.8,1.6
2023-03-08,Amoxicillin 250mg,4,4.0,16.0
2023-03-08,Ciprofloxacin 500mg,7,5.5,38.5
2023-03-08,Chloramphenicol,2,6.0,12.0
2023-03-08,Vitamin B Complex,2,2.5,5.0
2023-03-08,Artemether IV,4,15.0,60.0
2023-03-08,Quinine 500mg,4,8.0,32.0
2023-03-09,Oseltamivir 75mg,9,12.0,108.0
2023-03-09,Paracetamol 500mg,34,1.5,51.0
2023-03-09,Vitamin C,19,0.8,15.200000000000001
2023-03-09,Cough Syrup,15,3.0,45.0
2023-03-09,Platelet Support,16,25.0,400.0
2023-03-09,Ibuprofen 200mg,16,1.0,16.0
2023-03-09,Aspirin 325mg,1,0.8,0.8
2023-03-09,Amoxicillin 250mg,6,4.0,24.0
2023-03-09,Ciprofloxacin 500mg,2,5.5,11.0
2023-03-09,Chloramphenicol,3,6.0,18.0
2023-03-09,Vitamin B Complex,2,2.5,5.0
2023-03-09,Artemether IV,2,15.0,30.0
2023-03-10,Oseltamivir 75mg,15,12.0,180.0
2023-03-10,Paracetamol 500mg,24,1.5,36.0
2023-03-10,Vitamin C,19,0.8,15.200000000000001
2023-03-10,Cough Syrup,17,3.0,51.0
2023-03-10,Artemether IV,6,15.0,90.0
2023-03-10,Quinine 500mg,6,8.0,48.0
2023-03-10,Ibuprofen 200mg,23,1.0,23.0
2023-03-10,Platelet Support,2,25.0,50.0
2023-03-10,Aspirin 325mg,4,0.8,3.2
2023-03-10,Amoxicillin 250mg,3,4.0,12.0
2023-03-10,Ciprofloxacin 500mg,1,5.5,5.5
2023-03-10,Chloramphenicol,1,6.0,6.0
2023-03-10,Vitamin B Complex,4,2.5,10.0
2023-03-11,Oseltamivir 75mg,13,12.0,156.0
2023-03-11,Paracetamol 500mg,15,1.5,22.5
2023-03-11,Vitamin C,20,0.8,16.0
2023-03-11,Cough Syrup,10,3.0,30.0
2023-03-11,Platelet Support,15,25.0,375.0
2023-03-11,Ibuprofen 200mg,12,1.0,12.0
2023-03-11,Aspirin 325mg,1,0.8,0.8
2023-03-11,Amoxicillin 250mg,4,4.0,16.0
2023-03-11,Ciprofloxacin 500mg,5,5.5,27.5
2023-03-11,Chloramphenicol,2,6.0,12.0
2023-03-11,Vitamin B Complex,3,2.5,7.5
2023-03-11,Artemether IV,6,15.0,90.0
2023-03-11,Quinine 500mg,4,8.0,32.0
2023-03-12,Oseltamivir 75mg,9,12.0,108.0
2023-03-12,Paracetamol 500mg,22,1.5,33.0
2023-03-12,Vitamin C,10,0.8,8.0
2023-03-12,Cough Syrup,12,3.0,36.0
2023-03-12,Artemether IV,7,15.0,105.0
2023-03-12,Quinine 500mg,12,8.0,96.0
2023-03-12,Ibuprofen 200mg,13,1.0,13.0
2023-03-12,Platelet Support,11,25.0,275.0
2023-03-12,Amoxicillin 250mg,7,4.0,28.0
2023-03-12,Ciprofloxacin 500mg,8,5.5,44.0
2023-03-12,Aspirin 325mg,2,0.8,1.6
2023-03-12,Chloramphenicol,1,6.0,6.0
2023-03-12,Vitamin B Complex,6,2.5,15.0
2023-03-13,Oseltamivir 75mg,25,12.0,300.0
2023-03-13,Paracetamol 500mg,38,1.5,57.0
2023-03-13,Cough Syrup,16,3.0,48.0
2023-03-13,Ibuprofen 200mg,25,1.0,25.0
2023-03-13,Vitamin C,28,0.8,22.400000000000002
2023-03-13,Artemether IV,10,15.0,150.0
2023-03-13,Quinine 500mg,15,8.0,120.0
2023-03-13,Platelet Support,20,25.0,500.0
2023-03-13,Aspirin 325mg,6,0.8,4.800000000000001
2023-03-13,Amoxicillin 250mg,3,4.0,12.0
2023-03-13,Ciprofloxacin 500mg,3,5.5,16.5
2023-03-13,Chloramphenicol,9,6.0,54.0
2023-03-13,Vitamin B Complex,1,2.5,2.5
2023-03-14,Oseltamivir 75mg,20,12.0,240.0
2023-03-14,Paracetamol 500mg,47,1.5,70.5
2023-03-14,Cough Syrup,28,3.0,84.0
2023-03-14,Ibuprofen 200mg,39,1.0,39.0
2023-03-14,Vitamin C,31,0.8,24.8
2023-03-14,Artemether IV,9,15.0,135.0
2023-03-14,Quinine 500mg,2,8.0,16.0
2023-03-14,Platelet Support,8,25.0,200.0
2023-03-14,Aspirin 325mg,1,0.8,0.8
2023-03-14,Amoxicillin 250mg,1,4.0,4.0
2023-03-14,Ciprofloxacin 500mg,2,5.5,11.0
2023-03-14,Chloramphenicol,3,6.0,18.0
2023-03-14,Vitamin B Complex,2,2.5,5.0
2023-03-15,Oseltamivir 75mg,11,12.0,132.0
2023-03-15,Paracetamol 500mg,38,1.5,57.0
2023-03-15,Cough Syrup,16,3.0,48.0
2023-03-15,Ibuprofen 200mg,28,1.0,28.0
2023-03-15,Artemether IV,10,15.0,150.0
2023-03-15,Quinine 500mg,14,8.0,112.0
2023-03-15,Platelet Support,17,25.0,425.0
2023-03-15,Vitamin C,14,0.8,11.200000000000001
2023-03-15,Aspirin 325mg,3,0.8,2.4000000000000004
2023-03-15,Amoxicillin 250mg,1,4.0,4.0
2023-03-15,Ciprofloxacin 500mg,2,5.5,11.0
2023-03-15,Chloramphenicol,1,6.0,6.0
2023-03-15,Vitamin B Complex,5,2.5,12.5
2023-03-16,Oseltamivir 75mg,6,12.0,72.0
2023-03-16,Paracetamol 500mg,38,1.5,57.0
2023-03-16,Cough Syrup,19,3.0,57.0
2023-03-16,Ibuprofen 200mg,44,1.0,44.0
2023-03-16,Artemether IV,16,15.0,240.0
2023-03-16,Quinine 500mg,12,8.0,96.0
2023-03-16,Platelet Support,10,25.0,250.0
2023-03-16,Vitamin C,16,0.8,12.8
2023-03-16,Aspirin 325mg,3,0.8,2.4000000000000004
2023-03-16,Amoxicillin 250mg,2,4.0,8.0
2023-03-16,Ciprofloxacin 500mg,4,5.5,22.0
2023-03-16,Chloramphenicol,3,6.0,18.0
2023-03-16,Vitamin B Complex,2,2.5,5.0
2023-03-17,Oseltamivir 75mg,13,12.0,156.0
2023-03-17,Paracetamol 500mg,43,1.5,64.5
2023-03-17,Cough Syrup,20,3.0,60.0
2023-03-17,Ibuprofen 200mg,31,1.0,31.0
2023-03-17,Artemether IV,16,15.0,240.0
2023-03-17,Quinine 500mg,14,8.0,112.0
2023-03-17,Platelet Support,8,25.0,200.0
2023-03-17,Vitamin C,19,0.8,15.200000000000001
2023-03-17,Amoxicillin 250mg,9,4.0,36.0
2023-03-17,Chloramphenicol,13,6.0,78.0
2023-03-17,Ciprofloxacin 500mg,6,5.5,33.0
2023-03-17,Vitamin B Complex,4,2.5,10.0
2023-03-18,Oseltamivir 75mg,12,12.0,144.0
2023-03-18,Paracetamol 500mg,35,1.5,52.5
2023-03-18,Cough Syrup,18,3.0,54.0
2023-03-18,Ibuprofen 200mg,31,1.0,31.0
2023-03-18,Artemether IV,19,15.0,285.0
2023-03-18,Quinine 500mg,16,8.0,128.0
2023-03-18,Amoxicillin 250mg,8,4.0,32.0
2023-03-18,Chloramphenicol,9,6.0,54.0
2023-03-18,Ciprofloxacin 500mg,6,5.5,33.0
2023-03-18,Vitamin C,14,0.8,11.200000000000001
2023-03-18,Aspirin 325mg,3,0.8,2.4000000000000004
2023-03-18,Vitamin B Complex,4,2.5,10.0
2023-03-18,Platelet Support,1,25.0,25.0
2023-03-19,Oseltamivir 75mg,7,12.0,84.0
2023-03-19,Paracetamol 500mg,47,1.5,70.5
2023-03-19,Cough Syrup,11,3.0,33.0
2023-03-19,Ibuprofen 200mg,33,1.0,33.0
2023-03-19,Artemether IV,14,15.0,210.0
2023-03-19,Quinine 500mg,25,8.0,200.0
2023-03-19,Platelet Support,6,25.0,150.0
2023-03-19,Vitamin C,20,0.8,16.0
2023-03-19,Amoxicillin 250mg,6,4.0,24.0
2023-03-19,Chloramphenicol,14,6.0,84.0
2023-03-19,Ciprofloxacin 500mg,12,5.5,66.0
2023-03-19,Aspirin 325mg,1,0.8,0.8
2023-03-19,Vitamin B Complex,5,2.5,12.5
2023-03-20,Oseltamivir 75mg,18,12.0,216.0
2023-03-20,Paracetamol 500mg,42,1.5,63.0
2023-03-20,Cough Syrup,24,3.0,72.0
2023-03-20,Ibuprofen 200mg,35,1.0,35.0
2023-03-20,Artemether IV,22,15.0,330.0
2023-03-20,Quinine 500mg,21,8.0,168.0
2023-03-20,Amoxicillin 250mg,8,4.0,32.0
2023-03-20,Chloramphenicol,6,6.0,36.0
2023-03-20,Ciprofloxacin 500mg,5,5.5,27.5
2023-03-20,Vitamin C,14,0.8,11.200000000000001
2023-03-20,Aspirin 325mg,3,0.8,2.4000000000000004
2023-03-20,Vitamin B Complex,4,2.5,10.0
2023-03-20,Platelet Support,1,25.0,25.0
2023-03-21,Oseltamivir 75mg,16,12.0,192.0
2023-03-21,Paracetamol 500mg,43,1.5,64.5
2023-03-21,Cough Syrup,14,3.0,42.0
2023-03-21,Ibuprofen 200mg,29,1.0,29.0
2023-03-21,Artemether IV,16,15.0,240.0
2023-03-21,Quinine 500mg,21,8.0,168.0
2023-03-21,Amoxicillin 250mg,10,4.0,40.0
2023-03-21,Chloramphenicol,13,6.0,78.0
2023-03-21,Ciprofloxacin 500mg,13,5.5,71.5
2023-03-21,Vitamin C,11,0.8,8.8
2023-03-21,Aspirin 325mg,2,0.8,1.6
2023-03-21,Vitamin B Complex,6,2.5,15.0
2023-03-21,Platelet Support,3,25.0,75.0
2023-03-22,Oseltamivir 75mg,19,12.0,228.0
2023-03-22,Paracetamol 500mg,45,1.5,67.5
2023-03-22,Cough Syrup,23,3.0,69.0
2023-03-22,Ibuprofen 200mg,35,1.0,35.0
2023-03-22,Artemether IV,16,15.0,240.0
2023-03-22,Quinine 500mg,13,8.0,104.0
2023-03-22,Amoxicillin 250mg,8,4.0,32.0
2023-03-22,Chloramphenicol,8,6.0,48.0
2023-03-22,Ciprofloxacin 500mg,7,5.5,38.5
2023-03-22,Vitamin C,17,0.8,13.600000000000001
2023-03-22,Vitamin B Complex,6,2.5,15.0
2023-03-22,Platelet Support,2,25.0,50.0
2023-03-23,Oseltamivir 75mg,8,12.0,96.0
2023-03-23,Paracetamol 500mg,42,1.5,63.0
2023-03-23,Cough Syrup,14,3.0,42.0
2023-03-23,Ibuprofen 200mg,40,1.0,40.0
2023-03-23,Artemether IV,15,15.0,225.0
2023-03-23,Quinine 500mg,16,8.0,128.0
2023-03-23,Amoxicillin 250mg,7,4.0,28.0
2023-03-23,Chloramphenicol,12,6.0,72.0
2023-03-23,Ciprofloxacin 500mg,5,5.5,27.5
2023-03-23,Vitamin C,10,0.8,8.0
2023-03-23,Aspirin 325mg,4,0.8,3.2
2023-03-23,Vitamin B Complex,1,2.5,2.5
2023-03-23,Platelet Support,5,25.0,125.0
2023-03-24,Oseltamivir 75mg,10,12.0,120.0
2023-03-24,Paracetamol 500mg,45,1.5,67.5
2023-03-24,Cough Syrup,20,3.0,60.0
2023-03-24,Ibuprofen 200mg,30,1.0,30.0
2023-03-24,Artemether IV,9,15.0,135.0
2023-03-24,Quinine 500mg,11,8.0,88.0
2023-03-24,Amoxicillin 250mg,20,4.0,80.0
2023-03-24,Chloramphenicol,8,6.0,48.0
2023-03-24,Ciprofloxacin 500mg,18,5.5,99.0
2023-03-24,Vitamin C,6,0.8,4.800000000000001
2023-03-24,Aspirin 325mg,4,0.8,3.2
2023-03-24,Vitamin B Complex,9,2.5,22.5
2023-03-24,Platelet Support,1,25.0,25.0
2023-03-25,Oseltamivir 75mg,7,12.0,84.0
2023-03-25,Paracetamol 500mg,33,1.5,49.5
2023-03-25,Cough Syrup,32,3.0,96.0
2023-03-25,Ibuprofen 200mg,41,1.0,41.0
2023-03-25,Artemether IV,24,15.0,360.0
2023-03-25,Quinine 500mg,19,8.0,152.0
2023-03-25,Amoxicillin 250mg,5,4.0,20.0
2023-03-25,Ciprofloxacin 500mg,8,5.5,44.0
2023-03-25,Vitamin C,14,0.8,11.200000000000001
2023-03-25,Aspirin 325mg,2,0.8,1.6
2023-03-25,Chloramphenicol,5,6.0,30.0
2023-03-25,Vitamin B Complex,2,2.5,5.0
2023-03-25,Platelet Support,3,25.0,75.0
2023-03-26,Oseltamivir 75mg,12,12.0,144.0
2023-03-26,Paracetamol 500mg,50,1.5,75.0
2023-03-26,Cough Syrup,29,3.0,87.0
2023-03-26,Ibuprofen 200mg,28,1.0,28.0
2023-03-26,Artemether IV,12,15.0,180.0
2023-03-26,Quinine 500mg,16,8.0,128.0
2023-03-26,Amoxicillin 250mg,10,4.0,40.0
2023-03-26,Ciprofloxacin 500mg,15,5.5,82.5
2023-03-26,Vitamin C,7,0.8,5.6000000000000005
2023-03-26,Aspirin 325mg,3,0.8,2.4000000000000004
2023-03-26,Chloramphenicol,4,6.0,24.0
2023-03-26,Vitamin B Complex,1,2.5,2.5
2023-03-26,Platelet Support,3,25.0,75.0
2023-03-27,Oseltamivir 75mg,8,12.0,96.0
2023-03-27,Paracetamol 500mg,35,1.5,52.5
2023-03-27,Cough Syrup,23,3.0,69.0
2023-03-27,Ibuprofen 200mg,28,1.0,28.0
2023-03-27,Artemether IV,15,15.0,225.0
2023-03-27,Quinine 500mg,14,8.0,112.0
2023-03-27,Amoxicillin 250mg,19,4.0,76.0
2023-03-27,Ciprofloxacin 500mg,14,5.5,77.0
2023-03-27,Vitamin C,14,0.8,11.200000000000001
2023-03-27,Aspirin 325mg,4,0.8,3.2
2023-03-27,Chloramphenicol,1,6.0,6.0
2023-03-27,Vitamin B Complex,4,2.5,10.0
2023-03-27,Platelet Support,2,25.0,50.0
2023-03-28,Oseltamivir 75mg,10,12.0,120.0
2023-03-28,Paracetamol 500mg,19,1.5,28.5
2023-03-28,Cough Syrup,19,3.0,57.0
2023-03-28,Ibuprofen 200mg,26,1.0,26.0
2023-03-28,Artemether IV,8,15.0,120.0
2023-03-28,Quinine 500mg,14,8.0,112.0
2023-03-28,Amoxicillin 250mg,7,4.0,28.0
2023-03-28,Ciprofloxacin 500mg,6,5.5,33.0
2023-03-28,Vitamin C,10,0.8,8.0
2023-03-28,Aspirin 325mg,5,0.8,4.0
2023-03-28,Chloramphenicol,5,6.0,30.0
2023-03-28,Platelet Support,3,25.0,75.0
2023-03-29,Oseltamivir 75mg,10,12.0,120.0
2023-03-29,Paracetamol 500mg,19,1.5,28.5
2023-03-29,Cough Syrup,20,3.0,60.0
2023-03-29,Ibuprofen 200mg,31,1.0,31.0
2023-03-29,Artemether IV,12,15.0,180.0
2023-03-29,Quinine 500mg,11,8.0,88.0
2023-03-29,Vitamin C,8,0.8,6.4
2023-03-29,Aspirin 325mg,3,0.8,2.4000000000000004
2023-03-29,Amoxicillin 250mg,5,4.0,20.0
2023-03-29,Chloramphenicol,2,6.0,12.0
2023-03-29,Vitamin B Complex,4,2.5,10.0
2023-03-29,Platelet Support,3,25.0,75.0
2023-03-30,Oseltamivir 75mg,12,12.0,144.0
2023-03-30,Paracetamol 500mg,36,1.5,54.0
2023-03-30,Cough Syrup,31,3.0,93.0
2023-03-30,Ibuprofen 200mg,28,1.0,28.0
2023-03-30,Artemether IV,6,15.0,90.0
2023-03-30,Quinine 500mg,10,8.0,80.0
2023-03-30,Amoxicillin 250mg,3,4.0,12.0
2023-03-30,Ciprofloxacin 500mg,5,5.5,27.5
2023-03-30,Vitamin C,11,0.8,8.8
2023-03-30,Aspirin 325mg,3,0.8,2.4000000000000004
2023-03-30,Chloramphenicol,4,6.0,24.0
2023-03-30,Vitamin B Complex,4,2.5,10.0
2023-03-30,Platelet Support,1,25.0,25.0
2023-03-31,Oseltamivir 75mg,6,12.0,72.0
2023-03-31,Paracetamol 500mg,17,1.5,25.5
2023-03-31,Cough Syrup,21,3.0,63.0
2023-03-31,Ibuprofen 200mg,28,1.0,28.0
2023-03-31,Artemether IV,11,15.0,165.0
2023-03-31,Quinine 500mg,6,8.0,48.0
2023-03-31,Vitamin C,11,0.8,8.8
2023-03-31,Aspirin 325mg,3,0.8,2.4000000000000004
2023-03-31,Amoxicillin 250mg,4,4.0,16.0
2023-03-31,Ciprofloxacin 500mg,2,5.5,11.0
2023-03-31,Chloramphenicol,10,6.0,60.0
2023-03-31,Vitamin B Complex,3,2.5,7.5
2023-03-31,Platelet Support,1,25.0,25.0
2023-04-01,Oseltamivir 75mg,11,12.0,132.0
2023-04-01,Paracetamol 500mg,40,1.5,60.0
2023-04-01,Cough Syrup,26,3.0,78.0
2023-04-01,Ibuprofen 200mg,28,1.0,28.0
2023-04-01,Artemether IV,11,15.0,165.0
2023-04-01,Quinine 500mg,9,8.0,72.0
2023-04-01,Amoxicillin 250mg,14,4.0,56.0
2023-04-01,Ciprofloxacin 500mg,8,5.5,44.0
2023-04-01,Vitamin C,15,0.8,12.0
2023-04-01,Aspirin 325mg,2,0.8,1.6
2023-04-01,Chloramphenicol,2,6.0,12.0
2023-04-01,Vitamin B Complex,2,2.5,5.0
2023-04-01,Platelet Support,2,25.0,50.0
2023-04-02,Oseltamivir 75mg,12,12.0,144.0
2023-04-02,Paracetamol 500mg,24,1.5,36.0
2023-04-02,Cough Syrup,21,3.0,63.0
2023-04-02,Ibuprofen 200mg,22,1.0,22.0
2023-04-02,Artemether IV,7,15.0,105.0
2023-04-02,Quinine 500mg,13,8.0,104.0
2023-04-02,Vitamin C,13,0.8,10.4
2023-04-02,Aspirin 325mg,2,0.8,1.6
2023-04-02,Amoxicillin 250mg,3,4.0,12.0
2023-04-02,Ciprofloxacin 500mg,1,5.5,5.5
2023-04-02,Chloramphenicol,4,6.0,24.0
2023-04-02,Vitamin B Complex,1,2.5,2.5
2023-04-02,Platelet Support,5,25.0,125.0
2023-04-03,Artemether IV,12,15.0,180.0
2023-04-03,Paracetamol 500mg,24,1.5,36.0
2023-04-03,Quinine 500mg,10,8.0,80.0
2023-04-03,Ibuprofen 200mg,12,1.0,12.0
2023-04-03,Cough Syrup,12,3.0,36.0
2023-04-03,Vitamin C,12,0.8,9.600000000000001
2023-04-03,Aspirin 325mg,6,0.8,4.800000000000001
2023-04-03,Amoxicillin 250mg,4,4.0,16.0
2023-04-03,Ciprofloxacin 500mg,3,5.5,16.5
2023-04-03,Chloramphenicol,2,6.0,12.0
2023-04-03,Oseltamivir 75mg,3,12.0,36.0
2023-04-03,Vitamin B Complex,3,2.5,7.5
2023-04-03,Platelet Support,8,25.0,200.0
2023-04-04,Artemether IV,12,15.0,180.0
2023-04-04,Paracetamol 500mg,9,1.5,13.5
2023-04-04,Quinine 500mg,9,8.0,72.0
2023-04-04,Ibuprofen 200mg,21,1.0,21.0
2023-04-04,Cough Syrup,5,3.0,15.0
2023-04-04,Vitamin C,14,0.8,11.200000000000001
2023-04-04,Aspirin 325mg,2,0.8,1.6
2023-04-04,Amoxicillin 250mg,3,4.0,12.0
2023-04-04,Ciprofloxacin 500mg,2,5.5,11.0
2023-04-04,Chloramphenicol,1,6.0,6.0
2023-04-04,Oseltamivir 75mg,5,12.0,60.0
2023-04-04,Vitamin B Complex,1,2.5,2.5
2023-04-04,Platelet Support,2,25.0,50.0
2023-04-05,Oseltamivir 75mg,11,12.0,132.0
2023-04-05,Paracetamol 500mg,12,1.5,18.0
2023-04-05,Cough Syrup,10,3.0,30.0
2023-04-05,Ibuprofen 200mg,19,1.0,19.0
2023-04-05,Vitamin C,14,0.8,11.200000000000001
2023-04-05,Aspirin 325mg,3,0.8,2.4000000000000004
2023-04-05,Amoxicillin 250mg,2,4.0,8.0
2023-04-05,Ciprofloxacin 500mg,6,5.5,33.0
2023-04-05,Vitamin B Complex,2,2.5,5.0
2023-04-05,Artemether IV,3,15.0,45.0
2023-04-05,Quinine 500mg,1,8.0,8.0
2023-04-05,Platelet Support,2,25.0,50.0
2023-04-06,Oseltamivir 75mg,7,12.0,84.0
2023-04-06,Paracetamol 500mg,10,1.5,15.0
2023-04-06,Cough Syrup,19,3.0,57.0
2023-04-06,Ibuprofen 200mg,13,1.0,13.0
2023-04-06,Vitamin C,14,0.8,11.200000000000001
2023-04-06,Aspirin 325mg,3,0.8,2.4000000000000004
2023-04-06,Amoxicillin 250mg,4,4.0,16.0
2023-04-06,Ciprofloxacin 500mg,3,5.5,16.5
2023-04-06,Chloramphenicol,4,6.0,24.0
2023-04-06,Vitamin B Complex,3,2.5,7.5
2023-04-06,Artemether IV,2,15.0,30.0
2023-04-06,Quinine 500mg,1,8.0,8.0
2023-04-06,Platelet Support,1,25.0,25.0
2023-04-07,Oseltamivir 75mg,10,12.0,120.0
2023-04-07,Paracetamol 500mg,18,1.5,27.0
2023-04-07,Cough Syrup,19,3.0,57.0
2023-04-07,Ibuprofen 200mg,21,1.0,21.0
2023-04-07,Vitamin C,11,0.8,8.8
2023-04-07,Aspirin 325mg,4,0.8,3.2
2023-04-07,Amoxicillin 250mg,5,4.0,20.0
2023-04-07,Ciprofloxacin 500mg,2,5.5,11.0
2023-04-07,Chloramphenicol,2,6.0,12.0
2023-04-07,Vitamin B Complex,4,2.5,10.0
2023-04-07,Artemether IV,2,15.0,30.0
2023-04-07,Quinine 500mg,9,8.0,72.0
2023-04-07,Platelet Support,1,25.0,25.0
2023-04-08,Paracetamol 500mg,14,1.5,21.0
2023-04-08,Cough Syrup,23,3.0,69.0
2023-04-08,Vitamin C,17,0.8,13.600000000000001
2023-04-08,Ibuprofen 200mg,20,1.0,20.0
2023-04-08,Aspirin 325mg,2,0.8,1.6
2023-04-08,Amoxicillin 250mg,3,4.0,12.0
2023-04-08,Ciprofloxacin 500mg,1,5.5,5.5
2023-04-08,Oseltamivir 75mg,2,12.0,24.0
2023-04-08,Vitamin B Complex,4,2.5,10.0
2023-04-08,Artemether IV,2,15.0,30.0
2023-04-08,Quinine 500mg,2,8.0,16.0
2023-04-08,Platelet Support,2,25.0,50.0
2023-04-09,Paracetamol 500mg,15,1.5,22.5
2023-04-09,Cough Syrup,10,3.0,30.0
2023-04-09,Vitamin C,18,0.8,14.4
2023-04-09,Ibuprofen 200mg,16,1.0,16.0
2023-04-09,Aspirin 325mg,3,0.8,2.4000000000000004
2023-04-09,Amoxicillin 250mg,5,4.0,20.0
2023-04-09,Ciprofloxacin 500mg,9,5.5,49.5
2023-04-09,Chloramphenicol,2,6.0,12.0
2023-04-09,Oseltamivir 75mg,3,12.0,36.0
2023-04-09,Vitamin B Complex,2,2.5,5.0
2023-04-09,Artemether IV,4,15.0,60.0
2023-04-09,Quinine 500mg,1,8.0,8.0
2023-04-09,Platelet Support,2,25.0,50.0
2023-04-10,Paracetamol 500mg,14,1.5,21.0
2023-04-10,Cough Syrup,14,3.0,42.0
2023-04-10,Vitamin C,9,0.8,7.2
2023-04-10,Ibuprofen 200mg,12,1.0,12.0
2023-04-10,Aspirin 325mg,3,0.8,2.4000000000000004
2023-04-10,Amoxicillin 250mg,4,4.0,16.0
2023-04-10,Ciprofloxacin 500mg,4,5.5,22.0
2023-04-10,Chloramphenicol,4,6.0,24.0
2023-04-10,Oseltamivir 75mg,2,12.0,24.0
2023-04-10,Vitamin B Complex,2,2.5,5.0
2023-04-10,Artemether IV,1,15.0,15.0
2023-04-10,Quinine 500mg,3,8.0,24.0
2023-04-10,Platelet Support,4,25.0,100.0
2023-04-11,Paracetamol 500mg,10,1.5,15.0
2023-04-11,Cough Syrup,17,3.0,51.0
2023-04-11,Vitamin C,14,0.8,11.200000000000001
2023-04-11,Ibuprofen 200mg,19,1.0,19.0
2023-04-11,Aspirin 325mg,5,0.8,4.0
2023-04-11,Amoxicillin 250mg,1,4.0,4.0
2023-04-11,Ciprofloxacin 500mg,1,5.5,5.5
2023-04-11,Chloramphenicol,5,6.0,30.0
2023-04-11,Oseltamivir 75mg,1,12.0,12.0
2023-04-11,Vitamin B Complex,3,2.5,7.5
2023-04-11,Artemether IV,4,15.0,60.0
2023-04-11,Quinine 500mg,5,8.0,40.0
2023-04-11,Platelet Support,4,25.0,100.0
2023-04-12,Paracetamol 500mg,20,1.5,30.0
2023-04-12,Cough Syrup,16,3.0,48.0
2023-04-12,Vitamin C,14,0.8,11.200000000000001
2023-04-12,Ibuprofen 200mg,18,1.0,18.0
2023-04-12,Aspirin 325mg,5,0.8,4.0
2023-04-12,Amoxicillin 250mg,2,4.0,8.0
2023-04-12,Ciprofloxacin 500mg,1,5.5,5.5
2023-04-12,Chloramphenicol,5,6.0,30.0
2023-04-12,Oseltamivir 75mg,4,12.0,48.0
2023-04-12,Vitamin B Complex,2,2.5,5.0
2023-04-12,Artemether IV,4,15.0,60.0
2023-04-12,Quinine 500mg,7,8.0,56.0
2023-04-12,Platelet Support,6,25.0,150.0
2023-04-13,Oseltamivir 75mg,10,12.0,120.0
2023-04-13,Paracetamol 500mg,24,1.5,36.0
2023-04-13,Cough Syrup,27,3.0,81.0
2023-04-13,Ibuprofen 200mg,34,1.0,34.0
2023-04-13,Artemether IV,6,15.0,90.0
2023-04-13,Quinine 500mg,7,8.0,56.0
2023-04-13,Vitamin C,20,0.8,16.0
2023-04-13,Aspirin 325mg,2,0.8,1.6
2023-04-13,Amoxicillin 250mg,4,4.0,16.0
2023-04-13,Ciprofloxacin 500mg,7,5.5,38.5
2023-04-13,Chloramphenicol,4,6.0,24.0
2023-04-13,Vitamin B Complex,2,2.5,5.0
2023-04-13,Platelet Support,6,25.0,150.0
2023-04-14,Oseltamivir 75mg,8,12.0,96.0
2023-04-14,Paracetamol 500mg,32,1.5,48.0
2023-04-14,Vitamin C,16,0.8,12.8
2023-04-14,Cough Syrup,28,3.0,84.0
2023-04-14,Amoxicillin 250mg,5,4.0,20.0
2023-04-14,Ciprofloxacin 500mg,5,5.5,27.5
2023-04-14,Ibuprofen 200mg,16,1.0,16.0
2023-04-14,Chloramphenicol,2,6.0,12.0
2023-04-14,Vitamin B Complex,5,2.5,12.5
2023-04-14,Artemether IV,1,15.0,15.0
2023-04-14,Quinine 500mg,2,8.0,16.0
2023-04-14,Platelet Support,5,25.0,125.0
2023-04-15,Paracetamol 500mg,9,1.5,13.5
2023-04-15,Cough Syrup,21,3.0,63.0
2023-04-15,Vitamin C,14,0.8,11.200000000000001
2023-04-15,Ibuprofen 200mg,18,1.0,18.0
2023-04-15,Aspirin 325mg,2,0.8,1.6
2023-04-15,Amoxicillin 250mg,2,4.0,8.0
2023-04-15,Ciprofloxacin 500mg,1,5.5,5.5
2023-04-15,Chloramphenicol,5,6.0,30.0
2023-04-15,Artemether IV,6,15.0,90.0
2023-04-15,Quinine 500mg,3,8.0,24.0
2023-04-15,Platelet Support,1,25.0,25.0
2023-04-16,Oseltamivir 75mg,7,12.0,84.0
2023-04-16,Paracetamol 500mg,19,1.5,28.5
2023-04-16,Vitamin C,27,0.8,21.6
2023-04-16,Cough Syrup,27,3.0,81.0
2023-04-16,Ibuprofen 200mg,18,1.0,18.0
2023-04-16,Aspirin 325mg,8,0.8,6.4
2023-04-16,Amoxicillin 250mg,4,4.0,16.0
2023-04-16,Ciprofloxacin 500mg,4,5.5,22.0
2023-04-16,Chloramphenicol,3,6.0,18.0
2023-04-16,Vitamin B Complex,5,2.5,12.5
2023-04-16,Artemether IV,3,15.0,45.0
2023-04-16,Quinine 500mg,3,8.0,24.0
2023-04-17,Oseltamivir 75mg,9,12.0,108.0
2023-04-17,Paracetamol 500mg,28,1.5,42.0
2023-04-17,Cough Syrup,29,3.0,87.0
2023-04-17,Ibuprofen 200mg,23,1.0,23.0
2023-04-17,Artemether IV,7,15.0,105.0
2023-04-17,Quinine 500mg,8,8.0,64.0
2023-04-17,Vitamin C,17,0.8,13.600000000000001
2023-04-17,Aspirin 325mg,1,0.8,0.8
2023-04-17,Amoxicillin 250mg,3,4.0,12.0
2023-04-17,Ciprofloxacin 500mg,2,5.5,11.0
2023-04-17,Chloramphenicol,3,6.0,18.0
2023-04-17,Vitamin B Complex,3,2.5,7.5
2023-04-17,Platelet Support,5,25.0,125.0
2023-04-18,Paracetamol 500mg,20,1.5,30.0
2023-04-18,Cough Syrup,18,3.0,54.0
2023-04-18,Vitamin C,19,0.8,15.200000000000001
2023-04-18,Ibuprofen 200mg,17,1.0,17.0
2023-04-18,Aspirin 325mg,3,0.8,2.4000000000000004
2023-04-18,Amoxicillin 250mg,4,4.0,16.0
2023-04-18,Ciprofloxacin 500mg,6,5.5,33.0
2023-04-18,Chloramphenicol,5,6.0,30.0
2023-04-18,Oseltamivir 75mg,1,12.0,12.0
2023-04-18,Vitamin B Complex,3,2.5,7.5
2023-04-18,Artemether IV,2,15.0,30.0
2023-04-18,Quinine 500mg,1,8.0,8.0
2023-04-18,Platelet Support,3,25.0,75.0
2023-04-19,Paracetamol 500mg,30,1.5,45.0
2023-04-19,Platelet Support,6,25.0,150.0
2023-04-19,Ibuprofen 200mg,23,1.0,23.0
2023-04-19,Vitamin C,21,0.8,16.8
2023-04-19,Amoxicillin 250mg,5,4.0,20.0
2023-04-19,Cough Syrup,22,3.0,66.0
2023-04-19,Ciprofloxacin 500mg,4,5.5,22.0
2023-04-19,Aspirin 325mg,2,0.8,1.6
2023-04-19,Chloramphenicol,3,6.0,18.0
2023-04-19,Oseltamivir 75mg,1,12.0,12.0
2023-04-19,Vitamin B Complex,5,2.5,12.5
2023-04-19,Artemether IV,5,15.0,75.0
2023-04-19,Quinine 500mg,2,8.0,16.0
2023-04-20,Paracetamol 500mg,28,1.5,42.0
2023-04-20,Platelet Support,8,25.0,200.0
2023-04-20,Ibuprofen 200mg,26,1.0,26.0
2023-04-20,Vitamin C,22,0.8,17.6
2023-04-20,Amoxicillin 250mg,7,4.0,28.0
2023-04-20,Cough Syrup,32,3.0,96.0
2023-04-20,Ciprofloxacin 500mg,6,5.5,33.0
2023-04-20,Aspirin 325mg,3,0.8,2.4000000000000004
2023-04-20,Chloramphenicol,3,6.0,18.0
2023-04-20,Oseltamivir 75mg,4,12.0,48.0
2023-04-20,Vitamin B Complex,3,2.5,7.5
2023-04-20,Artemether IV,2,15.0,30.0
2023-04-20,Quinine 500mg,3,8.0,24.0
2023-04-21,Paracetamol 500mg,23,1.5,34.5
2023-04-21,Platelet Support,9,25.0,225.0
2023-04-21,Ibuprofen 200mg,25,1.0,25.0
2023-04-21,Vitamin C,21,0.8,16.8
2023-04-21,Amoxicillin 250mg,7,4.0,28.0
2023-04-21,Chloramphenicol,7,6.0,42.0
2023-04-21,Ciprofloxacin 500mg,11,5.5,60.5
2023-04-21,Cough Syrup,17,3.0,51.0
2023-04-21,Aspirin 325mg,4,0.8,3.2
2023-04-21,Oseltamivir 75mg,4,12.0,48.0
2023-04-21,Vitamin B Complex,3,2.5,7.5
2023-04-21,Quinine 500mg,2,8.0,16.0
2023-04-22,Paracetamol 500mg,32,1.5,48.0
2023-04-22,Platelet Support,14,25.0,350.0
2023-04-22,Ibuprofen 200mg,32,1.0,32.0
2023-04-22,Vitamin C,24,0.8,19.200000000000003
2023-04-22,Amoxicillin 250mg,23,4.0,92.0
2023-04-22,Chloramphenicol,13,6.0,78.0
2023-04-22,Ciprofloxacin 500mg,23,5.5,126.5
2023-04-22,Cough Syrup,17,3.0,51.0
2023-04-22,Oseltamivir 75mg,3,12.0,36.0
2023-04-22,Vitamin B Complex,3,2.5,7.5
2023-04-22,Artemether IV,2,15.0,30.0
2023-04-22,Quinine 500mg,1,8.0,8.0
2023-04-23,Paracetamol 500mg,43,1.5,64.5
2023-04-23,Platelet Support,18,25.0,450.0
2023-04-23,Ibuprofen 200mg,37,1.0,37.0
2023-04-23,Vitamin C,20,0.8,16.0
2023-04-23,Amoxicillin 250mg,16,4.0,64.0
2023-04-23,Chloramphenicol,6,6.0,36.0
2023-04-23,Ciprofloxacin 500mg,16,5.5,88.0
2023-04-23,Cough Syrup,18,3.0,54.0
2023-04-23,Aspirin 325mg,2,0.8,1.6
2023-04-23,Oseltamivir 75mg,4,12.0,48.0
2023-04-23,Vitamin B Complex,3,2.5,7.5
2023-04-23,Artemether IV,4,15.0,60.0
2023-04-23,Quinine 500mg,6,8.0,48.0
2023-04-24,Paracetamol 500mg,44,1.5,66.0
2023-04-24,Platelet Support,8,25.0,200.0
2023-04-24,Ibuprofen 200mg,24,1.0,24.0
2023-04-24,Vitamin C,26,0.8,20.8
2023-04-24,Amoxicillin 250mg,10,4.0,40.0
2023-04-24,Cough Syrup,29,3.0,87.0
2023-04-24,Ciprofloxacin 500mg,14,5.5,77.0
2023-04-24,Aspirin 325mg,2,0.8,1.6
2023-04-24,Chloramphenicol,9,6.0,54.0
2023-04-24,Oseltamivir 75mg,2,12.0,24.0
2023-04-24,Vitamin B Complex,5,2.5,12.5
2023-04-24,Artemether IV,6,15.0,90.0
2023-04-24,Quinine 500mg,2,8.0,16.0
2023-04-25,Paracetamol 500mg,41,1.5,61.5
2023-04-25,Platelet Support,18,25.0,450.0
2023-04-25,Ibuprofen 200mg,24,1.0,24.0
2023-04-25,Vitamin C,24,0.8,19.200000000000003
2023-04-25,Amoxicillin 250mg,16,4.0,64.0
2023-04-25,Chloramphenicol,8,6.0,48.0
2023-04-25,Ciprofloxacin 500mg,17,5.5,93.5
2023-04-25,Cough Syrup,28,3.0,84.0
2023-04-25,Aspirin 325mg,1,0.8,0.8
2023-04-25,Oseltamivir 75mg,4,12.0,48.0
2023-04-25,Vitamin B Complex,3,2.5,7.5
2023-04-25,Artemether IV,1,15.0,15.0
2023-04-25,Quinine 500mg,2,8.0,16.0
2023-04-26,Paracetamol 500mg,36,1.5,54.0
2023-04-26,Platelet Support,10,25.0,250.0
2023-04-26,Ibuprofen 200mg,29,1.0,29.0
2023-04-26,Vitamin C,24,0.8,19.200000000000003
2023-04-26,Amoxicillin 250mg,12,4.0,48.0
2023-04-26,Chloramphenicol,14,6.0,84.0
2023-04-26,Ciprofloxacin 500mg,15,5.5,82.5
2023-04-26,Cough Syrup,20,3.0,60.0
2023-04-26,Aspirin 325mg,3,0.8,2.4000000000000004
2023-04-26,Oseltamivir 75mg,4,12.0,48.0
2023-04-26,Vitamin B Complex,1,2.5,2.5
2023-04-26,Artemether IV,4,15.0,60.0
2023-04-26,Quinine 500mg,6,8.0,48.0
2023-04-27,Paracetamol 500mg,37,1.5,55.5
2023-04-27,Platelet Support,14,25.0,350.0
2023-04-27,Ibuprofen 200mg,24,1.0,24.0
2023-04-27,Vitamin C,31,0.8,24.8
2023-04-27,Amoxicillin 250mg,13,4.0,52.0
2023-04-27,Chloramphenicol,7,6.0,42.0
2023-04-27,Ciprofloxacin 500mg,16,5.5,88.0
2023-04-27,Cough Syrup,28,3.0,84.0
2023-04-27,Aspirin 325mg,7,0.8,5.6000000000000005
2023-04-27,Oseltamivir 75mg,1,12.0,12.0
2023-04-27,Vitamin B Complex,4,2.5,10.0
2023-04-27,Artemether IV,3,15.0,45.0
2023-04-27,Quinine 500mg,2,8.0,16.0
2023-04-28,Paracetamol 500mg,37,1.5,55.5
2023-04-28,Platelet Support,15,25.0,375.0
2023-04-28,Ibuprofen 200mg,25,1.0,25.0
2023-04-28,Vitamin C,26,0.8,20.8
2023-04-28,Amoxicillin 250mg,15,4.0,60.0
2023-04-28,Chloramphenicol,13,6.0,78.0
2023-04-28,Ciprofloxacin 500mg,15,5.5,82.5
2023-04-28,Cough Syrup,18,3.0,54.0
2023-04-28,Aspirin 325mg,2,0.8,1.6
2023-04-28,Oseltamivir 75mg,3,12.0,36.0
2023-04-28,Vitamin B Complex,3,2.5,7.5
2023-04-28,Artemether IV,5,15.0,75.0
2023-04-28,Quinine 500mg,2,8.0,16.0
2023-04-29,Oseltamivir 75mg,8,12.0,96.0
2023-04-29,Paracetamol 500mg,38,1.5,57.0
2023-04-29,Vitamin C,21,0.8,16.8
2023-04-29,Cough Syrup,22,3.0,66.0
2023-04-29,Platelet Support,13,25.0,325.0
2023-04-29,Ibuprofen 200mg,16,1.0,16.0
2023-04-29,Amoxicillin 250mg,17,4.0,68.0
2023-04-29,Chloramphenicol,13,6.0,78.0
2023-04-29,Ciprofloxacin 500mg,12,5.5,66.0
2023-04-29,Aspirin 325mg,2,0.8,1.6
2023-04-29,Vitamin B Complex,4,2.5,10.0
2023-04-29,Artemether IV,2,15.0,30.0
2023-04-29,Quinine 500mg,3,8.0,24.0
2023-04-30,Oseltamivir 75mg,5,12.0,60.0
2023-04-30,Paracetamol 500mg,34,1.5,51.0
2023-04-30,Vitamin C,17,0.8,13.600000000000001
2023-04-30,Cough Syrup,28,3.0,84.0
2023-04-30,Amoxicillin 250mg,12,4.0,48.0
2023-04-30,Chloramphenicol,5,6.0,30.0
2023-04-30,Ciprofloxacin 500mg,19,5.5,104.5
2023-04-30,Ibuprofen 200mg,16,1.0,16.0
2023-04-30,Aspirin 325mg,5,0.8,4.0
2023-04-30,Vitamin B Complex,3,2.5,7.5
2023-04-30,Artemether IV,4,15.0,60.0
2023-04-30,Quinine 500mg,4,8.0,32.0
2023-04-30,Platelet Support,6,25.0,150.0
2023-05-01,Oseltamivir 75mg,7,12.0,84.0
2023-05-01,Paracetamol 500mg,38,1.5,57.0
2023-05-01,Vitamin C,20,0.8,16.0
2023-05-01,Cough Syrup,26,3.0,78.0
2023-05-01,Platelet Support,11,25.0,275.0
2023-05-01,Ibuprofen 200mg,23,1.0,23.0
2023-05-01,Amoxicillin 250mg,15,4.0,60.0
2023-05-01,Chloramphenicol,11,6.0,66.0
2023-05-01,Ciprofloxacin 500mg,17,5.5,93.5
2023-05-01,Aspirin 325mg,2,0.8,1.6
2023-05-01,Vitamin B Complex,3,2.5,7.5
2023-05-01,Artemether IV,4,15.0,60.0
2023-05-01,Quinine 500mg,3,8.0,24.0
2023-05-02,Paracetamol 500mg,35,1.5,52.5
2023-05-02,Platelet Support,12,25.0,300.0
2023-05-02,Ibuprofen 200mg,20,1.0,20.0
2023-05-02,Vitamin C,14,0.8,11.200000000000001
2023-05-02,Amoxicillin 250mg,13,4.0,52.0
2023-05-02,Chloramphenicol,10,6.0,60.0
2023-05-02,Ciprofloxacin 500mg,23,5.5,126.5
2023-05-02,Cough Syrup,29,3.0,87.0
2023-05-02,Aspirin 325mg,2,0.8,1.6
2023-05-02,Oseltamivir 75mg,6,12.0,72.0
2023-05-02,Vitamin B Complex,2,2.5,5.0
2023-05-02,Artemether IV,2,15.0,30.0
2023-05-02,Quinine 500mg,3,8.0,24.0
2023-05-03,Amoxicillin 250mg,14,4.0,56.0
2023-05-03,Chloramphenicol,10,6.0,60.0
2023-05-03,Paracetamol 500mg,33,1.5,49.5
2023-05-03,Ciprofloxacin 500mg,15,5.5,82.5
2023-05-03,Cough Syrup,18,3.0,54.0
2023-05-03,Vitamin C,21,0.8,16.8
2023-05-03,Ibuprofen 200mg,15,1.0,15.0
2023-05-03,Aspirin 325mg,1,0.8,0.8
2023-05-03,Oseltamivir 75mg,5,12.0,60.0
2023-05-03,Vitamin B Complex,6,2.5,15.0
2023-05-03,Artemether IV,2,15.0,30.0
2023-05-03,Quinine 500mg,3,8.0,24.0
2023-05-03,Platelet Support,4,25.0,100.0
2023-05-04,Paracetamol 500mg,11,1.5,16.5
2023-05-04,Cough Syrup,7,3.0,21.0
2023-05-04,Vitamin C,17,0.8,13.600000000000001
2023-05-04,Ibuprofen 200mg,8,1.0,8.0
2023-05-04,Aspirin 325mg,3,0.8,2.4000000000000004
2023-05-04,Amoxicillin 250mg,2,4.0,8.0
2023-05-04,Ciprofloxacin 500mg,4,5.5,22.0
2023-05-04,Chloramphenicol,3,6.0,18.0
2023-05-04,Oseltamivir 75mg,5,12.0,60.0
2023-05-04,Vitamin B Complex,2,2.5,5.0
2023-05-04,Artemether IV,2,15.0,30.0
2023-05-04,Platelet Support,1,25.0,25.0
2023-05-05,Paracetamol 500mg,30,1.5,45.0
2023-05-05,Platelet Support,7,25.0,175.0
2023-05-05,Ibuprofen 200mg,35,1.0,35.0
2023-05-05,Vitamin C,21,0.8,16.8
2023-05-05,Amoxicillin 250mg,4,4.0,16.0
2023-05-05,Cough Syrup,20,3.0,60.0
2023-05-05,Ciprofloxacin 500mg,7,5.5,38.5
2023-05-05,Aspirin 325mg,1,0.8,0.8
2023-05-05,Chloramphenicol,2,6.0,12.0
2023-05-05,Oseltamivir 75mg,2,12.0,24.0
2023-05-05,Vitamin B Complex,1,2.5,2.5
2023-05-05,Artemether IV,3,15.0,45.0
2023-05-05,Quinine 500mg,1,8.0,8.0
2023-05-06,Paracetamol 500mg,21,1.5,31.5
2023-05-06,Cough Syrup,16,3.0,48.0
2023-05-06,Vitamin C,17,0.8,13.600000000000001
2023-05-06,Ibuprofen 200mg,13,1.0,13.0
2023-05-06,Aspirin 325mg,4,0.8,3.2
2023-05-06,Amoxicillin 250mg,1,4.0,4.0
2023-05-06,Ciprofloxacin 500mg,6,5.5,33.0
2023-05-06,Chloramphenicol,1,6.0,6.0
2023-05-06,Oseltamivir 75mg,3,12.0,36.0
2023-05-06,Vitamin B Complex,2,2.5,5.0
2023-05-06,Artemether IV,1,15.0,15.0
2023-05-06,Quinine 500mg,6,8.0,48.0
2023-05-06,Platelet Support,5,25.0,125.0
2023-05-07,Amoxicillin 250mg,10,4.0,40.0
2023-05-07,Cough Syrup,21,3.0,63.0
2023-05-07,Paracetamol 500mg,23,1.5,34.5
2023-05-07,Ciprofloxacin 500mg,7,5.5,38.5
2023-05-07,Vitamin C,19,0.8,15.200000000000001
2023-05-07,Ibuprofen 200mg,17,1.0,17.0
2023-05-07,Aspirin 325mg,6,0.8,4.800000000000001
2023-05-07,Chloramphenicol,2,6.0,12.0
2023-05-07,Oseltamivir 75mg,2,12.0,24.0
2023-05-07,Vitamin B Complex,4,2.5,10.0
2023-05-07,Artemether IV,3,15.0,45.0
2023-05-07,Platelet Support,2,25.0,50.0
2023-05-08,Amoxicillin 250mg,11,4.0,44.0
2023-05-08,Cough Syrup,13,3.0,39.0
2023-05-08,Paracetamol 500mg,24,1.5,36.0
2023-05-08,Ciprofloxacin 500mg,5,5.5,27.5
2023-05-08,Vitamin C,17,0.8,13.600000000000001
2023-05-08,Ibuprofen 200mg,15,1.0,15.0
2023-05-08,Aspirin 325mg,5,0.8,4.0
2023-05-08,Chloramphenicol,3,6.0,18.0
2023-05-08,Oseltamivir 75mg,2,12.0,24.0
2023-05-08,Vitamin B Complex,5,2.5,12.5
2023-05-08,Artemether IV,4,15.0,60.0
2023-05-08,Quinine 500mg,5,8.0,40.0
2023-05-08,Platelet Support,1,25.0,25.0
2023-05-09,Amoxicillin 250mg,8,4.0,32.0
2023-05-09,Cough Syrup,16,3.0,48.0
2023-05-09,Paracetamol 500mg,21,1.5,31.5
2023-05-09,Ciprofloxacin 500mg,12,5.5,66.0
2023-05-09,Vitamin C,18,0.8,14.4
2023-05-09,Ibuprofen 200mg,10,1.0,10.0
2023-05-09,Aspirin 325mg,5,0.8,4.0
2023-05-09,Chloramphenicol,3,6.0,18.0
2023-05-09,Oseltamivir 75mg,1,12.0,12.0
2023-05-09,Vitamin B Complex,4,2.5,10.0
2023-05-09,Artemether IV,2,15.0,30.0
2023-05-09,Quinine 500mg,2,8.0,16.0
2023-05-09,Platelet Support,2,25.0,50.0
2023-05-10,Amoxicillin 250mg,9,4.0,36.0
2023-05-10,Cough Syrup,20,3.0,60.0
2023-05-10,Paracetamol 500mg,30,1.5,45.0
2023-05-10,Ciprofloxacin 500mg,11,5.5,60.5
2023-05-10,Vitamin C,13,0.8,10.4
2023-05-10,Ibuprofen 200mg,16,1.0,16.0
2023-05-10,Aspirin 325mg,5,0.8,4.0
2023-05-10,Chloramphenicol,2,6.0,12.0
2023-05-10,Oseltamivir 75mg,2,12.0,24.0
2023-05-10,Vitamin B Complex,2,2.5,5.0
2023-05-10,Artemether IV,3,15.0,45.0
2023-05-10,Quinine 500mg,2,8.0,16.0
2023-05-10,Platelet Support,3,25.0,75.0
2023-05-11,Paracetamol 500mg,20,1.5,30.0
2023-05-11,Platelet Support,6,25.0,150.0
2023-05-11,Ibuprofen 200mg,26,1.0,26.0
2023-05-11,Vitamin C,16,0.8,12.8
2023-05-11,Cough Syrup,13,3.0,39.0
2023-05-11,Aspirin 325mg,3,0.8,2.4000000000000004
2023-05-11,Amoxicillin 250mg,3,4.0,12.0
2023-05-11,Ciprofloxacin 500mg,3,5.5,16.5
2023-05-11,Chloramphenicol,1,6.0,6.0
2023-05-11,Oseltamivir 75mg,3,12.0,36.0
2023-05-11,Vitamin B Complex,4,2.5,10.0
2023-05-11,Artemether IV,1,15.0,15.0
2023-05-11,Quinine 500mg,1,8.0,8.0
2023-05-12,Paracetamol 500mg,17,1.5,25.5
2023-05-12,Platelet Support,8,25.0,200.0
2023-05-12,Ibuprofen 200mg,28,1.0,28.0
2023-05-12,Vitamin C,23,0.8,18.400000000000002
2023-05-12,Cough Syrup,12,3.0,36.0
2023-05-12,Aspirin 325mg,4,0.8,3.2
2023-05-12,Amoxicillin 250mg,2,4.0,8.0
2023-05-12,Ciprofloxacin 500mg,1,5.5,5.5
2023-05-12,Chloramphenicol,5,6.0,30.0
2023-05-12,Oseltamivir 75mg,3,12.0,36.0
2023-05-12,Vitamin B Complex,3,2.5,7.5
2023-05-12,Artemether IV,2,15.0,30.0
2023-05-12,Quinine 500mg,6,8.0,48.0
2023-05-13,Artemether IV,11,15.0,165.0
2023-05-13,Paracetamol 500mg,33,1.5,49.5
2023-05-13,Quinine 500mg,6,8.0,48.0
2023-05-13,Ibuprofen 200mg,34,1.0,34.0
2023-05-13,Platelet Support,8,25.0,200.0
2023-05-13,Vitamin C,26,0.8,20.8
2023-05-13,Cough Syrup,15,3.0,45.0
2023-05-13,Aspirin 325mg,3,0.8,2.4000000000000004
2023-05-13,Amoxicillin 250mg,3,4.0,12.0
2023-05-13,Ciprofloxacin 500mg,3,5.5,16.5
2023-05-13,Chloramphenicol,5,6.0,30.0
2023-05-13,Oseltamivir 75mg,6,12.0,72.0
2023-05-13,Vitamin B Complex,3,2.5,7.5
2023-05-14,Artemether IV,4,15.0,60.0
2023-05-14,Paracetamol 500mg,32,1.5,48.0
2023-05-14,Quinine 500mg,7,8.0,56.0
2023-05-14,Ibuprofen 200mg,33,1.0,33.0
2023-05-14,Platelet Support,5,25.0,125.0
2023-05-14,Vitamin C,22,0.8,17.6
2023-05-14,Cough Syrup,20,3.0,60.0
2023-05-14,Aspirin 325mg,3,0.8,2.4000000000000004
2023-05-14,Amoxicillin 250mg,5,4.0,20.0
2023-05-14,Ciprofloxacin 500mg,3,5.5,16.5
2023-05-14,Chloramphenicol,1,6.0,6.0
2023-05-14,Oseltamivir 75mg,1,12.0,12.0
2023-05-14,Vitamin B Complex,3,2.5,7.5
2023-05-15,Paracetamol 500mg,26,1.5,39.0
2023-05-15,Platelet Support,12,25.0,300.0
2023-05-15,Ibuprofen 200mg,26,1.0,26.0
2023-05-15,Vitamin C,23,0.8,18.400000000000002
2023-05-15,Cough Syrup,21,3.0,63.0
2023-05-15,Aspirin 325mg,2,0.8,1.6
2023-05-15,Ciprofloxacin 500mg,4,5.5,22.0
2023-05-15,Oseltamivir 75mg,1,12.0,12.0
2023-05-15,Vitamin B Complex,6,2.5,15.0
2023-05-15,Quinine 500mg,4,8.0,32.0
2023-05-16,Oseltamivir 75mg,7,12.0,84.0
2023-05-16,Paracetamol 500mg,36,1.5,54.0
2023-05-16,Vitamin C,29,0.8,23.200000000000003
2023-05-16,Cough Syrup,25,3.0,75.0
2023-05-16,Platelet Support,20,25.0,500.0
2023-05-16,Ibuprofen 200mg,22,1.0,22.0
2023-05-16,Amoxicillin 250mg,11,4.0,44.0
2023-05-16,Chloramphenicol,12,6.0,72.0
2023-05-16,Ciprofloxacin 500mg,12,5.5,66.0
2023-05-16,Aspirin 325mg,5,0.8,4.0
2023-05-16,Vitamin B Complex,1,2.5,2.5
2023-05-16,Artemether IV,3,15.0,45.0
2023-05-16,Quinine 500mg,3,8.0,24.0
2023-05-17,Paracetamol 500mg,33,1.5,49.5
2023-05-17,Platelet Support,12,25.0,300.0
2023-05-17,Ibuprofen 200mg,17,1.0,17.0
2023-05-17,Vitamin C,28,0.8,22.400000000000002
2023-05-17,Cough Syrup,23,3.0,69.0
2023-05-17,Aspirin 325mg,2,0.8,1.6
2023-05-17,Amoxicillin 250mg,4,4.0,16.0
2023-05-17,Ciprofloxacin 500mg,3,5.5,16.5
2023-05-17,Chloramphenicol,4,6.0,24.0
2023-05-17,Oseltamivir 75mg,4,12.0,48.0
2023-05-17,Vitamin B Complex,1,2.5,2.5
2023-05-17,Artemether IV,3,15.0,45.0
2023-05-17,Quinine 500mg,2,8.0,16.0
2023-05-18,Oseltamivir 75mg,3,12.0,36.0
2023-05-18,Paracetamol 500mg,30,1.5,45.0
2023-05-18,Cough Syrup,28,3.0,84.0
2023-05-18,Ibuprofen 200mg,26,1.0,26.0
2023-05-18,Platelet Support,10,25.0,250.0
2023-05-18,Vitamin C,26,0.8,20.8
2023-05-18,Aspirin 325mg,1,0.8,0.8
2023-05-18,Amoxicillin 250mg,5,4.0,20.0
2023-05-18,Ciprofloxacin 500mg,2,5.5,11.0
2023-05-18,Chloramphenicol,4,6.0,24.0
2023-05-18,Vitamin B Complex,3,2.5,7.5
2023-05-18,Artemether IV,2,15.0,30.0
2023-05-18,Quinine 500mg,3,8.0,24.0
2023-05-19,Oseltamivir 75mg,12,12.0,144.0
2023-05-19,Paracetamol 500mg,42,1.5,63.0
2023-05-19,Cough Syrup,35,3.0,105.0
2023-05-19,Ibuprofen 200mg,24,1.0,24.0
2023-05-19,Vitamin C,26,0.8,20.8
2023-05-19,Platelet Support,8,25.0,200.0
2023-05-19,Amoxicillin 250mg,13,4.0,52.0
2023-05-19,Chloramphenicol,8,6.0,48.0
2023-05-19,Ciprofloxacin 500mg,11,5.5,60.5
2023-05-19,Aspirin 325mg,1,0.8,0.8
2023-05-19,Vitamin B Complex,6,2.5,15.0
2023-05-19,Artemether IV,1,15.0,15.0
2023-05-19,Quinine 500mg,1,8.0,8.0
2023-05-20,Oseltamivir 75mg,6,12.0,72.0
2023-05-20,Paracetamol 500mg,33,1.5,49.5
2023-05-20,Cough Syrup,15,3.0,45.0
2023-05-20,Ibuprofen 200mg,31,1.0,31.0
2023-05-20,Platelet Support,11,25.0,275.0
2023-05-20,Vitamin C,23,0.8,18.400000000000002
2023-05-20,Amoxicillin 250mg,6,4.0,24.0
2023-05-20,Chloramphenicol,8,6.0,48.0
2023-05-20,Ciprofloxacin 500mg,5,5.5,27.5
2023-05-20,Aspirin 325mg,3,0.8,2.4000000000000004
2023-05-20,Vitamin B Complex,4,2.5,10.0
2023-05-20,Artemether IV,1,15.0,15.0
2023-05-20,Quinine 500mg,4,8.0,32.0
2023-05-21,Oseltamivir 75mg,18,12.0,216.0
2023-05-21,Paracetamol 500mg,30,1.5,45.0
2023-05-21,Cough Syrup,29,3.0,87.0
2023-05-21,Ibuprofen 200mg,9,1.0,9.0
2023-05-21,Vitamin C,19,0.8,15.200000000000001
2023-05-21,Amoxicillin 250mg,9,4.0,36.0
2023-05-21,Chloramphenicol,8,6.0,48.0
2023-05-21,Ciprofloxacin 500mg,10,5.5,55.0
2023-05-21,Aspirin 325mg,3,0.8,2.4000000000000004
2023-05-21,Vitamin B Complex,3,2.5,7.5
2023-05-21,Artemether IV,5,15.0,75.0
2023-05-21,Platelet Support,3,25.0,75.0
2023-05-22,Oseltamivir 75mg,13,12.0,156.0
2023-05-22,Paracetamol 500mg,52,1.5,78.0
2023-05-22,Cough Syrup,23,3.0,69.0
2023-05-22,Ibuprofen 200mg,17,1.0,17.0
2023-05-22,Vitamin C,28,0.8,22.400000000000002
2023-05-22,Amoxicillin 250mg,10,4.0,40.0
2023-05-22,Chloramphenicol,18,6.0,108.0
2023-05-22,Ciprofloxacin 500mg,12,5.5,66.0
2023-05-22,Aspirin 325mg,4,0.8,3.2
2023-05-22,Vitamin B Complex,3,2.5,7.5
2023-05-22,Artemether IV,7,15.0,105.0
2023-05-22,Quinine 500mg,5,8.0,40.0
2023-05-22,Platelet Support,2,25.0,50.0
2023-05-23,Oseltamivir 75mg,11,12.0,132.0
2023-05-23,Paracetamol 500mg,41,1.5,61.5
2023-05-23,Vitamin C,20,0.8,16.0
2023-05-23,Cough Syrup,23,3.0,69.0
2023-05-23,Amoxicillin 250mg,14,4.0,56.0
2023-05-23,Chloramphenicol,17,6.0,102.0
2023-05-23,Ciprofloxacin 500mg,14,5.5,77.0
2023-05-23,Ibuprofen 200mg,18,1.0,18.0
2023-05-23,Aspirin 325mg,3,0.8,2.4000000000000004
2023-05-23,Vitamin B Complex,6,2.5,15.0
2023-05-23,Artemether IV,7,15.0,105.0
2023-05-23,Quinine 500mg,3,8.0,24.0
2023-05-23,Platelet Support,3,25.0,75.0
2023-05-24,Oseltamivir 75mg,6,12.0,72.0
2023-05-24,Paracetamol 500mg,28,1.5,42.0
2023-05-24,Vitamin C,25,0.8,20.0
2023-05-24,Cough Syrup,24,3.0,72.0
2023-05-24,Artemether IV,8,15.0,120.0
2023-05-24,Quinine 500mg,6,8.0,48.0
2023-05-24,Ibuprofen 200mg,34,1.0,34.0
2023-05-24,Platelet Support,13,25.0,325.0
2023-05-24,Amoxicillin 250mg,14,4.0,56.0
2023-05-24,Chloramphenicol,11,6.0,66.0
2023-05-24,Ciprofloxacin 500mg,19,5.5,104.5
2023-05-24,Aspirin 325mg,6,0.8,4.800000000000001
2023-05-24,Vitamin B Complex,4,2.5,10.0
2023-05-25,Artemether IV,8,15.0,120.0
2023-05-25,Paracetamol 500mg,42,1.5,63.0
2023-05-25,Quinine 500mg,8,8.0,64.0
2023-05-25,Ibuprofen 200mg,23,1.0,23.0
2023-05-25,Platelet Support,12,25.0,300.0
2023-05-25,Vitamin C,23,0.8,18.400000000000002
2023-05-25,Amoxicillin 250mg,15,4.0,60.0
2023-05-25,Chloramphenicol,10,6.0,60.0
2023-05-25,Ciprofloxacin 500mg,11,5.5,60.5
2023-05-25,Cough Syrup,13,3.0,39.0
2023-05-25,Aspirin 325mg,2,0.8,1.6
2023-05-25,Oseltamivir 75mg,3,12.0,36.0
2023-05-25,Vitamin B Complex,4,2.5,10.0
2023-05-26,Paracetamol 500mg,32,1.5,48.0
2023-05-26,Platelet Support,9,25.0,225.0
2023-05-26,Ibuprofen 200mg,22,1.0,22.0
2023-05-26,Vitamin C,32,0.8,25.6
2023-05-26,Amoxicillin 250mg,14,4.0,56.0
2023-05-26,Chloramphenicol,10,6.0,60.0
2023-05-26,Ciprofloxacin 500mg,16,5.5,88.0
2023-05-26,Cough Syrup,19,3.0,57.0
2023-05-26,Aspirin 325mg,1,0.8,0.8
2023-05-26,Oseltamivir 75mg,5,12.0,60.0
2023-05-26,Vitamin B Complex,5,2.5,12.5
2023-05-26,Artemether IV,3,15.0,45.0
2023-05-26,Quinine 500mg,4,8.0,32.0
2023-05-27,Paracetamol 500mg,40,1.5,60.0
2023-05-27,Platelet Support,11,25.0,275.0
2023-05-27,Ibuprofen 200mg,13,1.0,13.0
2023-05-27,Vitamin C,27,0.8,21.6
2023-05-27,Amoxicillin 250mg,20,4.0,80.0
2023-05-27,Chloramphenicol,11,6.0,66.0
2023-05-27,Ciprofloxacin 500mg,14,5.5,77.0
2023-05-27,Cough Syrup,20,3.0,60.0
2023-05-27,Aspirin 325mg,2,0.8,1.6
2023-05-27,Oseltamivir 75mg,2,12.0,24.0
2023-05-27,Vitamin B Complex,2,2.5,5.0
2023-05-27,Artemether IV,1,15.0,15.0
2023-05-27,Quinine 500mg,4,8.0,32.0
2023-05-28,Oseltamivir 75mg,5,12.0,60.0
2023-05-28,Paracetamol 500mg,43,1.5,64.5
2023-05-28,Vitamin C,31,0.8,24.8
2023-05-28,Cough Syrup,28,3.0,84.0
2023-05-28,Platelet Support,12,25.0,300.0
2023-05-28,Ibuprofen 200mg,27,1.0,27.0
2023-05-28,Amoxicillin 250mg,14,4.0,56.0
2023-05-28,Chloramphenicol,13,6.0,78.0
2023-05-28,Ciprofloxacin 500mg,19,5.5,104.5
2023-05-28,Aspirin 325mg,6,0.8,4.800000000000001
2023-05-28,Vitamin B Complex,3,2.5,7.5
2023-05-28,Artemether IV,2,15.0,30.0
2023-05-28,Quinine 500mg,6,8.0,48.0
2023-05-29,Oseltamivir 75mg,9,12.0,108.0
2023-05-29,Paracetamol 500mg,44,1.5,66.0
2023-05-29,Cough Syrup,20,3.0,60.0
2023-05-29,Ibuprofen 200mg,30,1.0,30.0
2023-05-29,Platelet Support,15,25.0,375.0
2023-05-29,Vitamin C,27,0.8,21.6
2023-05-29,Amoxicillin 250mg,13,4.0,52.0
2023-05-29,Chloramphenicol,20,6.0,120.0
2023-05-29,Ciprofloxacin 500mg,14,5.5,77.0
2023-05-29,Aspirin 325mg,3,0.8,2.4000000000000004
2023-05-29,Vitamin B Complex,1,2.5,2.5
2023-05-29,Artemether IV,4,15.0,60.0
2023-05-29,Quinine 500mg,4,8.0,32.0
2023-05-30,Oseltamivir 75mg,12,12.0,144.0
2023-05-30,Paracetamol 500mg,47,1.5,70.5
2023-05-30,Cough Syrup,19,3.0,57.0
2023-05-30,Ibuprofen 200mg,37,1.0,37.0
2023-05-30,Artemether IV,8,15.0,120.0
2023-05-30,Quinine 500mg,6,8.0,48.0
2023-05-30,Platelet Support,5,25.0,125.0
2023-05-30,Vitamin C,32,0.8,25.6
2023-05-30,Amoxicillin 250mg,5,4.0,20.0
2023-05-30,Chloramphenicol,16,6.0,96.0
2023-05-30,Ciprofloxacin 500mg,8,5.5,44.0
2023-05-30,Aspirin 325mg,3,0.8,2.4000000000000004
2023-05-30,Vitamin B Complex,2,2.5,5.0
2023-05-31,Oseltamivir 75mg,12,12.0,144.0
2023-05-31,Paracetamol 500mg,48,1.5,72.0
2023-05-31,Cough Syrup,24,3.0,72.0
2023-05-31,Ibuprofen 200mg,27,1.0,27.0
2023-05-31,Vitamin C,21,0.8,16.8
2023-05-31,Artemether IV,7,15.0,105.0
2023-05-31,Quinine 500mg,14,8.0,112.0
2023-05-31,Platelet Support,7,25.0,175.0
2023-05-31,Amoxicillin 250mg,12,4.0,48.0
2023-05-31,Chloramphenicol,20,6.0,120.0
2023-05-31,Ciprofloxacin 500mg,14,5.5,77.0
2023-05-31,Aspirin 325mg,5,0.8,4.0
2023-05-31,Vitamin B Complex,2,2.5,5.0
2023-06-01,Artemether IV,8,15.0,120.0
2023-06-01,Paracetamol 500mg,33,1.5,49.5
2023-06-01,Quinine 500mg,15,8.0,120.0
2023-06-01,Ibuprofen 200mg,32,1.0,32.0
2023-06-01,Platelet Support,6,25.0,150.0
2023-06-01,Vitamin C,26,0.8,20.8
2023-06-01,Amoxicillin 250mg,9,4.0,36.0
2023-06-01,Chloramphenicol,17,6.0,102.0
2023-06-01,Ciprofloxacin 500mg,15,5.5,82.5
2023-06-01,Cough Syrup,18,3.0,54.0
2023-06-01,Aspirin 325mg,2,0.8,1.6
2023-06-01,Oseltamivir 75mg,4,12.0,48.0
2023-06-01,Vitamin B Complex,4,2.5,10.0
2023-06-02,Artemether IV,12,15.0,180.0
2023-06-02,Paracetamol 500mg,39,1.5,58.5
2023-06-02,Quinine 500mg,10,8.0,80.0
2023-06-02,Ibuprofen 200mg,38,1.0,38.0
2023-06-02,Platelet Support,14,25.0,350.0
2023-06-02,Vitamin C,17,0.8,13.600000000000001
2023-06-02,Amoxicillin 250mg,11,4.0,44.0
2023-06-02,Chloramphenicol,8,6.0,48.0
2023-06-02,Ciprofloxacin 500mg,9,5.5,49.5
2023-06-02,Cough Syrup,12,3.0,36.0
2023-06-02,Aspirin 325mg,3,0.8,2.4000000000000004
2023-06-02,Oseltamivir 75mg,1,12.0,12.0
2023-06-02,Vitamin B Complex,6,2.5,15.0
2023-06-03,Artemether IV,15,15.0,225.0
2023-06-03,Paracetamol 500mg,39,1.5,58.5
2023-06-03,Quinine 500mg,12,8.0,96.0
2023-06-03,Ibuprofen 200mg,24,1.0,24.0
2023-06-03,Platelet Support,5,25.0,125.0
2023-06-03,Vitamin C,21,0.8,16.8
2023-06-03,Amoxicillin 250mg,12,4.0,48.0
2023-06-03,Chloramphenicol,15,6.0,90.0
2023-06-03,Ciprofloxacin 500mg,6,5.5,33.0
2023-06-03,Cough Syrup,9,3.0,27.0
2023-06-03,Aspirin 325mg,5,0.8,4.0
2023-06-03,Oseltamivir 75mg,4,12.0,48.0
2023-06-03,Vitamin B Complex,1,2.5,2.5
2023-06-04,Artemether IV,11,15.0,165.0
2023-06-04,Paracetamol 500mg,34,1.5,51.0
2023-06-04,Quinine 500mg,8,8.0,64.0
2023-06-04,Ibuprofen 200mg,28,1.0,28.0
2023-06-04,Platelet Support,16,25.0,400.0
2023-06-04,Vitamin C,21,0.8,16.8
2023-06-04,Amoxicillin 250mg,4,4.0,16.0
2023-06-04,Chloramphenicol,10,6.0,60.0
2023-06-04,Ciprofloxacin 500mg,10,5.5,55.0
2023-06-04,Cough Syrup,19,3.0,57.0
2023-06-04,Aspirin 325mg,3,0.8,2.4000000000000004
2023-06-04,Oseltamivir 75mg,4,12.0,48.0
2023-06-04,Vitamin B Complex,5,2.5,12.5
2023-06-05,Artemether IV,12,15.0,180.0
2023-06-05,Paracetamol 500mg,39,1.5,58.5
2023-06-05,Quinine 500mg,13,8.0,104.0
2023-06-05,Ibuprofen 200mg,31,1.0,31.0
2023-06-05,Platelet Support,11,25.0,275.0
2023-06-05,Vitamin C,24,0.8,19.200000000000003
2023-06-05,Amoxicillin 250mg,14,4.0,56.0
2023-06-05,Chloramphenicol,9,6.0,54.0
2023-06-05,Ciprofloxacin 500mg,14,5.5,77.0
2023-06-05,Cough Syrup,8,3.0,24.0
2023-06-05,Aspirin 325mg,2,0.8,1.6
2023-06-05,Oseltamivir 75mg,2,12.0,24.0
2023-06-05,Vitamin B Complex,3,2.5,7.5
2023-06-06,Artemether IV,11,15.0,165.0
2023-06-06,Paracetamol 500mg,45,1.5,67.5
2023-06-06,Quinine 500mg,19,8.0,152.0
2023-06-06,Ibuprofen 200mg,33,1.0,33.0
2023-06-06,Platelet Support,13,25.0,325.0
2023-06-06,Vitamin C,22,0.8,17.6
2023-06-06,Amoxicillin 250mg,6,4.0,24.0
2023-06-06,Chloramphenicol,10,6.0,60.0
2023-06-06,Ciprofloxacin 500mg,10,5.5,55.0
2023-06-06,Cough Syrup,12,3.0,36.0
2023-06-06,Aspirin 325mg,5,0.8,4.0
2023-06-06,Oseltamivir 75mg,4,12.0,48.0
2023-06-06,Vitamin B Complex,9,2.5,22.5
2023-06-07,Artemether IV,20,15.0,300.0
2023-06-07,Paracetamol 500mg,53,1.5,79.5
2023-06-07,Quinine 500mg,16,8.0,128.0
2023-06-07,Ibuprofen 200mg,32,1.0,32.0
2023-06-07,Platelet Support,12,25.0,300.0
2023-06-07,Vitamin C,22,0.8,17.6
2023-06-07,Amoxicillin 250mg,6,4.0,24.0
2023-06-07,Chloramphenicol,17,6.0,102.0
2023-06-07,Ciprofloxacin 500mg,6,5.5,33.0
2023-06-07,Cough Syrup,14,3.0,42.0
2023-06-07,Aspirin 325mg,2,0.8,1.6
2023-06-07,Oseltamivir 75mg,3,12.0,36.0
2023-06-07,Vitamin B Complex,1,2.5,2.5
2023-06-08,Artemether IV,18,15.0,270.0
2023-06-08,Paracetamol 500mg,42,1.5,63.0
2023-06-08,Quinine 500mg,19,8.0,152.0
2023-06-08,Ibuprofen 200mg,52,1.0,52.0
2023-06-08,Platelet Support,9,25.0,225.0
2023-06-08,Vitamin C,19,0.8,15.200000000000001
2023-06-08,Amoxicillin 250mg,14,4.0,56.0
2023-06-08,Chloramphenicol,13,6.0,78.0
2023-06-08,Ciprofloxacin 500mg,11,5.5,60.5
2023-06-08,Cough Syrup,11,3.0,33.0
2023-06-08,Aspirin 325mg,4,0.8,3.2
2023-06-08,Oseltamivir 75mg,4,12.0,48.0
2023-06-08,Vitamin B Complex,3,2.5,7.5
2023-06-09,Artemether IV,16,15.0,240.0
2023-06-09,Paracetamol 500mg,50,1.5,75.0
2023-06-09,Quinine 500mg,24,8.0,192.0
2023-06-09,Ibuprofen 200mg,37,1.0,37.0
2023-06-09,Platelet Support,8,25.0,200.0
2023-06-09,Vitamin C,29,0.8,23.200000000000003
2023-06-09,Amoxicillin 250mg,11,4.0,44.0
2023-06-09,Chloramphenicol,17,6.0,102.0
2023-06-09,Ciprofloxacin 500mg,10,5.5,55.0
2023-06-09,Cough Syrup,12,3.0,36.0
2023-06-09,Aspirin 325mg,5,0.8,4.0
2023-06-09,Oseltamivir 75mg,3,12.0,36.0
2023-06-09,Vitamin B Complex,2,2.5,5.0
2023-06-10,Artemether IV,7,15.0,105.0
2023-06-10,Paracetamol 500mg,52,1.5,78.0
2023-06-10,Quinine 500mg,11,8.0,88.0
2023-06-10,Ibuprofen 200mg,35,1.0,35.0
2023-06-10,Platelet Support,21,25.0,525.0
2023-06-10,Vitamin C,19,0.8,15.200000000000001
2023-06-10,Amoxicillin 250mg,13,4.0,52.0
2023-06-10,Chloramphenicol,10,6.0,60.0
2023-06-10,Ciprofloxacin 500mg,14,5.5,77.0
2023-06-10,Cough Syrup,18,3.0,54.0
2023-06-10,Aspirin 325mg,7,0.8,5.6000000000000005
2023-06-10,Oseltamivir 75mg,2,12.0,24.0
2023-06-10,Vitamin B Complex,4,2.5,10.0
2023-06-11,Oseltamivir 75mg,9,12.0,108.0
2023-06-11,Paracetamol 500mg,63,1.5,94.5
2023-06-11,Cough Syrup,19,3.0,57.0
2023-06-11,Ibuprofen 200mg,53,1.0,53.0
2023-06-11,Artemether IV,19,15.0,285.0
2023-06-11,Quinine 500mg,7,8.0,56.0
2023-06-11,Platelet Support,9,25.0,225.0
2023-06-11,Vitamin C,26,0.8,20.8
2023-06-11,Amoxicillin 250mg,15,4.0,60.0
2023-06-11,Chloramphenicol,11,6.0,66.0
2023-06-11,Ciprofloxacin 500mg,14,5.5,77.0
2023-06-11,Aspirin 325mg,1,0.8,0.8
2023-06-11,Vitamin B Complex,6,2.5,15.0
2023-06-12,Oseltamivir 75mg,14,12.0,168.0
2023-06-12,Paracetamol 500mg,43,1.5,64.5
2023-06-12,Cough Syrup,24,3.0,72.0
2023-06-12,Ibuprofen 200mg,46,1.0,46.0
2023-06-12,Artemether IV,13,15.0,195.0
2023-06-12,Quinine 500mg,25,8.0,200.0
2023-06-12,Platelet Support,10,25.0,250.0
2023-06-12,Vitamin C,19,0.8,15.200000000000001
2023-06-12,Amoxicillin 250mg,9,4.0,36.0
2023-06-12,Chloramphenicol,14,6.0,84.0
2023-06-12,Ciprofloxacin 500mg,15,5.5,82.5
2023-06-12,Aspirin 325mg,3,0.8,2.4000000000000004
2023-06-12,Vitamin B Complex,2,2.5,5.0
2023-06-13,Oseltamivir 75mg,14,12.0,168.0
2023-06-13,Paracetamol 500mg,66,1.5,99.0
2023-06-13,Cough Syrup,16,3.0,48.0
2023-06-13,Ibuprofen 200mg,45,1.0,45.0
2023-06-13,Artemether IV,23,15.0,345.0
2023-06-13,Quinine 500mg,11,8.0,88.0
2023-06-13,Platelet Support,18,25.0,450.0
2023-06-13,Vitamin C,24,0.8,19.200000000000003
2023-06-13,Amoxicillin 250mg,22,4.0,88.0
2023-06-13,Chloramphenicol,18,6.0,108.0
2023-06-13,Ciprofloxacin 500mg,12,5.5,66.0
2023-06-13,Aspirin 325mg,2,0.8,1.6
2023-06-13,Vitamin B Complex,3,2.5,7.5
2023-06-14,Oseltamivir 75mg,8,12.0,96.0
2023-06-14,Paracetamol 500mg,55,1.5,82.5
2023-06-14,Cough Syrup,22,3.0,66.0
2023-06-14,Ibuprofen 200mg,57,1.0,57.0
2023-06-14,Artemether IV,16,15.0,240.0
2023-06-14,Quinine 500mg,14,8.0,112.0
2023-06-14,Platelet Support,12,25.0,300.0
2023-06-14,Vitamin C,28,0.8,22.400000000000002
2023-06-14,Amoxicillin 250mg,16,4.0,64.0
2023-06-14,Chloramphenicol,20,6.0,120.0
2023-06-14,Ciprofloxacin 500mg,17,5.5,93.5
2023-06-14,Aspirin 325mg,4,0.8,3.2
2023-06-14,Vitamin B Complex,3,2.5,7.5
2023-06-15,Oseltamivir 75mg,8,12.0,96.0
2023-06-15,Paracetamol 500mg,79,1.5,118.5
2023-06-15,Cough Syrup,27,3.0,81.0
2023-06-15,Ibuprofen 200mg,56,1.0,56.0
2023-06-15,Artemether IV,13,15.0,195.0
2023-06-15,Quinine 500mg,10,8.0,80.0
2023-06-15,Platelet Support,17,25.0,425.0
2023-06-15,Vitamin C,18,0.8,14.4
2023-06-15,Amoxicillin 250mg,23,4.0,92.0
2023-06-15,Chloramphenicol,12,6.0,72.0
2023-06-15,Ciprofloxacin 500mg,16,5.5,88.0
2023-06-15,Aspirin 325mg,2,0.8,1.6
2023-06-15,Vitamin B Complex,2,2.5,5.0
2023-06-16,Oseltamivir 75mg,9,12.0,108.0
2023-06-16,Paracetamol 500mg,67,1.5,100.5
2023-06-16,Cough Syrup,34,3.0,102.0
2023-06-16,Ibuprofen 200mg,36,1.0,36.0
2023-06-16,Artemether IV,14,15.0,210.0
2023-06-16,Quinine 500mg,19,8.0,152.0
2023-06-16,Platelet Support,22,25.0,550.0
2023-06-16,Vitamin C,31,0.8,24.8
2023-06-16,Amoxicillin 250mg,23,4.0,92.0
2023-06-16,Chloramphenicol,15,6.0,90.0
2023-06-16,Ciprofloxacin 500mg,23,5.5,126.5
2023-06-16,Aspirin 325mg,1,0.8,0.8
2023-06-16,Vitamin B Complex,1,2.5,2.5
2023-06-17,Oseltamivir 75mg,4,12.0,48.0
2023-06-17,Paracetamol 500mg,65,1.5,97.5
2023-06-17,Cough Syrup,21,3.0,63.0
2023-06-17,Ibuprofen 200mg,58,1.0,58.0
2023-06-17,Artemether IV,21,15.0,315.0
2023-06-17,Quinine 500mg,18,8.0,144.0
2023-06-17,Platelet Support,14,25.0,350.0
2023-06-17,Vitamin C,31,0.8,24.8
2023-06-17,Amoxicillin 250mg,21,4.0,84.0
2023-06-17,Chloramphenicol,19,6.0,114.0
2023-06-17,Ciprofloxacin 500mg,22,5.5,121.0
2023-06-17,Aspirin 325mg,2,0.8,1.6
2023-06-17,Vitamin B Complex,4,2.5,10.0
2023-06-18,Oseltamivir 75mg,16,12.0,192.0
2023-06-18,Paracetamol 500mg,81,1.5,121.5
2023-06-18,Cough Syrup,29,3.0,87.0
2023-06-18,Ibuprofen 200mg,53,1.0,53.0
2023-06-18,Vitamin C,35,0.8,28.0
2023-06-18,Artemether IV,29,15.0,435.0
2023-06-18,Quinine 500mg,12,8.0,96.0
2023-06-18,Platelet Support,15,25.0,375.0
2023-06-18,Amoxicillin 250mg,25,4.0,100.0
2023-06-18,Chloramphenicol,16,6.0,96.0
2023-06-18,Ciprofloxacin 500mg,26,5.5,143.0
2023-06-18,Aspirin 325mg,3,0.8,2.4000000000000004
2023-06-18,Vitamin B Complex,2,2.5,5.0
2023-06-19,Oseltamivir 75mg,20,12.0,240.0
2023-06-19,Paracetamol 500mg,80,1.5,120.0
2023-06-19,Cough Syrup,29,3.0,87.0
2023-06-19,Ibuprofen 200mg,47,1.0,47.0
2023-06-19,Vitamin C,48,0.8,38.400000000000006
2023-06-19,Artemether IV,14,15.0,210.0
2023-06-19,Quinine 500mg,9,8.0,72.0
2023-06-19,Platelet Support,12,25.0,300.0
2023-06-19,Amoxicillin 250mg,19,4.0,76.0
2023-06-19,Chloramphenicol,18,6.0,108.0
2023-06-19,Ciprofloxacin 500mg,21,5.5,115.5
2023-06-19,Vitamin B Complex,3,2.5,7.5
2023-06-20,Oseltamivir 75mg,17,12.0,204.0
2023-06-20,Paracetamol 500mg,66,1.5,99.0
2023-06-20,Cough Syrup,44,3.0,132.0
2023-06-20,Ibuprofen 200mg,40,1.0,40.0
2023-06-20,Vitamin C,40,0.8,32.0
2023-06-20,Artemether IV,8,15.0,120.0
2023-06-20,Quinine 500mg,16,8.0,128.0
2023-06-20,Platelet Support,16,25.0,400.0
2023-06-20,Amoxicillin 250mg,25,4.0,100.0
2023-06-20,Chloramphenicol,22,6.0,132.0
2023-06-20,Ciprofloxacin 500mg,25,5.5,137.5
2023-06-20,Aspirin 325mg,2,0.8,1.6
2023-06-20,Vitamin B Complex,1,2.5,2.5
2023-06-21,Oseltamivir 75mg,26,12.0,312.0
2023-06-21,Paracetamol 500mg,80,1.5,120.0
2023-06-21,Cough Syrup,28,3.0,84.0
2023-06-21,Ibuprofen 200mg,58,1.0,58.0
2023-06-21,Vitamin C,37,0.8,29.6
2023-06-21,Artemether IV,20,15.0,300.0
2023-06-21,Quinine 500mg,18,8.0,144.0
2023-06-21,Platelet Support,10,25.0,250.0
2023-06-21,Amoxicillin 250mg,14,4.0,56.0
2023-06-21,Chloramphenicol,16,6.0,96.0
2023-06-21,Ciprofloxacin 500mg,12,5.5,66.0
2023-06-21,Aspirin 325mg,5,0.8,4.0
2023-06-21,Vitamin B Complex,3,2.5,7.5
2023-06-22,Oseltamivir 75mg,17,12.0,204.0
2023-06-22,Paracetamol 500mg,68,1.5,102.0
2023-06-22,Cough Syrup,39,3.0,117.0
2023-06-22,Ibuprofen 200mg,49,1.0,49.0
2023-06-22,Vitamin C,30,0.8,24.0
2023-06-22,Artemether IV,15,15.0,225.0
2023-06-22,Quinine 500mg,19,8.0,152.0
2023-06-22,Platelet Support,12,25.0,300.0
2023-06-22,Amoxicillin 250mg,15,4.0,60.0
2023-06-22,Chloramphenicol,18,6.0,108.0
2023-06-22,Ciprofloxacin 500mg,14,5.5,77.0
2023-06-22,Aspirin 325mg,5,0.8,4.0
2023-06-22,Vitamin B Complex,2,2.5,5.0
2023-06-23,Oseltamivir 75mg,25,12.0,300.0
2023-06-23,Paracetamol 500mg,89,1.5,133.5
2023-06-23,Cough Syrup,30,3.0,90.0
2023-06-23,Ibuprofen 200mg,51,1.0,51.0
2023-06-23,Vitamin C,33,0.8,26.400000000000002
2023-06-23,Artemether IV,12,15.0,180.0
2023-06-23,Quinine 500mg,8,8.0,64.0
2023-06-23,Platelet Support,17,25.0,425.0
2023-06-23,Amoxicillin 250mg,22,4.0,88.0
2023-06-23,Chloramphenicol,28,6.0,168.0
2023-06-23,Ciprofloxacin 500mg,12,5.5,66.0
2023-06-23,Aspirin 325mg,5,0.8,4.0
2023-06-23,Vitamin B Complex,3,2.5,7.5
2023-06-24,Oseltamivir 75mg,23,12.0,276.0
2023-06-24,Paracetamol 500mg,75,1.5,112.5
2023-06-24,Cough Syrup,32,3.0,96.0
2023-06-24,Ibuprofen 200mg,42,1.0,42.0
2023-06-24,Vitamin C,35,0.8,28.0
2023-06-24,Artemether IV,14,15.0,210.0
2023-06-24,Quinine 500mg,10,8.0,80.0
2023-06-24,Platelet Support,19,25.0,475.0
2023-06-24,Amoxicillin 250mg,15,4.0,60.0
2023-06-24,Chloramphenicol,17,6.0,102.0
2023-06-24,Ciprofloxacin 500mg,13,5.5,71.5
2023-06-24,Aspirin 325mg,1,0.8,0.8
2023-06-24,Vitamin B Complex,1,2.5,2.5
2023-06-25,Oseltamivir 75mg,19,12.0,228.0
2023-06-25,Paracetamol 500mg,63,1.5,94.5
2023-06-25,Cough Syrup,33,3.0,99.0
2023-06-25,Ibuprofen 200mg,62,1.0,62.0
2023-06-25,Vitamin C,45,0.8,36.0
2023-06-25,Artemether IV,12,15.0,180.0
2023-06-25,Quinine 500mg,13,8.0,104.0
2023-06-25,Platelet Support,20,25.0,500.0
2023-06-25,Amoxicillin 250mg,9,4.0,36.0
2023-06-25,Chloramphenicol,20,6.0,120.0
2023-06-25,Ciprofloxacin 500mg,18,5.5,99.0
2023-06-25,Aspirin 325mg,4,0.8,3.2
2023-06-26,Oseltamivir 75mg,22,12.0,264.0
2023-06-26,Paracetamol 500mg,67,1.5,100.5
2023-06-26,Cough Syrup,39,3.0,117.0
2023-06-26,Ibuprofen 200mg,47,1.0,47.0
2023-06-26,Vitamin C,40,0.8,32.0
2023-06-26,Artemether IV,17,15.0,255.0
2023-06-26,Quinine 500mg,12,8.0,96.0
2023-06-26,Platelet Support,15,25.0,375.0
2023-06-26,Amoxicillin 250mg,15,4.0,60.0
2023-06-26,Chloramphenicol,13,6.0,78.0
2023-06-26,Ciprofloxacin 500mg,13,5.5,71.5
2023-06-26,Aspirin 325mg,1,0.8,0.8
2023-06-26,Vitamin B Complex,1,2.5,2.5
2023-06-27,Oseltamivir 75mg,15,12.0,180.0
2023-06-27,Paracetamol 500mg,69,1.5,103.5
2023-06-27,Cough Syrup,19,3.0,57.0
2023-06-27,Ibuprofen 200mg,32,1.0,32.0
2023-06-27,Vitamin C,50,0.8,40.0
2023-06-27,Artemether IV,17,15.0,255.0
2023-06-27,Quinine 500mg,15,8.0,120.0
2023-06-27,Platelet Support,17,25.0,425.0
2023-06-27,Amoxicillin 250mg,9,4.0,36.0
2023-06-27,Chloramphenicol,22,6.0,132.0
2023-06-27,Ciprofloxacin 500mg,13,5.5,71.5
2023-06-27,Aspirin 325mg,5,0.8,4.0
2023-06-27,Vitamin B Complex,4,2.5,10.0
2023-06-28,Oseltamivir 75mg,19,12.0,228.0
2023-06-28,Paracetamol 500mg,61,1.5,91.5
2023-06-28,Cough Syrup,22,3.0,66.0
2023-06-28,Ibuprofen 200mg,35,1.0,35.0
2023-06-28,Vitamin C,38,0.8,30.400000000000002
2023-06-28,Artemether IV,12,15.0,180.0
2023-06-28,Quinine 500mg,14,8.0,112.0
2023-06-28,Platelet Support,15,25.0,375.0
2023-06-28,Amoxicillin 250mg,10,4.0,40.0
2023-06-28,Chloramphenicol,11,6.0,66.0
2023-06-28,Ciprofloxacin 500mg,14,5.5,77.0
2023-06-28,Aspirin 325mg,1,0.8,0.8
2023-06-28,Vitamin B Complex,5,2.5,12.5
2023-06-29,Oseltamivir 75mg,15,12.0,180.0
2023-06-29,Paracetamol 500mg,61,1.5,91.5
2023-06-29,Cough Syrup,30,3.0,90.0
2023-06-29,Ibuprofen 200mg,37,1.0,37.0
2023-06-29,Vitamin C,39,0.8,31.200000000000003
2023-06-29,Artemether IV,10,15.0,150.0
2023-06-29,Quinine 500mg,4,8.0,32.0
2023-06-29,Platelet Support,12,25.0,300.0
2023-06-29,Amoxicillin 250mg,12,4.0,48.0
2023-06-29,Chloramphenicol,10,6.0,60.0
2023-06-29,Ciprofloxacin 500mg,7,5.5,38.5
2023-06-29,Aspirin 325mg,3,0.8,2.4000000000000004
2023-06-29,Vitamin B Complex,4,2.5,10.0
2023-06-30,Oseltamivir 75mg,28,12.0,336.0
2023-06-30,Paracetamol 500mg,53,1.5,79.5
2023-06-30,Cough Syrup,26,3.0,78.0
2023-06-30,Ibuprofen 200mg,39,1.0,39.0
2023-06-30,Vitamin C,35,0.8,28.0
2023-06-30,Artemether IV,21,15.0,315.0
2023-06-30,Quinine 500mg,8,8.0,64.0
2023-06-30,Platelet Support,12,25.0,300.0
2023-06-30,Amoxicillin 250mg,6,4.0,24.0
2023-06-30,Chloramphenicol,9,6.0,54.0
2023-06-30,Ciprofloxacin 500mg,10,5.5,55.0
2023-06-30,Aspirin 325mg,3,0.8,2.4000000000000004
2023-07-01,Oseltamivir 75mg,11,12.0,132.0
2023-07-01,Paracetamol 500mg,62,1.5,93.0
2023-07-01,Cough Syrup,32,3.0,96.0
2023-07-01,Ibuprofen 200mg,42,1.0,42.0
2023-07-01,Vitamin C,53,0.8,42.400000000000006
2023-07-01,Artemether IV,23,15.0,345.0
2023-07-01,Quinine 500mg,11,8.0,88.0
2023-07-01,Platelet Support,25,25.0,625.0
2023-07-01,Amoxicillin 250mg,7,4.0,28.0
2023-07-01,Chloramphenicol,10,6.0,60.0
2023-07-01,Ciprofloxacin 500mg,12,5.5,66.0
2023-07-01,Aspirin 325mg,3,0.8,2.4000000000000004
2023-07-01,Vitamin B Complex,3,2.5,7.5
2023-07-02,Oseltamivir 75mg,11,12.0,132.0
2023-07-02,Paracetamol 500mg,61,1.5,91.5
2023-07-02,Vitamin C,34,0.8,27.200000000000003
2023-07-02,Cough Syrup,26,3.0,78.0
2023-07-02,Artemether IV,19,15.0,285.0
2023-07-02,Quinine 500mg,9,8.0,72.0
2023-07-02,Ibuprofen 200mg,36,1.0,36.0
2023-07-02,Platelet Support,15,25.0,375.0
2023-07-02,Amoxicillin 250mg,10,4.0,40.0
2023-07-02,Chloramphenicol,12,6.0,72.0
2023-07-02,Ciprofloxacin 500mg,16,5.5,88.0
2023-07-02,Aspirin 325mg,4,0.8,3.2
2023-07-03,Oseltamivir 75mg,15,12.0,180.0
2023-07-03,Paracetamol 500mg,62,1.5,93.0
2023-07-03,Vitamin C,47,0.8,37.6
2023-07-03,Cough Syrup,40,3.0,120.0
2023-07-03,Artemether IV,15,15.0,225.0
2023-07-03,Quinine 500mg,20,8.0,160.0
2023-07-03,Ibuprofen 200mg,39,1.0,39.0
2023-07-03,Platelet Support,13,25.0,325.0
2023-07-03,Amoxicillin 250mg,17,4.0,68.0
2023-07-03,Chloramphenicol,11,6.0,66.0
2023-07-03,Ciprofloxacin 500mg,18,5.5,99.0
2023-07-03,Aspirin 325mg,4,0.8,3.2
2023-07-03,Vitamin B Complex,5,2.5,12.5
2023-07-04,Oseltamivir 75mg,17,12.0,204.0
2023-07-04,Paracetamol 500mg,68,1.5,102.0
2023-07-04,Vitamin C,43,0.8,34.4
2023-07-04,Cough Syrup,26,3.0,78.0
2023-07-04,Artemether IV,10,15.0,150.0
2023-07-04,Quinine 500mg,17,8.0,136.0
2023-07-04,Ibuprofen 200mg,27,1.0,27.0
2023-07-04,Platelet Support,12,25.0,300.0
2023-07-04,Amoxicillin 250mg,9,4.0,36.0
2023-07-04,Chloramphenicol,8,6.0,48.0
2023-07-04,Ciprofloxacin 500mg,20,5.5,110.0
2023-07-04,Aspirin 325mg,1,0.8,0.8
2023-07-04,Vitamin B Complex,3,2.5,7.5
2023-07-05,Oseltamivir 75mg,18,12.0,216.0
2023-07-05,Paracetamol 500mg,42,1.5,63.0
2023-07-05,Vitamin C,40,0.8,32.0
2023-07-05,Cough Syrup,35,3.0,105.0
2023-07-05,Artemether IV,17,15.0,255.0
2023-07-05,Quinine 500mg,18,8.0,144.0
2023-07-05,Ibuprofen 200mg,25,1.0,25.0
2023-07-05,Platelet Support,17,25.0,425.0
2023-07-05,Amoxicillin 250mg,13,4.0,52.0
2023-07-05,Chloramphenicol,6,6.0,36.0
2023-07-05,Ciprofloxacin 500mg,10,5.5,55.0
2023-07-05,Aspirin 325mg,5,0.8,4.0
2023-07-05,Vitamin B Complex,4,2.5,10.0
2023-07-06,Oseltamivir 75mg,8,12.0,96.0
2023-07-06,Paracetamol 500mg,43,1.5,64.5
2023-07-06,Vitamin C,38,0.8,30.400000000000002
2023-07-06,Cough Syrup,24,3.0,72.0
2023-07-06,Artemether IV,12,15.0,180.0
2023-07-06,Quinine 500mg,29,8.0,232.0
2023-07-06,Ibuprofen 200mg,39,1.0,39.0
2023-07-06,Platelet Support,17,25.0,425.0
2023-07-06,Aspirin 325mg,2,0.8,1.6
2023-07-06,Ciprofloxacin 500mg,1,5.5,5.5
2023-07-06,Vitamin B Complex,4,2.5,10.0
2023-07-07,Oseltamivir 75mg,8,12.0,96.0
2023-07-07,Paracetamol 500mg,44,1.5,66.0
2023-07-07,Vitamin C,47,0.8,37.6
2023-07-07,Cough Syrup,23,3.0,69.0
2023-07-07,Artemether IV,20,15.0,300.0
2023-07-07,Quinine 500mg,16,8.0,128.0
2023-07-07,Ibuprofen 200mg,43,1.0,43.0
2023-07-07,Platelet Support,19,25.0,475.0
2023-07-07,Amoxicillin 250mg,7,4.0,28.0
2023-07-07,Chloramphenicol,11,6.0,66.0
2023-07-07,Ciprofloxacin 500mg,9,5.5,49.5
2023-07-07,Aspirin 325mg,2,0.8,1.6
2023-07-07,Vitamin B Complex,3,2.5,7.5
2023-07-08,Oseltamivir 75mg,15,12.0,180.0
2023-07-08,Paracetamol 500mg,76,1.5,114.0
2023-07-08,Vitamin C,48,0.8,38.400000000000006
2023-07-08,Cough Syrup,36,3.0,108.0
2023-07-08,Artemether IV,10,15.0,150.0
2023-07-08,Quinine 500mg,21,8.0,168.0
2023-07-08,Ibuprofen 200mg,33,1.0,33.0
2023-07-08,Platelet Support,25,25.0,625.0
2023-07-08,Amoxicillin 250mg,20,4.0,80.0
2023-07-08,Chloramphenicol,11,6.0,66.0
2023-07-08,Ciprofloxacin 500mg,14,5.5,77.0
2023-07-08,Aspirin 325mg,2,0.8,1.6
2023-07-09,Oseltamivir 75mg,18,12.0,216.0
2023-07-09,Paracetamol 500mg,79,1.5,118.5
2023-07-09,Vitamin C,51,0.8,40.800000000000004
2023-07-09,Cough Syrup,26,3.0,78.0
2023-07-09,Artemether IV,18,15.0,270.0
2023-07-09,Quinine 500mg,9,8.0,72.0
2023-07-09,Ibuprofen 200mg,46,1.0,46.0
2023-07-09,Platelet Support,17,25.0,425.0
2023-07-09,Amoxicillin 250mg,15,4.0,60.0
2023-07-09,Chloramphenicol,8,6.0,48.0
2023-07-09,Ciprofloxacin 500mg,14,5.5,77.0
2023-07-09,Aspirin 325mg,3,0.8,2.4000000000000004
2023-07-09,Vitamin B Complex,1,2.5,2.5
2023-07-10,Oseltamivir 75mg,10,12.0,120.0
2023-07-10,Paracetamol 500mg,79,1.5,118.5
2023-07-10,Vitamin C,57,0.8,45.6
2023-07-10,Cough Syrup,40,3.0,120.0
2023-07-10,Artemether IV,15,15.0,225.0
2023-07-10,Quinine 500mg,18,8.0,144.0
2023-07-10,Ibuprofen 200mg,45,1.0,45.0
2023-07-10,Platelet Support,10,25.0,250.0
2023-07-10,Amoxicillin 250mg,20,4.0,80.0
2023-07-10,Chloramphenicol,8,6.0,48.0
2023-07-10,Ciprofloxacin 500mg,12,5.5,66.0
2023-07-10,Aspirin 325mg,4,0.8,3.2
2023-07-10,Vitamin B Complex,3,2.5,7.5
2023-07-11,Oseltamivir 75mg,14,12.0,168.0
2023-07-11,Paracetamol 500mg,75,1.5,112.5
2023-07-11,Vitamin C,50,0.8,40.0
2023-07-11,Cough Syrup,38,3.0,114.0
2023-07-11,Artemether IV,13,15.0,195.0
2023-07-11,Quinine 500mg,17,8.0,136.0
2023-07-11,Ibuprofen 200mg,38,1.0,38.0
2023-07-11,Platelet Support,9,25.0,225.0
2023-07-11,Amoxicillin 250mg,16,4.0,64.0
2023-07-11,Ciprofloxacin 500mg,14,5.5,77.0
2023-07-11,Aspirin 325mg,2,0.8,1.6
2023-07-11,Chloramphenicol,2,6.0,12.0
2023-07-11,Vitamin B Complex,4,2.5,10.0
2023-07-12,Oseltamivir 75mg,16,12.0,192.0
2023-07-12,Paracetamol 500mg,75,1.5,112.5
2023-07-12,Vitamin C,38,0.8,30.400000000000002
2023-07-12,Cough Syrup,25,3.0,75.0
2023-07-12,Artemether IV,9,15.0,135.0
2023-07-12,Quinine 500mg,23,8.0,184.0
2023-07-12,Ibuprofen 200mg,33,1.0,33.0
2023-07-12,Platelet Support,18,25.0,450.0
2023-07-12,Amoxicillin 250mg,19,4.0,76.0
2023-07-12,Chloramphenicol,6,6.0,36.0
2023-07-12,Ciprofloxacin 500mg,20,5.5,110.0
2023-07-12,Aspirin 325mg,5,0.8,4.0
2023-07-12,Vitamin B Complex,6,2.5,15.0
2023-07-13,Oseltamivir 75mg,16,12.0,192.0
2023-07-13,Paracetamol 500mg,71,1.5,106.5
2023-07-13,Vitamin C,49,0.8,39.2
2023-07-13,Cough Syrup,34,3.0,102.0
2023-07-13,Artemether IV,12,15.0,180.0
2023-07-13,Quinine 500mg,27,8.0,216.0
2023-07-13,Ibuprofen 200mg,57,1.0,57.0
2023-07-13,Platelet Support,15,25.0,375.0
2023-07-13,Amoxicillin 250mg,17,4.0,68.0
2023-07-13,Ciprofloxacin 500mg,13,5.5,71.5
2023-07-13,Aspirin 325mg,1,0.8,0.8
2023-07-13,Chloramphenicol,3,6.0,18.0
2023-07-14,Oseltamivir 75mg,10,12.0,120.0
2023-07-14,Paracetamol 500mg,65,1.5,97.5
2023-07-14,Vitamin C,28,0.8,22.400000000000002
2023-07-14,Cough Syrup,31,3.0,93.0
2023-07-14,Artemether IV,15,15.0,225.0
2023-07-14,Quinine 500mg,18,8.0,144.0
2023-07-14,Ibuprofen 200mg,42,1.0,42.0
2023-07-14,Platelet Support,17,25.0,425.0
2023-07-14,Amoxicillin 250mg,4,4.0,16.0
2023-07-14,Ciprofloxacin 500mg,12,5.5,66.0
2023-07-14,Aspirin 325mg,5,0.8,4.0
2023-07-14,Chloramphenicol,2,6.0,12.0
2023-07-14,Vitamin B Complex,2,2.5,5.0
2023-07-15,Oseltamivir 75mg,10,12.0,120.0
2023-07-15,Paracetamol 500mg,73,1.5,109.5
2023-07-15,Vitamin C,37,0.8,29.6
2023-07-15,Cough Syrup,22,3.0,66.0
2023-07-15,Artemether IV,12,15.0,180.0
2023-07-15,Quinine 500mg,12,8.0,96.0
2023-07-15,Ibuprofen 200mg,42,1.0,42.0
2023-07-15,Platelet Support,14,25.0,350.0
2023-07-15,Amoxicillin 250mg,12,4.0,48.0
2023-07-15,Chloramphenicol,6,6.0,36.0
2023-07-15,Ciprofloxacin 500mg,24,5.5,132.0
2023-07-15,Aspirin 325mg,1,0.8,0.8
2023-07-15,Vitamin B Complex,2,2.5,5.0
2023-07-16,Oseltamivir 75mg,12,12.0,144.0
2023-07-16,Paracetamol 500mg,62,1.5,93.0
2023-07-16,Vitamin C,33,0.8,26.400000000000002
2023-07-16,Cough Syrup,24,3.0,72.0
2023-07-16,Artemether IV,18,15.0,270.0
2023-07-16,Quinine 500mg,22,8.0,176.0
2023-07-16,Ibuprofen 200mg,40,1.0,40.0
2023-07-16,Platelet Support,17,25.0,425.0
2023-07-16,Amoxicillin 250mg,15,4.0,60.0
2023-07-16,Chloramphenicol,8,6.0,48.0
2023-07-16,Ciprofloxacin 500mg,15,5.5,82.5
2023-07-16,Aspirin 325mg,1,0.8,0.8
2023-07-16,Vitamin B Complex,3,2.5,7.5
2023-07-17,Oseltamivir 75mg,13,12.0,156.0
2023-07-17,Paracetamol 500mg,53,1.5,79.5
2023-07-17,Vitamin C,32,0.8,25.6
2023-07-17,Cough Syrup,31,3.0,93.0
2023-07-17,Artemether IV,19,15.0,285.0
2023-07-17,Quinine 500mg,19,8.0,152.0
2023-07-17,Ibuprofen 200mg,41,1.0,41.0
2023-07-17,Platelet Support,21,25.0,525.0
2023-07-17,Amoxicillin 250mg,10,4.0,40.0
2023-07-17,Chloramphenicol,11,6.0,66.0
2023-07-17,Ciprofloxacin 500mg,22,5.5,121.0
2023-07-17,Aspirin 325mg,2,0.8,1.6
2023-07-17,Vitamin B Complex,3,2.5,7.5
2023-07-18,Oseltamivir 75mg,12,12.0,144.0
2023-07-18,Paracetamol 500mg,52,1.5,78.0
2023-07-18,Vitamin C,19,0.8,15.200000000000001
2023-07-18,Cough Syrup,19,3.0,57.0
2023-07-18,Artemether IV,14,15.0,210.0
2023-07-18,Quinine 500mg,18,8.0,144.0
2023-07-18,Ibuprofen 200mg,38,1.0,38.0
2023-07-18,Platelet Support,14,25.0,350.0
2023-07-18,Amoxicillin 250mg,22,4.0,88.0
2023-07-18,Chloramphenicol,11,6.0,66.0
2023-07-18,Ciprofloxacin 500mg,13,5.5,71.5
2023-07-18,Aspirin 325mg,8,0.8,6.4
2023-07-18,Vitamin B Complex,3,2.5,7.5
2023-07-19,Artemether IV,18,15.0,270.0
2023-07-19,Paracetamol 500mg,54,1.5,81.0
2023-07-19,Quinine 500mg,15,8.0,120.0
2023-07-19,Ibuprofen 200mg,47,1.0,47.0
2023-07-19,Platelet Support,19,25.0,475.0
2023-07-19,Vitamin C,17,0.8,13.600000000000001
2023-07-19,Amoxicillin 250mg,15,4.0,60.0
2023-07-19,Chloramphenicol,6,6.0,36.0
2023-07-19,Ciprofloxacin 500mg,13,5.5,71.5
2023-07-19,Cough Syrup,24,3.0,72.0
2023-07-19,Aspirin 325mg,4,0.8,3.2
2023-07-19,Oseltamivir 75mg,3,12.0,36.0
2023-07-19,Vitamin B Complex,6,2.5,15.0
2023-07-20,Oseltamivir 75mg,12,12.0,144.0
2023-07-20,Paracetamol 500mg,62,1.5,93.0
2023-07-20,Vitamin C,34,0.8,27.200000000000003
2023-07-20,Cough Syrup,28,3.0,84.0
2023-07-20,Artemether IV,18,15.0,270.0
2023-07-20,Quinine 500mg,16,8.0,128.0
2023-07-20,Ibuprofen 200mg,37,1.0,37.0
2023-07-20,Platelet Support,17,25.0,425.0
2023-07-20,Amoxicillin 250mg,15,4.0,60.0
2023-07-20,Chloramphenicol,5,6.0,30.0
2023-07-20,Ciprofloxacin 500mg,16,5.5,88.0
2023-07-20,Aspirin 325mg,2,0.8,1.6
2023-07-20,Vitamin B Complex,1,2.5,2.5
2023-07-21,Oseltamivir 75mg,9,12.0,108.0
2023-07-21,Paracetamol 500mg,63,1.5,94.5
2023-07-21,Vitamin C,31,0.8,24.8
2023-07-21,Cough Syrup,40,3.0,120.0
2023-07-21,Artemether IV,15,15.0,225.0
2023-07-21,Quinine 500mg,15,8.0,120.0
2023-07-21,Ibuprofen 200mg,35,1.0,35.0
2023-07-21,Platelet Support,20,25.0,500.0
2023-07-21,Amoxicillin 250mg,19,4.0,76.0
2023-07-21,Chloramphenicol,7,6.0,42.0
2023-07-21,Ciprofloxacin 500mg,21,5.5,115.5
2023-07-21,Aspirin 325mg,3,0.8,2.4000000000000004
2023-07-21,Vitamin B Complex,2,2.5,5.0
2023-07-22,Oseltamivir 75mg,14,12.0,168.0
2023-07-22,Paracetamol 500mg,73,1.5,109.5
2023-07-22,Vitamin C,32,0.8,25.6
2023-07-22,Cough Syrup,40,3.0,120.0
2023-07-22,Artemether IV,20,15.0,300.0
2023-07-22,Quinine 500mg,21,8.0,168.0
2023-07-22,Ibuprofen 200mg,48,1.0,48.0
2023-07-22,Platelet Support,22,25.0,550.0
2023-07-22,Amoxicillin 250mg,22,4.0,88.0
2023-07-22,Chloramphenicol,12,6.0,72.0
2023-07-22,Ciprofloxacin 500mg,17,5.5,93.5
2023-07-22,Aspirin 325mg,2,0.8,1.6
2023-07-22,Vitamin B Complex,5,2.5,12.5
2023-07-23,Oseltamivir 75mg,9,12.0,108.0
2023-07-23,Paracetamol 500mg,46,1.5,69.0
2023-07-23,Vitamin C,30,0.8,24.0
2023-07-23,Cough Syrup,31,3.0,93.0
2023-07-23,Artemether IV,17,15.0,255.0
2023-07-23,Quinine 500mg,22,8.0,176.0
2023-07-23,Ibuprofen 200mg,38,1.0,38.0
2023-07-23,Platelet Support,16,25.0,400.0
2023-07-23,Amoxicillin 250mg,14,4.0,56.0
2023-07-23,Chloramphenicol,11,6.0,66.0
2023-07-23,Ciprofloxacin 500mg,21,5.5,115.5
2023-07-23,Aspirin 325mg,2,0.8,1.6
2023-07-23,Vitamin B Complex,5,2.5,12.5
2023-07-24,Oseltamivir 75mg,13,12.0,156.0
2023-07-24,Paracetamol 500mg,58,1.5,87.0
2023-07-24,Vitamin C,21,0.8,16.8
2023-07-24,Cough Syrup,28,3.0,84.0
2023-07-24,Artemether IV,9,15.0,135.0
2023-07-24,Quinine 500mg,21,8.0,168.0
2023-07-24,Ibuprofen 200mg,52,1.0,52.0
2023-07-24,Platelet Support,14,25.0,350.0
2023-07-24,Amoxicillin 250mg,12,4.0,48.0
2023-07-24,Chloramphenicol,10,6.0,60.0
2023-07-24,Ciprofloxacin 500mg,17,5.5,93.5
2023-07-24,Aspirin 325mg,5,0.8,4.0
2023-07-24,Vitamin B Complex,6,2.5,15.0
2023-07-25,Oseltamivir 75mg,13,12.0,156.0
2023-07-25,Paracetamol 500mg,53,1.5,79.5
2023-07-25,Vitamin C,28,0.8,22.400000000000002
2023-07-25,Cough Syrup,34,3.0,102.0
2023-07-25,Artemether IV,13,15.0,195.0
2023-07-25,Quinine 500mg,18,8.0,144.0
2023-07-25,Ibuprofen 200mg,37,1.0,37.0
2023-07-25,Platelet Support,8,25.0,200.0
2023-07-25,Amoxicillin 250mg,21,4.0,84.0
2023-07-25,Chloramphenicol,7,6.0,42.0
2023-07-25,Ciprofloxacin 500mg,15,5.5,82.5
2023-07-25,Aspirin 325mg,6,0.8,4.800000000000001
2023-07-25,Vitamin B Complex,2,2.5,5.0
2023-07-26,Oseltamivir 75mg,5,12.0,60.0
2023-07-26,Paracetamol 500mg,42,1.5,63.0
2023-07-26,Vitamin C,29,0.8,23.200000000000003
2023-07-26,Cough Syrup,21,3.0,63.0
2023-07-26,Artemether IV,21,15.0,315.0
2023-07-26,Quinine 500mg,19,8.0,152.0
2023-07-26,Ibuprofen 200mg,29,1.0,29.0
2023-07-26,Platelet Support,12,25.0,300.0
2023-07-26,Amoxicillin 250mg,10,4.0,40.0
2023-07-26,Ciprofloxacin 500mg,7,5.5,38.5
2023-07-26,Aspirin 325mg,1,0.8,0.8
2023-07-26,Chloramphenicol,3,6.0,18.0
2023-07-26,Vitamin B Complex,7,2.5,17.5
2023-07-27,Oseltamivir 75mg,6,12.0,72.0
2023-07-27,Paracetamol 500mg,52,1.5,78.0
2023-07-27,Vitamin C,29,0.8,23.200000000000003
2023-07-27,Cough Syrup,21,3.0,63.0
2023-07-27,Artemether IV,12,15.0,180.0
2023-07-27,Quinine 500mg,22,8.0,176.0
2023-07-27,Ibuprofen 200mg,31,1.0,31.0
2023-07-27,Platelet Support,15,25.0,375.0
2023-07-27,Amoxicillin 250mg,8,4.0,32.0
2023-07-27,Ciprofloxacin 500mg,6,5.5,33.0
2023-07-27,Aspirin 325mg,4,0.8,3.2
2023-07-27,Chloramphenicol,4,6.0,24.0
2023-07-27,Vitamin B Complex,3,2.5,7.5
2023-07-28,Oseltamivir 75mg,10,12.0,120.0
2023-07-28,Paracetamol 500mg,43,1.5,64.5
2023-07-28,Vitamin C,23,0.8,18.400000000000002
2023-07-28,Cough Syrup,16,3.0,48.0
2023-07-28,Artemether IV,17,15.0,255.0
2023-07-28,Quinine 500mg,16,8.0,128.0
2023-07-28,Ibuprofen 200mg,39,1.0,39.0
2023-07-28,Platelet Support,13,25.0,325.0
2023-07-28,Aspirin 325mg,3,0.8,2.4000000000000004
2023-07-28,Ciprofloxacin 500mg,3,5.5,16.5
2023-07-28,Chloramphenicol,2,6.0,12.0
2023-07-28,Vitamin B Complex,1,2.5,2.5
2023-07-29,Oseltamivir 75mg,9,12.0,108.0
2023-07-29,Paracetamol 500mg,31,1.5,46.5
2023-07-29,Vitamin C,33,0.8,26.400000000000002
2023-07-29,Cough Syrup,11,3.0,33.0
2023-07-29,Artemether IV,16,15.0,240.0
2023-07-29,Quinine 500mg,14,8.0,112.0
2023-07-29,Ibuprofen 200mg,42,1.0,42.0
2023-07-29,Platelet Support,16,25.0,400.0
2023-07-29,Aspirin 325mg,3,0.8,2.4000000000000004
2023-07-29,Amoxicillin 250mg,6,4.0,24.0
2023-07-29,Ciprofloxacin 500mg,2,5.5,11.0
2023-07-29,Chloramphenicol,3,6.0,18.0
2023-07-29,Vitamin B Complex,2,2.5,5.0
2023-07-30,Artemether IV,12,15.0,180.0
2023-07-30,Paracetamol 500mg,38,1.5,57.0
2023-07-30,Quinine 500mg,20,8.0,160.0
2023-07-30,Ibuprofen 200mg,37,1.0,37.0
2023-07-30,Platelet Support,20,25.0,500.0
2023-07-30,Vitamin C,15,0.8,12.0
2023-07-30,Cough Syrup,7,3.0,21.0
2023-07-30,Aspirin 325mg,3,0.8,2.4000000000000004
2023-07-30,Amoxicillin 250mg,2,4.0,8.0
2023-07-30,Ciprofloxacin 500mg,1,5.5,5.5
2023-07-30,Chloramphenicol,1,6.0,6.0
2023-07-30,Oseltamivir 75mg,4,12.0,48.0
2023-07-30,Vitamin B Complex,4,2.5,10.0
2023-07-31,Artemether IV,10,15.0,150.0
2023-07-31,Paracetamol 500mg,28,1.5,42.0
2023-07-31,Quinine 500mg,14,8.0,112.0
2023-07-31,Ibuprofen 200mg,37,1.0,37.0
2023-07-31,Platelet Support,15,25.0,375.0
2023-07-31,Vitamin C,23,0.8,18.400000000000002
2023-07-31,Aspirin 325mg,2,0.8,1.6
2023-07-31,Cough Syrup,4,3.0,12.0
2023-07-31,Amoxicillin 250mg,1,4.0,4.0
2023-07-31,Ciprofloxacin 500mg,3,5.5,16.5
2023-07-31,Chloramphenicol,7,6.0,42.0
2023-07-31,Oseltamivir 75mg,4,12.0,48.0
2023-07-31,Vitamin B Complex,3,2.5,7.5
2023-08-01,Artemether IV,11,15.0,165.0
2023-08-01,Paracetamol 500mg,30,1.5,45.0
2023-08-01,Quinine 500mg,27,8.0,216.0
2023-08-01,Ibuprofen 200mg,27,1.0,27.0
2023-08-01,Platelet Support,9,25.0,225.0
2023-08-01,Vitamin C,17,0.8,13.600000000000001
2023-08-01,Aspirin 325mg,2,0.8,1.6
2023-08-01,Cough Syrup,4,3.0,12.0
2023-08-01,Amoxicillin 250mg,2,4.0,8.0
2023-08-01,Ciprofloxacin 500mg,4,5.5,22.0
2023-08-01,Chloramphenicol,4,6.0,24.0
2023-08-01,Oseltamivir 75mg,4,12.0,48.0
2023-08-01,Vitamin B Complex,6,2.5,15.0
2023-08-02,Artemether IV,17,15.0,255.0
2023-08-02,Paracetamol 500mg,48,1.5,72.0
2023-08-02,Quinine 500mg,12,8.0,96.0
2023-08-02,Ibuprofen 200mg,41,1.0,41.0
2023-08-02,Platelet Support,19,25.0,475.0
2023-08-02,Vitamin C,25,0.8,20.0
2023-08-02,Cough Syrup,5,3.0,15.0
2023-08-02,Aspirin 325mg,5,0.8,4.0
2023-08-02,Amoxicillin 250mg,2,4.0,8.0
2023-08-02,Ciprofloxacin 500mg,2,5.5,11.0
2023-08-02,Chloramphenicol,4,6.0,24.0
2023-08-02,Oseltamivir 75mg,1,12.0,12.0
2023-08-02,Vitamin B Complex,3,2.5,7.5
2023-08-03,Artemether IV,20,15.0,300.0
2023-08-03,Paracetamol 500mg,34,1.5,51.0
2023-08-03,Quinine 500mg,14,8.0,112.0
2023-08-03,Ibuprofen 200mg,40,1.0,40.0
2023-08-03,Platelet Support,24,25.0,600.0
2023-08-03,Vitamin C,32,0.8,25.6
2023-08-03,Cough Syrup,4,3.0,12.0
2023-08-03,Aspirin 325mg,7,0.8,5.6000000000000005
2023-08-03,Amoxicillin 250mg,1,4.0,4.0
2023-08-03,Ciprofloxacin 500mg,5,5.5,27.5
2023-08-03,Chloramphenicol,5,6.0,30.0
2023-08-03,Oseltamivir 75mg,2,12.0,24.0
2023-08-03,Vitamin B Complex,4,2.5,10.0
2023-08-04,Artemether IV,19,15.0,285.0
2023-08-04,Paracetamol 500mg,47,1.5,70.5
2023-08-04,Quinine 500mg,15,8.0,120.0
2023-08-04,Ibuprofen 200mg,40,1.0,40.0
2023-08-04,Platelet Support,8,25.0,200.0
2023-08-04,Vitamin C,21,0.8,16.8
2023-08-04,Amoxicillin 250mg,10,4.0,40.0
2023-08-04,Cough Syrup,15,3.0,45.0
2023-08-04,Ciprofloxacin 500mg,14,5.5,77.0
2023-08-04,Aspirin 325mg,2,0.8,1.6
2023-08-04,Chloramphenicol,3,6.0,18.0
2023-08-04,Oseltamivir 75mg,2,12.0,24.0
2023-08-04,Vitamin B Complex,1,2.5,2.5
2023-08-05,Artemether IV,11,15.0,165.0
2023-08-05,Paracetamol 500mg,46,1.5,69.0
2023-08-05,Quinine 500mg,19,8.0,152.0
2023-08-05,Ibuprofen 200mg,32,1.0,32.0
2023-08-05,Platelet Support,22,25.0,550.0
2023-08-05,Vitamin C,21,0.8,16.8
2023-08-05,Amoxicillin 250mg,6,4.0,24.0
2023-08-05,Cough Syrup,16,3.0,48.0
2023-08-05,Ciprofloxacin 500mg,9,5.5,49.5
2023-08-05,Aspirin 325mg,4,0.8,3.2
2023-08-05,Chloramphenicol,4,6.0,24.0
2023-08-05,Oseltamivir 75mg,4,12.0,48.0
2023-08-05,Vitamin B Complex,2,2.5,5.0
2023-08-06,Artemether IV,20,15.0,300.0
2023-08-06,Paracetamol 500mg,46,1.5,69.0
2023-08-06,Quinine 500mg,21,8.0,168.0
2023-08-06,Ibuprofen 200mg,38,1.0,38.0
2023-08-06,Platelet Support,12,25.0,300.0
2023-08-06,Vitamin C,24,0.8,19.200000000000003
2023-08-06,Amoxicillin 250mg,7,4.0,28.0
2023-08-06,Cough Syrup,16,3.0,48.0
2023-08-06,Ciprofloxacin 500mg,8,5.5,44.0
2023-08-06,Aspirin 325mg,4,0.8,3.2
2023-08-06,Chloramphenicol,2,6.0,12.0
2023-08-06,Oseltamivir 75mg,4,12.0,48.0
2023-08-06,Vitamin B Complex,2,2.5,5.0
2023-08-07,Oseltamivir 75mg,13,12.0,156.0
2023-08-07,Paracetamol 500mg,39,1.5,58.5
2023-08-07,Vitamin C,23,0.8,18.400000000000002
2023-08-07,Cough Syrup,21,3.0,63.0
2023-08-07,Artemether IV,21,15.0,315.0
2023-08-07,Quinine 500mg,14,8.0,112.0
2023-08-07,Ibuprofen 200mg,30,1.0,30.0
2023-08-07,Platelet Support,11,25.0,275.0
2023-08-07,Amoxicillin 250mg,12,4.0,48.0
2023-08-07,Ciprofloxacin 500mg,10,5.5,55.0
2023-08-07,Aspirin 325mg,4,0.8,3.2
2023-08-07,Chloramphenicol,3,6.0,18.0
2023-08-07,Vitamin B Complex,3,2.5,7.5
2023-08-08,Oseltamivir 75mg,11,12.0,132.0
2023-08-08,Paracetamol 500mg,36,1.5,54.0
2023-08-08,Vitamin C,24,0.8,19.200000000000003
2023-08-08,Cough Syrup,25,3.0,75.0
2023-08-08,Artemether IV,25,15.0,375.0
2023-08-08,Quinine 500mg,13,8.0,104.0
2023-08-08,Ibuprofen 200mg,25,1.0,25.0
2023-08-08,Platelet Support,7,25.0,175.0
2023-08-08,Amoxicillin 250mg,8,4.0,32.0
2023-08-08,Ciprofloxacin 500mg,12,5.5,66.0
2023-08-08,Aspirin 325mg,7,0.8,5.6000000000000005
2023-08-08,Chloramphenicol,1,6.0,6.0
2023-08-08,Vitamin B Complex,6,2.5,15.0
2023-08-09,Oseltamivir 75mg,8,12.0,96.0
2023-08-09,Paracetamol 500mg,29,1.5,43.5
2023-08-09,Vitamin C,16,0.8,12.8
2023-08-09,Cough Syrup,11,3.0,33.0
2023-08-09,Artemether IV,12,15.0,180.0
2023-08-09,Quinine 500mg,13,8.0,104.0
2023-08-09,Ibuprofen 200mg,32,1.0,32.0
2023-08-09,Platelet Support,5,25.0,125.0
2023-08-09,Aspirin 325mg,2,0.8,1.6
2023-08-09,Amoxicillin 250mg,2,4.0,8.0
2023-08-09,Ciprofloxacin 500mg,6,5.5,33.0
2023-08-09,Vitamin B Complex,7,2.5,17.5
2023-08-10,Oseltamivir 75mg,9,12.0,108.0
2023-08-10,Paracetamol 500mg,35,1.5,52.5
2023-08-10,Vitamin C,17,0.8,13.600000000000001
2023-08-10,Cough Syrup,6,3.0,18.0
2023-08-10,Artemether IV,7,15.0,105.0
2023-08-10,Quinine 500mg,13,8.0,104.0
2023-08-10,Ibuprofen 200mg,34,1.0,34.0
2023-08-10,Platelet Support,16,25.0,400.0
2023-08-10,Aspirin 325mg,4,0.8,3.2
2023-08-10,Amoxicillin 250mg,1,4.0,4.0
2023-08-10,Ciprofloxacin 500mg,5,5.5,27.5
2023-08-10,Chloramphenicol,1,6.0,6.0
2023-08-10,Vitamin B Complex,3,2.5,7.5
2023-08-11,Oseltamivir 75mg,8,12.0,96.0
2023-08-11,Paracetamol 500mg,37,1.5,55.5
2023-08-11,Vitamin C,19,0.8,15.200000000000001
2023-08-11,Cough Syrup,12,3.0,36.0
2023-08-11,Artemether IV,14,15.0,210.0
2023-08-11,Quinine 500mg,19,8.0,152.0
2023-08-11,Ibuprofen 200mg,33,1.0,33.0
2023-08-11,Platelet Support,13,25.0,325.0
2023-08-11,Aspirin 325mg,4,0.8,3.2
2023-08-11,Amoxicillin 250mg,2,4.0,8.0
2023-08-11,Ciprofloxacin 500mg,2,5.5,11.0
2023-08-11,Chloramphenicol,2,6.0,12.0
2023-08-11,Vitamin B Complex,4,2.5,10.0
2023-08-12,Oseltamivir 75mg,7,12.0,84.0
2023-08-12,Paracetamol 500mg,38,1.5,57.0
2023-08-12,Vitamin C,26,0.8,20.8
2023-08-12,Cough Syrup,7,3.0,21.0
2023-08-12,Artemether IV,14,15.0,210.0
2023-08-12,Quinine 500mg,18,8.0,144.0
2023-08-12,Ibuprofen 200mg,28,1.0,28.0
2023-08-12,Platelet Support,7,25.0,175.0
2023-08-12,Aspirin 325mg,4,0.8,3.2
2023-08-12,Amoxicillin 250mg,2,4.0,8.0
2023-08-12,Ciprofloxacin 500mg,4,5.5,22.0
2023-08-12,Chloramphenicol,2,6.0,12.0
2023-08-12,Vitamin B Complex,3,2.5,7.5
2023-08-13,Oseltamivir 75mg,10,12.0,120.0
2023-08-13,Paracetamol 500mg,33,1.5,49.5
2023-08-13,Vitamin C,24,0.8,19.200000000000003
2023-08-13,Cough Syrup,7,3.0,21.0
2023-08-13,Artemether IV,11,15.0,165.0
2023-08-13,Quinine 500mg,16,8.0,128.0
2023-08-13,Ibuprofen 200mg,25,1.0,25.0
2023-08-13,Platelet Support,15,25.0,375.0
2023-08-13,Aspirin 325mg,5,0.8,4.0
2023-08-13,Amoxicillin 250mg,3,4.0,12.0
2023-08-13,Ciprofloxacin 500mg,2,5.5,11.0
2023-08-13,Chloramphenicol,4,6.0,24.0
2023-08-13,Vitamin B Complex,1,2.5,2.5
2023-08-14,Artemether IV,22,15.0,330.0
2023-08-14,Paracetamol 500mg,39,1.5,58.5
2023-08-14,Quinine 500mg,11,8.0,88.0
2023-08-14,Ibuprofen 200mg,37,1.0,37.0
2023-08-14,Platelet Support,10,25.0,250.0
2023-08-14,Vitamin C,27,0.8,21.6
2023-08-14,Amoxicillin 250mg,7,4.0,28.0
2023-08-14,Chloramphenicol,15,6.0,90.0
2023-08-14,Ciprofloxacin 500mg,7,5.5,38.5
2023-08-14,Cough Syrup,11,3.0,33.0
2023-08-14,Aspirin 325mg,3,0.8,2.4000000000000004
2023-08-14,Oseltamivir 75mg,4,12.0,48.0
2023-08-14,Vitamin B Complex,4,2.5,10.0
2023-08-15,Artemether IV,15,15.0,225.0
2023-08-15,Paracetamol 500mg,33,1.5,49.5
2023-08-15,Quinine 500mg,21,8.0,168.0
2023-08-15,Ibuprofen 200mg,31,1.0,31.0
2023-08-15,Platelet Support,17,25.0,425.0
2023-08-15,Vitamin C,14,0.8,11.200000000000001
2023-08-15,Amoxicillin 250mg,8,4.0,32.0
2023-08-15,Chloramphenicol,4,6.0,24.0
2023-08-15,Ciprofloxacin 500mg,7,5.5,38.5
2023-08-15,Aspirin 325mg,3,0.8,2.4000000000000004
2023-08-15,Cough Syrup,3,3.0,9.0
2023-08-15,Oseltamivir 75mg,3,12.0,36.0
2023-08-15,Vitamin B Complex,1,2.5,2.5
2023-08-16,Artemether IV,19,15.0,285.0
2023-08-16,Paracetamol 500mg,33,1.5,49.5
2023-08-16,Quinine 500mg,15,8.0,120.0
2023-08-16,Ibuprofen 200mg,30,1.0,30.0
2023-08-16,Platelet Support,11,25.0,275.0
2023-08-16,Vitamin C,12,0.8,9.600000000000001
2023-08-16,Amoxicillin 250mg,9,4.0,36.0
2023-08-16,Chloramphenicol,12,6.0,72.0
2023-08-16,Ciprofloxacin 500mg,9,5.5,49.5
2023-08-16,Aspirin 325mg,1,0.8,0.8
2023-08-16,Cough Syrup,3,3.0,9.0
2023-08-16,Oseltamivir 75mg,4,12.0,48.0
2023-08-16,Vitamin B Complex,1,2.5,2.5
2023-08-17,Artemether IV,19,15.0,285.0
2023-08-17,Paracetamol 500mg,29,1.5,43.5
2023-08-17,Quinine 500mg,15,8.0,120.0
2023-08-17,Ibuprofen 200mg,23,1.0,23.0
2023-08-17,Platelet Support,16,25.0,400.0
2023-08-17,Vitamin C,11,0.8,8.8
2023-08-17,Amoxicillin 250mg,10,4.0,40.0
2023-08-17,Chloramphenicol,15,6.0,90.0
2023-08-17,Ciprofloxacin 500mg,14,5.5,77.0
2023-08-17,Aspirin 325mg,8,0.8,6.4
2023-08-17,Cough Syrup,1,3.0,3.0
2023-08-17,Vitamin B Complex,1,2.5,2.5
2023-08-18,Artemether IV,13,15.0,195.0
2023-08-18,Paracetamol 500mg,44,1.5,66.0
2023-08-18,Quinine 500mg,15,8.0,120.0
2023-08-18,Ibuprofen 200mg,32,1.0,32.0
2023-08-18,Platelet Support,11,25.0,275.0
2023-08-18,Vitamin C,25,0.8,20.0
2023-08-18,Amoxicillin 250mg,13,4.0,52.0
2023-08-18,Chloramphenicol,9,6.0,54.0
2023-08-18,Ciprofloxacin 500mg,9,5.5,49.5
2023-08-18,Cough Syrup,10,3.0,30.0
2023-08-18,Aspirin 325mg,2,0.8,1.6
2023-08-18,Vitamin B Complex,4,2.5,10.0
2023-08-19,Oseltamivir 75mg,4,12.0,48.0
2023-08-19,Paracetamol 500mg,61,1.5,91.5
2023-08-19,Cough Syrup,14,3.0,42.0
2023-08-19,Ibuprofen 200mg,35,1.0,35.0
2023-08-19,Artemether IV,15,15.0,225.0
2023-08-19,Quinine 500mg,21,8.0,168.0
2023-08-19,Platelet Support,15,25.0,375.0
2023-08-19,Vitamin C,27,0.8,21.6
2023-08-19,Amoxicillin 250mg,16,4.0,64.0
2023-08-19,Chloramphenicol,14,6.0,84.0
2023-08-19,Ciprofloxacin 500mg,13,5.5,71.5
2023-08-19,Aspirin 325mg,4,0.8,3.2
2023-08-19,Vitamin B Complex,1,2.5,2.5
2023-08-20,Oseltamivir 75mg,6,12.0,72.0
2023-08-20,Paracetamol 500mg,48,1.5,72.0
2023-08-20,Cough Syrup,17,3.0,51.0
2023-08-20,Ibuprofen 200mg,31,1.0,31.0
2023-08-20,Artemether IV,16,15.0,240.0
2023-08-20,Quinine 500mg,14,8.0,112.0
2023-08-20,Platelet Support,16,25.0,400.0
2023-08-20,Vitamin C,20,0.8,16.0
2023-08-20,Amoxicillin 250mg,8,4.0,32.0
2023-08-20,Chloramphenicol,10,6.0,60.0
2023-08-20,Ciprofloxacin 500mg,9,5.5,49.5
2023-08-20,Aspirin 325mg,2,0.8,1.6
2023-08-20,Vitamin B Complex,4,2.5,10.0
2023-08-21,Oseltamivir 75mg,11,12.0,132.0
2023-08-21,Paracetamol 500mg,48,1.5,72.0
2023-08-21,Cough Syrup,21,3.0,63.0
2023-08-21,Ibuprofen 200mg,39,1.0,39.0
2023-08-21,Artemether IV,17,15.0,255.0
2023-08-21,Quinine 500mg,14,8.0,112.0
2023-08-21,Platelet Support,15,25.0,375.0
2023-08-21,Vitamin C,35,0.8,28.0
2023-08-21,Amoxicillin 250mg,10,4.0,40.0
2023-08-21,Chloramphenicol,5,6.0,30.0
2023-08-21,Ciprofloxacin 500mg,18,5.5,99.0
2023-08-21,Aspirin 325mg,4,0.8,3.2
2023-08-21,Vitamin B Complex,1,2.5,2.5
2023-08-22,Oseltamivir 75mg,6,12.0,72.0
2023-08-22,Paracetamol 500mg,51,1.5,76.5
2023-08-22,Cough Syrup,29,3.0,87.0
2023-08-22,Ibuprofen 200mg,44,1.0,44.0
2023-08-22,Artemether IV,19,15.0,285.0
2023-08-22,Quinine 500mg,16,8.0,128.0
2023-08-22,Platelet Support,16,25.0,400.0
2023-08-22,Vitamin C,26,0.8,20.8
2023-08-22,Amoxicillin 250mg,18,4.0,72.0
2023-08-22,Chloramphenicol,8,6.0,48.0
2023-08-22,Ciprofloxacin 500mg,10,5.5,55.0
2023-08-22,Aspirin 325mg,2,0.8,1.6
2023-08-22,Vitamin B Complex,3,2.5,7.5
2023-08-23,Oseltamivir 75mg,5,12.0,60.0
2023-08-23,Paracetamol 500mg,39,1.5,58.5
2023-08-23,Cough Syrup,21,3.0,63.0
2023-08-23,Ibuprofen 200mg,35,1.0,35.0
2023-08-23,Artemether IV,13,15.0,195.0
2023-08-23,Quinine 500mg,9,8.0,72.0
2023-08-23,Platelet Support,17,25.0,425.0
2023-08-23,Vitamin C,20,0.8,16.0
2023-08-23,Amoxicillin 250mg,13,4.0,52.0
2023-08-23,Ciprofloxacin 500mg,9,5.5,49.5
2023-08-23,Aspirin 325mg,4,0.8,3.2
2023-08-23,Chloramphenicol,6,6.0,36.0
2023-08-23,Vitamin B Complex,3,2.5,7.5
2023-08-24,Oseltamivir 75mg,2,12.0,24.0
2023-08-24,Paracetamol 500mg,27,1.5,40.5
2023-08-24,Cough Syrup,9,3.0,27.0
2023-08-24,Ibuprofen 200mg,36,1.0,36.0
2023-08-24,Artemether IV,14,15.0,210.0
2023-08-24,Quinine 500mg,11,8.0,88.0
2023-08-24,Platelet Support,16,25.0,400.0
2023-08-24,Vitamin C,7,0.8,5.6000000000000005
2023-08-24,Aspirin 325mg,3,0.8,2.4000000000000004
2023-08-24,Amoxicillin 250mg,1,4.0,4.0
2023-08-24,Chloramphenicol,2,6.0,12.0
2023-08-24,Vitamin B Complex,2,2.5,5.0
2023-08-25,Artemether IV,11,15.0,165.0
2023-08-25,Paracetamol 500mg,39,1.5,58.5
2023-08-25,Quinine 500mg,12,8.0,96.0
2023-08-25,Ibuprofen 200mg,33,1.0,33.0
2023-08-25,Platelet Support,6,25.0,150.0
2023-08-25,Vitamin C,15,0.8,12.0
2023-08-25,Amoxicillin 250mg,10,4.0,40.0
2023-08-25,Chloramphenicol,3,6.0,18.0
2023-08-25,Ciprofloxacin 500mg,8,5.5,44.0
2023-08-25,Cough Syrup,6,3.0,18.0
2023-08-25,Oseltamivir 75mg,2,12.0,24.0
2023-08-25,Vitamin B Complex,4,2.5,10.0
2023-08-26,Artemether IV,16,15.0,240.0
2023-08-26,Paracetamol 500mg,33,1.5,49.5
2023-08-26,Quinine 500mg,11,8.0,88.0
2023-08-26,Ibuprofen 200mg,33,1.0,33.0
2023-08-26,Platelet Support,13,25.0,325.0
2023-08-26,Vitamin C,24,0.8,19.200000000000003
2023-08-26,Amoxicillin 250mg,9,4.0,36.0
2023-08-26,Chloramphenicol,12,6.0,72.0
2023-08-26,Ciprofloxacin 500mg,10,5.5,55.0
2023-08-26,Cough Syrup,3,3.0,9.0
2023-08-26,Aspirin 325mg,4,0.8,3.2
2023-08-26,Vitamin B Complex,1,2.5,2.5
2023-08-27,Artemether IV,10,15.0,150.0
2023-08-27,Paracetamol 500mg,34,1.5,51.0
2023-08-27,Quinine 500mg,18,8.0,144.0
2023-08-27,Ibuprofen 200mg,39,1.0,39.0
2023-08-27,Platelet Support,16,25.0,400.0
2023-08-27,Vitamin C,21,0.8,16.8
2023-08-27,Amoxicillin 250mg,13,4.0,52.0
2023-08-27,Chloramphenicol,11,6.0,66.0
2023-08-27,Ciprofloxacin 500mg,9,5.5,49.5
2023-08-27,Cough Syrup,4,3.0,12.0
2023-08-27,Aspirin 325mg,3,0.8,2.4000000000000004
2023-08-27,Oseltamivir 75mg,6,12.0,72.0
2023-08-27,Vitamin B Complex,2,2.5,5.0
2023-08-28,Oseltamivir 75mg,13,12.0,156.0
2023-08-28,Paracetamol 500mg,48,1.5,72.0
2023-08-28,Cough Syrup,17,3.0,51.0
2023-08-28,Ibuprofen 200mg,36,1.0,36.0
2023-08-28,Artemether IV,15,15.0,225.0
2023-08-28,Quinine 500mg,13,8.0,104.0
2023-08-28,Platelet Support,14,25.0,350.0
2023-08-28,Vitamin C,23,0.8,18.400000000000002
2023-08-28,Amoxicillin 250mg,12,4.0,48.0
2023-08-28,Chloramphenicol,9,6.0,54.0
2023-08-28,Ciprofloxacin 500mg,10,5.5,55.0
2023-08-28,Aspirin 325mg,2,0.8,1.6
2023-08-28,Vitamin B Complex,4,2.5,10.0
2023-08-29,Oseltamivir 75mg,12,12.0,144.0
2023-08-29,Paracetamol 500mg,32,1.5,48.0
2023-08-29,Cough Syrup,14,3.0,42.0
2023-08-29,Ibuprofen 200mg,46,1.0,46.0
2023-08-29,Artemether IV,9,15.0,135.0
2023-08-29,Quinine 500mg,10,8.0,80.0
2023-08-29,Platelet Support,15,25.0,375.0
2023-08-29,Vitamin C,21,0.8,16.8
2023-08-29,Amoxicillin 250mg,9,4.0,36.0
2023-08-29,Chloramphenicol,6,6.0,36.0
2023-08-29,Ciprofloxacin 500mg,9,5.5,49.5
2023-08-29,Aspirin 325mg,2,0.8,1.6
2023-08-29,Vitamin B Complex,3,2.5,7.5
2023-08-30,Oseltamivir 75mg,5,12.0,60.0
2023-08-30,Paracetamol 500mg,46,1.5,69.0
2023-08-30,Cough Syrup,10,3.0,30.0
2023-08-30,Ibuprofen 200mg,29,1.0,29.0
2023-08-30,Artemether IV,14,15.0,210.0
2023-08-30,Quinine 500mg,11,8.0,88.0
2023-08-30,Platelet Support,18,25.0,450.0
2023-08-30,Vitamin C,15,0.8,12.0
2023-08-30,Amoxicillin 250mg,9,4.0,36.0
2023-08-30,Chloramphenicol,10,6.0,60.0
2023-08-30,Ciprofloxacin 500mg,14,5.5,77.0
2023-08-30,Aspirin 325mg,3,0.8,2.4000000000000004
2023-08-30,Vitamin B Complex,3,2.5,7.5
2023-08-31,Oseltamivir 75mg,15,12.0,180.0
2023-08-31,Paracetamol 500mg,43,1.5,64.5
2023-08-31,Cough Syrup,12,3.0,36.0
2023-08-31,Ibuprofen 200mg,31,1.0,31.0
2023-08-31,Artemether IV,5,15.0,75.0
2023-08-31,Quinine 500mg,11,8.0,88.0
2023-08-31,Platelet Support,13,25.0,325.0
2023-08-31,Vitamin C,16,0.8,12.8
2023-08-31,Amoxicillin 250mg,5,4.0,20.0
2023-08-31,Chloramphenicol,7,6.0,42.0
2023-08-31,Ciprofloxacin 500mg,12,5.5,66.0
2023-08-31,Aspirin 325mg,3,0.8,2.4000000000000004
2023-08-31,Vitamin B Complex,3,2.5,7.5
2023-09-01,Oseltamivir 75mg,5,12.0,60.0
2023-09-01,Paracetamol 500mg,39,1.5,58.5
2023-09-01,Cough Syrup,14,3.0,42.0
2023-09-01,Ibuprofen 200mg,23,1.0,23.0
2023-09-01,Artemether IV,9,15.0,135.0
2023-09-01,Quinine 500mg,10,8.0,80.0
2023-09-01,Platelet Support,15,25.0,375.0
2023-09-01,Vitamin C,23,0.8,18.400000000000002
2023-09-01,Amoxicillin 250mg,12,4.0,48.0
2023-09-01,Chloramphenicol,14,6.0,84.0
2023-09-01,Ciprofloxacin 500mg,8,5.5,44.0
2023-09-01,Aspirin 325mg,5,0.8,4.0
2023-09-01,Vitamin B Complex,2,2.5,5.0
2023-09-02,Oseltamivir 75mg,7,12.0,84.0
2023-09-02,Paracetamol 500mg,42,1.5,63.0
2023-09-02,Cough Syrup,13,3.0,39.0
2023-09-02,Ibuprofen 200mg,39,1.0,39.0
2023-09-02,Artemether IV,9,15.0,135.0
2023-09-02,Quinine 500mg,9,8.0,72.0
2023-09-02,Platelet Support,6,25.0,150.0
2023-09-02,Vitamin C,23,0.8,18.400000000000002
2023-09-02,Amoxicillin 250mg,4,4.0,16.0
2023-09-02,Chloramphenicol,5,6.0,30.0
2023-09-02,Ciprofloxacin 500mg,9,5.5,49.5
2023-09-02,Aspirin 325mg,2,0.8,1.6
2023-09-02,Vitamin B Complex,4,2.5,10.0
2023-09-03,Oseltamivir 75mg,14,12.0,168.0
2023-09-03,Paracetamol 500mg,37,1.5,55.5
2023-09-03,Cough Syrup,15,3.0,45.0
2023-09-03,Ibuprofen 200mg,35,1.0,35.0
2023-09-03,Artemether IV,10,15.0,150.0
2023-09-03,Quinine 500mg,11,8.0,88.0
2023-09-03,Platelet Support,25,25.0,625.0
2023-09-03,Vitamin C,20,0.8,16.0
2023-09-03,Aspirin 325mg,2,0.8,1.6
2023-09-03,Amoxicillin 250mg,5,4.0,20.0
2023-09-03,Ciprofloxacin 500mg,1,5.5,5.5
2023-09-03,Chloramphenicol,5,6.0,30.0
2023-09-03,Vitamin B Complex,7,2.5,17.5
2023-09-04,Oseltamivir 75mg,9,12.0,108.0
2023-09-04,Paracetamol 500mg,45,1.5,67.5
2023-09-04,Cough Syrup,28,3.0,84.0
2023-09-04,Ibuprofen 200mg,32,1.0,32.0
2023-09-04,Platelet Support,19,25.0,475.0
2023-09-04,Vitamin C,28,0.8,22.400000000000002
2023-09-04,Aspirin 325mg,2,0.8,1.6
2023-09-04,Amoxicillin 250mg,1,4.0,4.0
2023-09-04,Ciprofloxacin 500mg,2,5.5,11.0
2023-09-04,Chloramphenicol,4,6.0,24.0
2023-09-04,Vitamin B Complex,5,2.5,12.5
2023-09-04,Artemether IV,3,15.0,45.0
2023-09-04,Quinine 500mg,3,8.0,24.0
2023-09-05,Oseltamivir 75mg,9,12.0,108.0
2023-09-05,Paracetamol 500mg,42,1.5,63.0
2023-09-05,Cough Syrup,16,3.0,48.0
2023-09-05,Ibuprofen 200mg,50,1.0,50.0
2023-09-05,Artemether IV,10,15.0,150.0
2023-09-05,Quinine 500mg,10,8.0,80.0
2023-09-05,Platelet Support,8,25.0,200.0
2023-09-05,Vitamin C,23,0.8,18.400000000000002
2023-09-05,Aspirin 325mg,8,0.8,6.4
2023-09-05,Amoxicillin 250mg,3,4.0,12.0
2023-09-05,Ciprofloxacin 500mg,5,5.5,27.5
2023-09-05,Chloramphenicol,4,6.0,24.0
2023-09-05,Vitamin B Complex,1,2.5,2.5
2023-09-06,Oseltamivir 75mg,17,12.0,204.0
2023-09-06,Paracetamol 500mg,32,1.5,48.0
2023-09-06,Cough Syrup,23,3.0,69.0
2023-09-06,Ibuprofen 200mg,34,1.0,34.0
2023-09-06,Artemether IV,10,15.0,150.0
2023-09-06,Quinine 500mg,15,8.0,120.0
2023-09-06,Platelet Support,15,25.0,375.0
2023-09-06,Vitamin C,17,0.8,13.600000000000001
2023-09-06,Aspirin 325mg,3,0.8,2.4000000000000004
2023-09-06,Ciprofloxacin 500mg,2,5.5,11.0
2023-09-06,Chloramphenicol,1,6.0,6.0
2023-09-06,Vitamin B Complex,3,2.5,7.5
2023-09-07,Oseltamivir 75mg,15,12.0,180.0
2023-09-07,Paracetamol 500mg,35,1.5,52.5
2023-09-07,Cough Syrup,22,3.0,66.0
2023-09-07,Ibuprofen 200mg,42,1.0,42.0
2023-09-07,Artemether IV,12,15.0,180.0
2023-09-07,Quinine 500mg,7,8.0,56.0
2023-09-07,Platelet Support,15,25.0,375.0
2023-09-07,Vitamin C,18,0.8,14.4
2023-09-07,Aspirin 325mg,4,0.8,3.2
2023-09-07,Amoxicillin 250mg,3,4.0,12.0
2023-09-07,Ciprofloxacin 500mg,1,5.5,5.5
2023-09-07,Chloramphenicol,2,6.0,12.0
2023-09-07,Vitamin B Complex,3,2.5,7.5
2023-09-08,Oseltamivir 75mg,20,12.0,240.0
2023-09-08,Paracetamol 500mg,51,1.5,76.5
2023-09-08,Cough Syrup,29,3.0,87.0
2023-09-08,Ibuprofen 200mg,51,1.0,51.0
2023-09-08,Artemether IV,14,15.0,210.0
2023-09-08,Quinine 500mg,12,8.0,96.0
2023-09-08,Platelet Support,7,25.0,175.0
2023-09-08,Vitamin C,19,0.8,15.200000000000001
2023-09-08,Aspirin 325mg,5,0.8,4.0
2023-09-08,Amoxicillin 250mg,2,4.0,8.0
2023-09-08,Ciprofloxacin 500mg,2,5.5,11.0
2023-09-08,Chloramphenicol,2,6.0,12.0
2023-09-08,Vitamin B Complex,4,2.5,10.0
2023-09-09,Oseltamivir 75mg,11,12.0,132.0
2023-09-09,Paracetamol 500mg,54,1.5,81.0
2023-09-09,Cough Syrup,34,3.0,102.0
2023-09-09,Ibuprofen 200mg,46,1.0,46.0
2023-09-09,Artemether IV,19,15.0,285.0
2023-09-09,Quinine 500mg,5,8.0,40.0
2023-09-09,Platelet Support,3,25.0,75.0
2023-09-09,Vitamin C,30,0.8,24.0
2023-09-09,Aspirin 325mg,4,0.8,3.2
2023-09-09,Amoxicillin 250mg,3,4.0,12.0
2023-09-09,Ciprofloxacin 500mg,4,5.5,22.0
2023-09-09,Chloramphenicol,3,6.0,18.0
2023-09-09,Vitamin B Complex,5,2.5,12.5
2023-09-10,Oseltamivir 75mg,18,12.0,216.0
2023-09-10,Paracetamol 500mg,53,1.5,79.5
2023-09-10,Cough Syrup,27,3.0,81.0
2023-09-10,Ibuprofen 200mg,45,1.0,45.0
2023-09-10,Artemether IV,5,15.0,75.0
2023-09-10,Quinine 500mg,14,8.0,112.0
2023-09-10,Platelet Support,15,25.0,375.0
2023-09-10,Vitamin C,21,0.8,16.8
2023-09-10,Aspirin 325mg,1,0.8,0.8
2023-09-10,Amoxicillin 250mg,1,4.0,4.0
2023-09-10,Ciprofloxacin 500mg,5,5.5,27.5
2023-09-10,Chloramphenicol,3,6.0,18.0
2023-09-10,Vitamin B Complex,3,2.5,7.5
2023-09-11,Oseltamivir 75mg,16,12.0,192.0
2023-09-11,Paracetamol 500mg,31,1.5,46.5
2023-09-11,Cough Syrup,34,3.0,102.0
2023-09-11,Ibuprofen 200mg,35,1.0,35.0
2023-09-11,Artemether IV,19,15.0,285.0
2023-09-11,Quinine 500mg,17,8.0,136.0
2023-09-11,Platelet Support,9,25.0,225.0
2023-09-11,Vitamin C,23,0.8,18.400000000000002
2023-09-11,Aspirin 325mg,4,0.8,3.2
2023-09-11,Ciprofloxacin 500mg,2,5.5,11.0
2023-09-11,Chloramphenicol,2,6.0,12.0
2023-09-11,Vitamin B Complex,3,2.5,7.5
2023-09-12,Oseltamivir 75mg,16,12.0,192.0
2023-09-12,Paracetamol 500mg,43,1.5,64.5
2023-09-12,Cough Syrup,28,3.0,84.0
2023-09-12,Ibuprofen 200mg,54,1.0,54.0
2023-09-12,Artemether IV,11,15.0,165.0
2023-09-12,Quinine 500mg,18,8.0,144.0
2023-09-12,Platelet Support,9,25.0,225.0
2023-09-12,Vitamin C,31,0.8,24.8
2023-09-12,Aspirin 325mg,3,0.8,2.4000000000000004
2023-09-12,Amoxicillin 250mg,1,4.0,4.0
2023-09-12,Ciprofloxacin 500mg,2,5.5,11.0
2023-09-12,Chloramphenicol,3,6.0,18.0
2023-09-12,Vitamin B Complex,4,2.5,10.0
2023-09-13,Oseltamivir 75mg,16,12.0,192.0
2023-09-13,Paracetamol 500mg,38,1.5,57.0
2023-09-13,Cough Syrup,34,3.0,102.0
2023-09-13,Ibuprofen 200mg,40,1.0,40.0
2023-09-13,Artemether IV,8,15.0,120.0
2023-09-13,Quinine 500mg,11,8.0,88.0
2023-09-13,Vitamin C,20,0.8,16.0
2023-09-13,Aspirin 325mg,4,0.8,3.2
2023-09-13,Amoxicillin 250mg,3,4.0,12.0
2023-09-13,Ciprofloxacin 500mg,2,5.5,11.0
2023-09-13,Chloramphenicol,3,6.0,18.0
2023-09-13,Vitamin B Complex,2,2.5,5.0
2023-09-13,Platelet Support,3,25.0,75.0
2023-09-14,Oseltamivir 75mg,9,12.0,108.0
2023-09-14,Paracetamol 500mg,38,1.5,57.0
2023-09-14,Cough Syrup,22,3.0,66.0
2023-09-14,Ibuprofen 200mg,52,1.0,52.0
2023-09-14,Artemether IV,12,15.0,180.0
2023-09-14,Quinine 500mg,12,8.0,96.0
2023-09-14,Vitamin C,16,0.8,12.8
2023-09-14,Aspirin 325mg,1,0.8,0.8
2023-09-14,Amoxicillin 250mg,2,4.0,8.0
2023-09-14,Ciprofloxacin 500mg,3,5.5,16.5
2023-09-14,Chloramphenicol,3,6.0,18.0
2023-09-14,Vitamin B Complex,3,2.5,7.5
2023-09-14,Platelet Support,1,25.0,25.0
2023-09-15,Oseltamivir 75mg,16,12.0,192.0
2023-09-15,Paracetamol 500mg,40,1.5,60.0
2023-09-15,Cough Syrup,32,3.0,96.0
2023-09-15,Ibuprofen 200mg,35,1.0,35.0
2023-09-15,Artemether IV,25,15.0,375.0
2023-09-15,Quinine 500mg,20,8.0,160.0
2023-09-15,Vitamin C,19,0.8,15.200000000000001
2023-09-15,Aspirin 325mg,4,0.8,3.2
2023-09-15,Amoxicillin 250mg,2,4.0,8.0
2023-09-15,Ciprofloxacin 500mg,3,5.5,16.5
2023-09-15,Vitamin B Complex,2,2.5,5.0
2023-09-15,Platelet Support,5,25.0,125.0
2023-09-16,Oseltamivir 75mg,26,12.0,312.0
2023-09-16,Paracetamol 500mg,52,1.5,78.0
2023-09-16,Cough Syrup,33,3.0,99.0
2023-09-16,Ibuprofen 200mg,55,1.0,55.0
2023-09-16,Artemether IV,15,15.0,225.0
2023-09-16,Quinine 500mg,20,8.0,160.0
2023-09-16,Vitamin C,32,0.8,25.6
2023-09-16,Aspirin 325mg,1,0.8,0.8
2023-09-16,Amoxicillin 250mg,4,4.0,16.0
2023-09-16,Ciprofloxacin 500mg,2,5.5,11.0
2023-09-16,Chloramphenicol,5,6.0,30.0
2023-09-16,Platelet Support,1,25.0,25.0
2023-09-17,Oseltamivir 75mg,19,12.0,228.0
2023-09-17,Paracetamol 500mg,50,1.5,75.0
2023-09-17,Cough Syrup,34,3.0,102.0
2023-09-17,Ibuprofen 200mg,52,1.0,52.0
2023-09-17,Artemether IV,9,15.0,135.0
2023-09-17,Quinine 500mg,20,8.0,160.0
2023-09-17,Vitamin C,17,0.8,13.600000000000001
2023-09-17,Aspirin 325mg,5,0.8,4.0
2023-09-17,Amoxicillin 250mg,7,4.0,28.0
2023-09-17,Ciprofloxacin 500mg,5,5.5,27.5
2023-09-17,Chloramphenicol,5,6.0,30.0
2023-09-17,Vitamin B Complex,3,2.5,7.5
2023-09-17,Platelet Support,2,25.0,50.0
2023-09-18,Oseltamivir 75mg,5,12.0,60.0
2023-09-18,Paracetamol 500mg,44,1.5,66.0
2023-09-18,Cough Syrup,32,3.0,96.0
2023-09-18,Ibuprofen 200mg,35,1.0,35.0
2023-09-18,Artemether IV,10,15.0,150.0
2023-09-18,Quinine 500mg,15,8.0,120.0
2023-09-18,Vitamin C,14,0.8,11.200000000000001
2023-09-18,Aspirin 325mg,1,0.8,0.8
2023-09-18,Amoxicillin 250mg,4,4.0,16.0
2023-09-18,Ciprofloxacin 500mg,4,5.5,22.0
2023-09-18,Chloramphenicol,8,6.0,48.0
2023-09-18,Vitamin B Complex,2,2.5,5.0
2023-09-18,Platelet Support,7,25.0,175.0
2023-09-19,Oseltamivir 75mg,19,12.0,228.0
2023-09-19,Paracetamol 500mg,30,1.5,45.0
2023-09-19,Cough Syrup,19,3.0,57.0
2023-09-19,Ibuprofen 200mg,40,1.0,40.0
2023-09-19,Artemether IV,19,15.0,285.0
2023-09-19,Quinine 500mg,18,8.0,144.0
2023-09-19,Vitamin C,18,0.8,14.4
2023-09-19,Aspirin 325mg,2,0.8,1.6
2023-09-19,Amoxicillin 250mg,1,4.0,4.0
2023-09-19,Ciprofloxacin 500mg,2,5.5,11.0
2023-09-19,Chloramphenicol,5,6.0,30.0
2023-09-19,Vitamin B Complex,3,2.5,7.5
2023-09-19,Platelet Support,1,25.0,25.0
2023-09-20,Oseltamivir 75mg,19,12.0,228.0
2023-09-20,Paracetamol 500mg,34,1.5,51.0
2023-09-20,Cough Syrup,34,3.0,102.0
2023-09-20,Ibuprofen 200mg,31,1.0,31.0
2023-09-20,Artemether IV,15,15.0,225.0
2023-09-20,Quinine 500mg,13,8.0,104.0
2023-09-20,Amoxicillin 250mg,8,4.0,32.0
2023-09-20,Chloramphenicol,8,6.0,48.0
2023-09-20,Ciprofloxacin 500mg,9,5.5,49.5
2023-09-20,Vitamin C,23,0.8,18.400000000000002
2023-09-20,Vitamin B Complex,3,2.5,7.5
2023-09-20,Platelet Support,3,25.0,75.0
2023-09-21,Oseltamivir 75mg,15,12.0,180.0
2023-09-21,Paracetamol 500mg,39,1.5,58.5
2023-09-21,Cough Syrup,19,3.0,57.0
2023-09-21,Ibuprofen 200mg,51,1.0,51.0
2023-09-21,Artemether IV,17,15.0,255.0
2023-09-21,Quinine 500mg,11,8.0,88.0
2023-09-21,Amoxicillin 250mg,9,4.0,36.0
2023-09-21,Chloramphenicol,10,6.0,60.0
2023-09-21,Ciprofloxacin 500mg,11,5.5,60.5
2023-09-21,Vitamin C,21,0.8,16.8
2023-09-21,Aspirin 325mg,2,0.8,1.6
2023-09-21,Vitamin B Complex,1,2.5,2.5
2023-09-21,Platelet Support,2,25.0,50.0
2023-09-22,Oseltamivir 75mg,16,12.0,192.0
2023-09-22,Paracetamol 500mg,64,1.5,96.0
2023-09-22,Cough Syrup,29,3.0,87.0
2023-09-22,Ibuprofen 200mg,50,1.0,50.0
2023-09-22,Artemether IV,14,15.0,210.0
2023-09-22,Quinine 500mg,15,8.0,120.0
2023-09-22,Vitamin C,16,0.8,12.8
2023-09-22,Aspirin 325mg,5,0.8,4.0
2023-09-22,Amoxicillin 250mg,4,4.0,16.0
2023-09-22,Ciprofloxacin 500mg,2,5.5,11.0
2023-09-22,Chloramphenicol,3,6.0,18.0
2023-09-22,Vitamin B Complex,5,2.5,12.5
2023-09-22,Platelet Support,3,25.0,75.0
2023-09-23,Oseltamivir 75mg,21,12.0,252.0
2023-09-23,Paracetamol 500mg,55,1.5,82.5
2023-09-23,Cough Syrup,40,3.0,120.0
2023-09-23,Ibuprofen 200mg,49,1.0,49.0
2023-09-23,Artemether IV,20,15.0,300.0
2023-09-23,Quinine 500mg,11,8.0,88.0
2023-09-23,Amoxicillin 250mg,19,4.0,76.0
2023-09-23,Chloramphenicol,8,6.0,48.0
2023-09-23,Ciprofloxacin 500mg,21,5.5,115.5
2023-09-23,Vitamin C,15,0.8,12.0
2023-09-23,Aspirin 325mg,5,0.8,4.0
2023-09-23,Platelet Support,1,25.0,25.0
2023-09-24,Oseltamivir 75mg,28,12.0,336.0
2023-09-24,Paracetamol 500mg,57,1.5,85.5
2023-09-24,Cough Syrup,34,3.0,102.0
2023-09-24,Ibuprofen 200mg,53,1.0,53.0
2023-09-24,Artemether IV,12,15.0,180.0
2023-09-24,Quinine 500mg,17,8.0,136.0
2023-09-24,Amoxicillin 250mg,24,4.0,96.0
2023-09-24,Chloramphenicol,14,6.0,84.0
2023-09-24,Ciprofloxacin 500mg,23,5.5,126.5
2023-09-24,Vitamin C,22,0.8,17.6
2023-09-24,Aspirin 325mg,2,0.8,1.6
2023-09-24,Vitamin B Complex,5,2.5,12.5
2023-09-24,Platelet Support,2,25.0,50.0
2023-09-25,Oseltamivir 75mg,13,12.0,156.0
2023-09-25,Paracetamol 500mg,65,1.5,97.5
2023-09-25,Cough Syrup,37,3.0,111.0
2023-09-25,Ibuprofen 200mg,39,1.0,39.0
2023-09-25,Artemether IV,8,15.0,120.0
2023-09-25,Quinine 500mg,14,8.0,112.0
2023-09-25,Amoxicillin 250mg,25,4.0,100.0
2023-09-25,Chloramphenicol,13,6.0,78.0
2023-09-25,Ciprofloxacin 500mg,24,5.5,132.0
2023-09-25,Vitamin C,17,0.8,13.600000000000001
2023-09-25,Aspirin 325mg,5,0.8,4.0
2023-09-25,Vitamin B Complex,3,2.5,7.5
2023-09-25,Platelet Support,3,25.0,75.0
2023-09-26,Oseltamivir 75mg,20,12.0,240.0
2023-09-26,Paracetamol 500mg,49,1.5,73.5
2023-09-26,Cough Syrup,54,3.0,162.0
2023-09-26,Ibuprofen 200mg,43,1.0,43.0
2023-09-26,Artemether IV,15,15.0,225.0
2023-09-26,Quinine 500mg,12,8.0,96.0
2023-09-26,Amoxicillin 250mg,24,4.0,96.0
2023-09-26,Chloramphenicol,12,6.0,72.0
2023-09-26,Ciprofloxacin 500mg,16,5.5,88.0
2023-09-26,Vitamin C,10,0.8,8.0
2023-09-26,Aspirin 325mg,1,0.8,0.8
2023-09-26,Vitamin B Complex,4,2.5,10.0
2023-09-27,Oseltamivir 75mg,19,12.0,228.0
2023-09-27,Paracetamol 500mg,76,1.5,114.0
2023-09-27,Cough Syrup,42,3.0,126.0
2023-09-27,Ibuprofen 200mg,45,1.0,45.0
2023-09-27,Artemether IV,7,15.0,105.0
2023-09-27,Quinine 500mg,20,8.0,160.0
2023-09-27,Amoxicillin 250mg,22,4.0,88.0
2023-09-27,Chloramphenicol,10,6.0,60.0
2023-09-27,Ciprofloxacin 500mg,26,5.5,143.0
2023-09-27,Vitamin C,22,0.8,17.6
2023-09-27,Aspirin 325mg,3,0.8,2.4000000000000004
2023-09-27,Vitamin B Complex,7,2.5,17.5
2023-09-27,Platelet Support,6,25.0,150.0
2023-09-28,Oseltamivir 75mg,31,12.0,372.0
2023-09-28,Paracetamol 500mg,75,1.5,112.5
2023-09-28,Cough Syrup,54,3.0,162.0
2023-09-28,Ibuprofen 200mg,58,1.0,58.0
2023-09-28,Vitamin C,21,0.8,16.8
2023-09-28,Artemether IV,20,15.0,300.0
2023-09-28,Quinine 500mg,19,8.0,152.0
2023-09-28,Platelet Support,5,25.0,125.0
2023-09-28,Amoxicillin 250mg,32,4.0,128.0
2023-09-28,Chloramphenicol,10,6.0,60.0
2023-09-28,Ciprofloxacin 500mg,27,5.5,148.5
2023-09-28,Aspirin 325mg,2,0.8,1.6
2023-09-28,Vitamin B Complex,5,2.5,12.5
2023-09-29,Oseltamivir 75mg,32,12.0,384.0
2023-09-29,Paracetamol 500mg,64,1.5,96.0
2023-09-29,Cough Syrup,53,3.0,159.0
2023-09-29,Ibuprofen 200mg,42,1.0,42.0
2023-09-29,Vitamin C,24,0.8,19.200000000000003
2023-09-29,Artemether IV,14,15.0,210.0
2023-09-29,Quinine 500mg,18,8.0,144.0
2023-09-29,Amoxicillin 250mg,18,4.0,72.0
2023-09-29,Chloramphenicol,10,6.0,60.0
2023-09-29,Ciprofloxacin 500mg,20,5.5,110.0
2023-09-29,Aspirin 325mg,1,0.8,0.8
2023-09-29,Vitamin B Complex,4,2.5,10.0
2023-09-29,Platelet Support,3,25.0,75.0
2023-09-30,Oseltamivir 75mg,20,12.0,240.0
2023-09-30,Paracetamol 500mg,80,1.5,120.0
2023-09-30,Cough Syrup,54,3.0,162.0
2023-09-30,Ibuprofen 200mg,38,1.0,38.0
2023-09-30,Vitamin C,36,0.8,28.8
2023-09-30,Artemether IV,16,15.0,240.0
2023-09-30,Quinine 500mg,24,8.0,192.0
2023-09-30,Platelet Support,11,25.0,275.0
2023-09-30,Amoxicillin 250mg,22,4.0,88.0
2023-09-30,Chloramphenicol,8,6.0,48.0
2023-09-30,Ciprofloxacin 500mg,24,5.5,132.0
2023-09-30,Aspirin 325mg,2,0.8,1.6
2023-09-30,Vitamin B Complex,2,2.5,5.0
2023-10-01,Oseltamivir 75mg,20,12.0,240.0
2023-10-01,Paracetamol 500mg,97,1.5,145.5
2023-10-01,Cough Syrup,50,3.0,150.0
2023-10-01,Ibuprofen 200mg,49,1.0,49.0
2023-10-01,Vitamin C,25,0.8,20.0
2023-10-01,Artemether IV,14,15.0,210.0
2023-10-01,Quinine 500mg,15,8.0,120.0
2023-10-01,Platelet Support,7,25.0,175.0
2023-10-01,Amoxicillin 250mg,24,4.0,96.0
2023-10-01,Chloramphenicol,10,6.0,60.0
2023-10-01,Ciprofloxacin 500mg,26,5.5,143.0
2023-10-01,Aspirin 325mg,4,0.8,3.2
2023-10-01,Vitamin B Complex,6,2.5,15.0
2023-10-02,Oseltamivir 75mg,26,12.0,312.0
2023-10-02,Paracetamol 500mg,75,1.5,112.5
2023-10-02,Cough Syrup,51,3.0,153.0
2023-10-02,Ibuprofen 200mg,63,1.0,63.0
2023-10-02,Vitamin C,31,0.8,24.8
2023-10-02,Artemether IV,9,15.0,135.0
2023-10-02,Quinine 500mg,15,8.0,120.0
2023-10-02,Platelet Support,7,25.0,175.0
2023-10-02,Amoxicillin 250mg,16,4.0,64.0
2023-10-02,Chloramphenicol,10,6.0,60.0
2023-10-02,Ciprofloxacin 500mg,25,5.5,137.5
2023-10-02,Aspirin 325mg,2,0.8,1.6
2023-10-02,Vitamin B Complex,2,2.5,5.0
2023-10-03,Oseltamivir 75mg,19,12.0,228.0
2023-10-03,Paracetamol 500mg,67,1.5,100.5
2023-10-03,Cough Syrup,40,3.0,120.0
2023-10-03,Ibuprofen 200mg,52,1.0,52.0
2023-10-03,Vitamin C,32,0.8,25.6
2023-10-03,Artemether IV,24,15.0,360.0
2023-10-03,Quinine 500mg,20,8.0,160.0
2023-10-03,Platelet Support,15,25.0,375.0
2023-10-03,Amoxicillin 250mg,13,4.0,52.0
2023-10-03,Ciprofloxacin 500mg,18,5.5,99.0
2023-10-03,Aspirin 325mg,4,0.8,3.2
2023-10-03,Chloramphenicol,3,6.0,18.0
2023-10-03,Vitamin B Complex,1,2.5,2.5
2023-10-04,Oseltamivir 75mg,17,12.0,204.0
2023-10-04,Paracetamol 500mg,57,1.5,85.5
2023-10-04,Cough Syrup,38,3.0,114.0
2023-10-04,Ibuprofen 200mg,50,1.0,50.0
2023-10-04,Vitamin C,30,0.8,24.0
2023-10-04,Artemether IV,9,15.0,135.0
2023-10-04,Quinine 500mg,19,8.0,152.0
2023-10-04,Platelet Support,9,25.0,225.0
2023-10-04,Amoxicillin 250mg,22,4.0,88.0
2023-10-04,Chloramphenicol,10,6.0,60.0
2023-10-04,Ciprofloxacin 500mg,22,5.5,121.0
2023-10-04,Aspirin 325mg,2,0.8,1.6
2023-10-04,Vitamin B Complex,6,2.5,15.0
2023-10-05,Oseltamivir 75mg,21,12.0,252.0
2023-10-05,Paracetamol 500mg,67,1.5,100.5
2023-10-05,Cough Syrup,40,3.0,120.0
2023-10-05,Ibuprofen 200mg,35,1.0,35.0
2023-10-05,Vitamin C,18,0.8,14.4
2023-10-05,Artemether IV,17,15.0,255.0
2023-10-05,Quinine 500mg,9,8.0,72.0
2023-10-05,Platelet Support,14,25.0,350.0
2023-10-05,Amoxicillin 250mg,19,4.0,76.0
2023-10-05,Chloramphenicol,8,6.0,48.0
2023-10-05,Ciprofloxacin 500mg,14,5.5,77.0
2023-10-05,Aspirin 325mg,1,0.8,0.8
2023-10-05,Vitamin B Complex,3,2.5,7.5
2023-10-06,Oseltamivir 75mg,13,12.0,156.0
2023-10-06,Paracetamol 500mg,59,1.5,88.5
2023-10-06,Cough Syrup,34,3.0,102.0
2023-10-06,Ibuprofen 200mg,59,1.0,59.0
2023-10-06,Vitamin C,33,0.8,26.400000000000002
2023-10-06,Artemether IV,14,15.0,210.0
2023-10-06,Quinine 500mg,16,8.0,128.0
2023-10-06,Platelet Support,11,25.0,275.0
2023-10-06,Amoxicillin 250mg,18,4.0,72.0
2023-10-06,Chloramphenicol,8,6.0,48.0
2023-10-06,Ciprofloxacin 500mg,20,5.5,110.0
2023-10-06,Aspirin 325mg,2,0.8,1.6
2023-10-06,Vitamin B Complex,4,2.5,10.0
2023-10-07,Oseltamivir 75mg,22,12.0,264.0
2023-10-07,Paracetamol 500mg,74,1.5,111.0
2023-10-07,Cough Syrup,33,3.0,99.0
2023-10-07,Ibuprofen 200mg,39,1.0,39.0
2023-10-07,Vitamin C,26,0.8,20.8
2023-10-07,Artemether IV,20,15.0,300.0
2023-10-07,Quinine 500mg,18,8.0,144.0
2023-10-07,Platelet Support,16,25.0,400.0
2023-10-07,Amoxicillin 250mg,22,4.0,88.0
2023-10-07,Chloramphenicol,11,6.0,66.0
2023-10-07,Ciprofloxacin 500mg,21,5.5,115.5
2023-10-07,Aspirin 325mg,1,0.8,0.8
2023-10-07,Vitamin B Complex,3,2.5,7.5
2023-10-08,Oseltamivir 75mg,20,12.0,240.0
2023-10-08,Paracetamol 500mg,76,1.5,114.0
2023-10-08,Cough Syrup,42,3.0,126.0
2023-10-08,Ibuprofen 200mg,49,1.0,49.0
2023-10-08,Vitamin C,26,0.8,20.8
2023-10-08,Artemether IV,12,15.0,180.0
2023-10-08,Quinine 500mg,13,8.0,104.0
2023-10-08,Platelet Support,17,25.0,425.0
2023-10-08,Amoxicillin 250mg,17,4.0,68.0
2023-10-08,Ciprofloxacin 500mg,14,5.5,77.0
2023-10-08,Aspirin 325mg,2,0.8,1.6
2023-10-08,Chloramphenicol,1,6.0,6.0
2023-10-08,Vitamin B Complex,4,2.5,10.0
2023-10-09,Oseltamivir 75mg,25,12.0,300.0
2023-10-09,Paracetamol 500mg,80,1.5,120.0
2023-10-09,Cough Syrup,41,3.0,123.0
2023-10-09,Ibuprofen 200mg,51,1.0,51.0
2023-10-09,Vitamin C,30,0.8,24.0
2023-10-09,Artemether IV,19,15.0,285.0
2023-10-09,Quinine 500mg,14,8.0,112.0
2023-10-09,Platelet Support,18,25.0,450.0
2023-10-09,Amoxicillin 250mg,19,4.0,76.0
2023-10-09,Ciprofloxacin 500mg,15,5.5,82.5
2023-10-09,Aspirin 325mg,3,0.8,2.4000000000000004
2023-10-09,Chloramphenicol,3,6.0,18.0
2023-10-09,Vitamin B Complex,3,2.5,7.5
2023-10-10,Oseltamivir 75mg,28,12.0,336.0
2023-10-10,Paracetamol 500mg,65,1.5,97.5
2023-10-10,Cough Syrup,44,3.0,132.0
2023-10-10,Ibuprofen 200mg,63,1.0,63.0
2023-10-10,Vitamin C,39,0.8,31.200000000000003
2023-10-10,Artemether IV,10,15.0,150.0
2023-10-10,Quinine 500mg,17,8.0,136.0
2023-10-10,Platelet Support,16,25.0,400.0
2023-10-10,Amoxicillin 250mg,29,4.0,116.0
2023-10-10,Chloramphenicol,10,6.0,60.0
2023-10-10,Ciprofloxacin 500mg,24,5.5,132.0
2023-10-10,Aspirin 325mg,1,0.8,0.8
2023-10-10,Vitamin B Complex,5,2.5,12.5
2023-10-11,Oseltamivir 75mg,21,12.0,252.0
2023-10-11,Paracetamol 500mg,65,1.5,97.5
2023-10-11,Cough Syrup,42,3.0,126.0
2023-10-11,Ibuprofen 200mg,65,1.0,65.0
2023-10-11,Vitamin C,36,0.8,28.8
2023-10-11,Artemether IV,15,15.0,225.0
2023-10-11,Quinine 500mg,14,8.0,112.0
2023-10-11,Platelet Support,23,25.0,575.0
2023-10-11,Amoxicillin 250mg,14,4.0,56.0
2023-10-11,Chloramphenicol,10,6.0,60.0
2023-10-11,Ciprofloxacin 500mg,22,5.5,121.0
2023-10-11,Aspirin 325mg,4,0.8,3.2
2023-10-11,Vitamin B Complex,6,2.5,15.0
2023-10-12,Oseltamivir 75mg,24,12.0,288.0
2023-10-12,Paracetamol 500mg,78,1.5,117.0
2023-10-12,Cough Syrup,59,3.0,177.0
2023-10-12,Ibuprofen 200mg,63,1.0,63.0
2023-10-12,Vitamin C,34,0.8,27.200000000000003
2023-10-12,Artemether IV,13,15.0,195.0
2023-10-12,Quinine 500mg,18,8.0,144.0
2023-10-12,Platelet Support,20,25.0,500.0
2023-10-12,Amoxicillin 250mg,32,4.0,128.0
2023-10-12,Chloramphenicol,8,6.0,48.0
2023-10-12,Ciprofloxacin 500mg,14,5.5,77.0
2023-10-12,Aspirin 325mg,2,0.8,1.6
2023-10-12,Vitamin B Complex,2,2.5,5.0
2023-10-13,Oseltamivir 75mg,25,12.0,300.0
2023-10-13,Paracetamol 500mg,72,1.5,108.0
2023-10-13,Cough Syrup,40,3.0,120.0
2023-10-13,Ibuprofen 200mg,59,1.0,59.0
2023-10-13,Vitamin C,31,0.8,24.8
2023-10-13,Artemether IV,19,15.0,285.0
2023-10-13,Quinine 500mg,18,8.0,144.0
2023-10-13,Platelet Support,15,25.0,375.0
2023-10-13,Amoxicillin 250mg,15,4.0,60.0
2023-10-13,Chloramphenicol,6,6.0,36.0
2023-10-13,Ciprofloxacin 500mg,16,5.5,88.0
2023-10-13,Aspirin 325mg,2,0.8,1.6
2023-10-13,Vitamin B Complex,3,2.5,7.5
2023-10-14,Oseltamivir 75mg,18,12.0,216.0
2023-10-14,Paracetamol 500mg,69,1.5,103.5
2023-10-14,Cough Syrup,51,3.0,153.0
2023-10-14,Ibuprofen 200mg,61,1.0,61.0
2023-10-14,Artemether IV,20,15.0,300.0
2023-10-14,Quinine 500mg,15,8.0,120.0
2023-10-14,Platelet Support,21,25.0,525.0
2023-10-14,Vitamin C,33,0.8,26.400000000000002
2023-10-14,Amoxicillin 250mg,16,4.0,64.0
2023-10-14,Chloramphenicol,9,6.0,54.0
2023-10-14,Ciprofloxacin 500mg,23,5.5,126.5
2023-10-14,Aspirin 325mg,2,0.8,1.6
2023-10-14,Vitamin B Complex,4,2.5,10.0
2023-10-15,Oseltamivir 75mg,16,12.0,192.0
2023-10-15,Paracetamol 500mg,72,1.5,108.0
2023-10-15,Cough Syrup,46,3.0,138.0
2023-10-15,Ibuprofen 200mg,70,1.0,70.0
2023-10-15,Artemether IV,22,15.0,330.0
2023-10-15,Quinine 500mg,18,8.0,144.0
2023-10-15,Platelet Support,10,25.0,250.0
2023-10-15,Vitamin C,30,0.8,24.0
2023-10-15,Amoxicillin 250mg,11,4.0,44.0
2023-10-15,Ciprofloxacin 500mg,17,5.5,93.5
2023-10-15,Aspirin 325mg,4,0.8,3.2
2023-10-15,Chloramphenicol,4,6.0,24.0
2023-10-15,Vitamin B Complex,2,2.5,5.0
2023-10-16,Oseltamivir 75mg,18,12.0,216.0
2023-10-16,Paracetamol 500mg,65,1.5,97.5
2023-10-16,Cough Syrup,34,3.0,102.0
2023-10-16,Ibuprofen 200mg,47,1.0,47.0
2023-10-16,Artemether IV,17,15.0,255.0
2023-10-16,Quinine 500mg,13,8.0,104.0
2023-10-16,Platelet Support,18,25.0,450.0
2023-10-16,Vitamin C,29,0.8,23.200000000000003
2023-10-16,Amoxicillin 250mg,19,4.0,76.0
2023-10-16,Chloramphenicol,8,6.0,48.0
2023-10-16,Ciprofloxacin 500mg,16,5.5,88.0
2023-10-16,Aspirin 325mg,4,0.8,3.2
2023-10-16,Vitamin B Complex,2,2.5,5.0
2023-10-17,Oseltamivir 75mg,17,12.0,204.0
2023-10-17,Paracetamol 500mg,58,1.5,87.0
2023-10-17,Cough Syrup,35,3.0,105.0
2023-10-17,Ibuprofen 200mg,47,1.0,47.0
2023-10-17,Artemether IV,18,15.0,270.0
2023-10-17,Quinine 500mg,15,8.0,120.0
2023-10-17,Platelet Support,15,25.0,375.0
2023-10-17,Vitamin C,27,0.8,21.6
2023-10-17,Amoxicillin 250mg,25,4.0,100.0
2023-10-17,Chloramphenicol,13,6.0,78.0
2023-10-17,Ciprofloxacin 500mg,22,5.5,121.0
2023-10-17,Aspirin 325mg,4,0.8,3.2
2023-10-17,Vitamin B Complex,2,2.5,5.0
2023-10-18,Oseltamivir 75mg,22,12.0,264.0
2023-10-18,Paracetamol 500mg,64,1.5,96.0
2023-10-18,Cough Syrup,34,3.0,102.0
2023-10-18,Ibuprofen 200mg,64,1.0,64.0
2023-10-18,Artemether IV,17,15.0,255.0
2023-10-18,Quinine 500mg,15,8.0,120.0
2023-10-18,Platelet Support,8,25.0,200.0
2023-10-18,Vitamin C,25,0.8,20.0
2023-10-18,Amoxicillin 250mg,22,4.0,88.0
2023-10-18,Chloramphenicol,10,6.0,60.0
2023-10-18,Ciprofloxacin 500mg,21,5.5,115.5
2023-10-18,Aspirin 325mg,4,0.8,3.2
2023-10-18,Vitamin B Complex,2,2.5,5.0
2023-10-19,Oseltamivir 75mg,17,12.0,204.0
2023-10-19,Paracetamol 500mg,77,1.5,115.5
2023-10-19,Cough Syrup,31,3.0,93.0
2023-10-19,Ibuprofen 200mg,66,1.0,66.0
2023-10-19,Artemether IV,27,15.0,405.0
2023-10-19,Quinine 500mg,16,8.0,128.0
2023-10-19,Platelet Support,14,25.0,350.0
2023-10-19,Vitamin C,39,0.8,31.200000000000003
2023-10-19,Amoxicillin 250mg,23,4.0,92.0
2023-10-19,Chloramphenicol,9,6.0,54.0
2023-10-19,Ciprofloxacin 500mg,16,5.5,88.0
2023-10-19,Aspirin 325mg,3,0.8,2.4000000000000004
2023-10-19,Vitamin B Complex,4,2.5,10.0
2023-10-20,Oseltamivir 75mg,17,12.0,204.0
2023-10-20,Paracetamol 500mg,66,1.5,99.0
2023-10-20,Cough Syrup,35,3.0,105.0
2023-10-20,Ibuprofen 200mg,46,1.0,46.0
2023-10-20,Vitamin C,25,0.8,20.0
2023-10-20,Artemether IV,16,15.0,240.0
2023-10-20,Quinine 500mg,21,8.0,168.0
2023-10-20,Platelet Support,14,25.0,350.0
2023-10-20,Amoxicillin 250mg,28,4.0,112.0
2023-10-20,Chloramphenicol,10,6.0,60.0
2023-10-20,Ciprofloxacin 500mg,17,5.5,93.5
2023-10-20,Aspirin 325mg,5,0.8,4.0
2023-10-20,Vitamin B Complex,6,2.5,15.0
2023-10-21,Oseltamivir 75mg,17,12.0,204.0
2023-10-21,Paracetamol 500mg,53,1.5,79.5
2023-10-21,Cough Syrup,47,3.0,141.0
2023-10-21,Ibuprofen 200mg,50,1.0,50.0
2023-10-21,Artemether IV,14,15.0,210.0
2023-10-21,Quinine 500mg,19,8.0,152.0
2023-10-21,Platelet Support,15,25.0,375.0
2023-10-21,Vitamin C,25,0.8,20.0
2023-10-21,Amoxicillin 250mg,16,4.0,64.0
2023-10-21,Chloramphenicol,6,6.0,36.0
2023-10-21,Ciprofloxacin 500mg,19,5.5,104.5
2023-10-21,Aspirin 325mg,3,0.8,2.4000000000000004
2023-10-21,Vitamin B Complex,1,2.5,2.5
2023-10-22,Oseltamivir 75mg,17,12.0,204.0
2023-10-22,Paracetamol 500mg,64,1.5,96.0
2023-10-22,Cough Syrup,40,3.0,120.0
2023-10-22,Ibuprofen 200mg,51,1.0,51.0
2023-10-22,Artemether IV,24,15.0,360.0
2023-10-22,Quinine 500mg,13,8.0,104.0
2023-10-22,Platelet Support,11,25.0,275.0
2023-10-22,Vitamin C,24,0.8,19.200000000000003
2023-10-22,Amoxicillin 250mg,11,4.0,44.0
2023-10-22,Chloramphenicol,10,6.0,60.0
2023-10-22,Ciprofloxacin 500mg,15,5.5,82.5
2023-10-22,Aspirin 325mg,3,0.8,2.4000000000000004
2023-10-22,Vitamin B Complex,5,2.5,12.5
2023-10-23,Oseltamivir 75mg,18,12.0,216.0
2023-10-23,Paracetamol 500mg,78,1.5,117.0
2023-10-23,Cough Syrup,36,3.0,108.0
2023-10-23,Ibuprofen 200mg,54,1.0,54.0
2023-10-23,Artemether IV,12,15.0,180.0
2023-10-23,Quinine 500mg,21,8.0,168.0
2023-10-23,Platelet Support,9,25.0,225.0
2023-10-23,Vitamin C,31,0.8,24.8
2023-10-23,Amoxicillin 250mg,15,4.0,60.0
2023-10-23,Chloramphenicol,5,6.0,30.0
2023-10-23,Ciprofloxacin 500mg,13,5.5,71.5
2023-10-23,Aspirin 325mg,4,0.8,3.2
2023-10-23,Vitamin B Complex,3,2.5,7.5
2023-10-24,Oseltamivir 75mg,24,12.0,288.0
2023-10-24,Paracetamol 500mg,82,1.5,123.0
2023-10-24,Cough Syrup,36,3.0,108.0
2023-10-24,Ibuprofen 200mg,53,1.0,53.0
2023-10-24,Vitamin C,20,0.8,16.0
2023-10-24,Artemether IV,25,15.0,375.0
2023-10-24,Quinine 500mg,12,8.0,96.0
2023-10-24,Platelet Support,17,25.0,425.0
2023-10-24,Amoxicillin 250mg,13,4.0,52.0
2023-10-24,Chloramphenicol,9,6.0,54.0
2023-10-24,Ciprofloxacin 500mg,11,5.5,60.5
2023-10-24,Aspirin 325mg,2,0.8,1.6
2023-10-24,Vitamin B Complex,2,2.5,5.0
2023-10-25,Oseltamivir 75mg,24,12.0,288.0
2023-10-25,Paracetamol 500mg,66,1.5,99.0
2023-10-25,Cough Syrup,32,3.0,96.0
2023-10-25,Ibuprofen 200mg,62,1.0,62.0
2023-10-25,Vitamin C,39,0.8,31.200000000000003
2023-10-25,Artemether IV,15,15.0,225.0
2023-10-25,Quinine 500mg,20,8.0,160.0
2023-10-25,Platelet Support,13,25.0,325.0
2023-10-25,Amoxicillin 250mg,21,4.0,84.0
2023-10-25,Chloramphenicol,19,6.0,114.0
2023-10-25,Ciprofloxacin 500mg,9,5.5,49.5
2023-10-25,Aspirin 325mg,1,0.8,0.8
2023-10-25,Vitamin B Complex,4,2.5,10.0
2023-10-26,Oseltamivir 75mg,23,12.0,276.0
2023-10-26,Paracetamol 500mg,99,1.5,148.5
2023-10-26,Cough Syrup,48,3.0,144.0
2023-10-26,Ibuprofen 200mg,61,1.0,61.0
2023-10-26,Vitamin C,33,0.8,26.400000000000002
2023-10-26,Artemether IV,18,15.0,270.0
2023-10-26,Quinine 500mg,12,8.0,96.0
2023-10-26,Platelet Support,15,25.0,375.0
2023-10-26,Amoxicillin 250mg,14,4.0,56.0
2023-10-26,Chloramphenicol,10,6.0,60.0
2023-10-26,Ciprofloxacin 500mg,20,5.5,110.0
2023-10-26,Aspirin 325mg,4,0.8,3.2
2023-10-26,Vitamin B Complex,4,2.5,10.0
2023-10-27,Oseltamivir 75mg,23,12.0,276.0
2023-10-27,Paracetamol 500mg,83,1.5,124.5
2023-10-27,Cough Syrup,32,3.0,96.0
2023-10-27,Ibuprofen 200mg,41,1.0,41.0
2023-10-27,Vitamin C,34,0.8,27.200000000000003
2023-10-27,Artemether IV,12,15.0,180.0
2023-10-27,Quinine 500mg,25,8.0,200.0
2023-10-27,Platelet Support,9,25.0,225.0
2023-10-27,Amoxicillin 250mg,25,4.0,100.0
2023-10-27,Chloramphenicol,15,6.0,90.0
2023-10-27,Ciprofloxacin 500mg,21,5.5,115.5
2023-10-28,Oseltamivir 75mg,30,12.0,360.0
2023-10-28,Paracetamol 500mg,77,1.5,115.5
2023-10-28,Cough Syrup,44,3.0,132.0
2023-10-28,Ibuprofen 200mg,42,1.0,42.0
2023-10-28,Vitamin C,26,0.8,20.8
2023-10-28,Artemether IV,14,15.0,210.0
2023-10-28,Quinine 500mg,15,8.0,120.0
2023-10-28,Platelet Support,15,25.0,375.0
2023-10-28,Amoxicillin 250mg,18,4.0,72.0
2023-10-28,Chloramphenicol,18,6.0,108.0
2023-10-28,Ciprofloxacin 500mg,21,5.5,115.5
2023-10-28,Aspirin 325mg,2,0.8,1.6
2023-10-28,Vitamin B Complex,3,2.5,7.5
2023-10-29,Oseltamivir 75mg,20,12.0,240.0
2023-10-29,Paracetamol 500mg,66,1.5,99.0
2023-10-29,Cough Syrup,27,3.0,81.0
2023-10-29,Ibuprofen 200mg,55,1.0,55.0
2023-10-29,Vitamin C,28,0.8,22.400000000000002
2023-10-29,Artemether IV,15,15.0,225.0
2023-10-29,Quinine 500mg,14,8.0,112.0
2023-10-29,Platelet Support,8,25.0,200.0
2023-10-29,Amoxicillin 250mg,16,4.0,64.0
2023-10-29,Chloramphenicol,11,6.0,66.0
2023-10-29,Ciprofloxacin 500mg,22,5.5,121.0
2023-10-29,Aspirin 325mg,4,0.8,3.2
2023-10-29,Vitamin B Complex,3,2.5,7.5
2023-10-30,Oseltamivir 75mg,26,12.0,312.0
2023-10-30,Paracetamol 500mg,83,1.5,124.5
2023-10-30,Cough Syrup,46,3.0,138.0
2023-10-30,Ibuprofen 200mg,40,1.0,40.0
2023-10-30,Vitamin C,40,0.8,32.0
2023-10-30,Artemether IV,9,15.0,135.0
2023-10-30,Quinine 500mg,12,8.0,96.0
2023-10-30,Platelet Support,10,25.0,250.0
2023-10-30,Amoxicillin 250mg,15,4.0,60.0
2023-10-30,Chloramphenicol,9,6.0,54.0
2023-10-30,Ciprofloxacin 500mg,14,5.5,77.0
2023-10-30,Aspirin 325mg,7,0.8,5.6000000000000005
2023-10-30,Vitamin B Complex,12,2.5,30.0
2023-10-31,Oseltamivir 75mg,21,12.0,252.0
2023-10-31,Paracetamol 500mg,79,1.5,118.5
2023-10-31,Cough Syrup,52,3.0,156.0
2023-10-31,Ibuprofen 200mg,35,1.0,35.0
2023-10-31,Vitamin C,37,0.8,29.6
2023-10-31,Artemether IV,18,15.0,270.0
2023-10-31,Quinine 500mg,13,8.0,104.0
2023-10-31,Platelet Support,6,25.0,150.0
2023-10-31,Amoxicillin 250mg,26,4.0,104.0
2023-10-31,Chloramphenicol,17,6.0,102.0
2023-10-31,Ciprofloxacin 500mg,31,5.5,170.5
2023-10-31,Aspirin 325mg,3,0.8,2.4000000000000004
2023-10-31,Vitamin B Complex,2,2.5,5.0
2023-11-01,Oseltamivir 75mg,35,12.0,420.0
2023-11-01,Paracetamol 500mg,70,1.5,105.0
2023-11-01,Cough Syrup,45,3.0,135.0
2023-11-01,Ibuprofen 200mg,40,1.0,40.0
2023-11-01,Vitamin C,36,0.8,28.8
2023-11-01,Artemether IV,15,15.0,225.0
2023-11-01,Quinine 500mg,14,8.0,112.0
2023-11-01,Platelet Support,9,25.0,225.0
2023-11-01,Amoxicillin 250mg,20,4.0,80.0
2023-11-01,Chloramphenicol,15,6.0,90.0
2023-11-01,Ciprofloxacin 500mg,16,5.5,88.0
2023-11-01,Aspirin 325mg,6,0.8,4.800000000000001
2023-11-01,Vitamin B Complex,3,2.5,7.5
2023-11-02,Oseltamivir 75mg,28,12.0,336.0
2023-11-02,Paracetamol 500mg,78,1.5,117.0
2023-11-02,Cough Syrup,41,3.0,123.0
2023-11-02,Ibuprofen 200mg,50,1.0,50.0
2023-11-02,Vitamin C,31,0.8,24.8
2023-11-02,Artemether IV,16,15.0,240.0
2023-11-02,Quinine 500mg,22,8.0,176.0
2023-11-02,Platelet Support,10,25.0,250.0
2023-11-02,Amoxicillin 250mg,23,4.0,92.0
2023-11-02,Chloramphenicol,9,6.0,54.0
2023-11-02,Ciprofloxacin 500mg,20,5.5,110.0
2023-11-02,Aspirin 325mg,5,0.8,4.0
2023-11-02,Vitamin B Complex,3,2.5,7.5
2023-11-03,Oseltamivir 75mg,23,12.0,276.0
2023-11-03,Paracetamol 500mg,76,1.5,114.0
2023-11-03,Cough Syrup,43,3.0,129.0
2023-11-03,Ibuprofen 200mg,33,1.0,33.0
2023-11-03,Vitamin C,34,0.8,27.200000000000003
2023-11-03,Artemether IV,19,15.0,285.0
2023-11-03,Quinine 500mg,11,8.0,88.0
2023-11-03,Amoxicillin 250mg,27,4.0,108.0
2023-11-03,Chloramphenicol,11,6.0,66.0
2023-11-03,Ciprofloxacin 500mg,18,5.5,99.0
2023-11-03,Aspirin 325mg,2,0.8,1.6
2023-11-03,Vitamin B Complex,4,2.5,10.0
2023-11-03,Platelet Support,2,25.0,50.0
2023-11-04,Oseltamivir 75mg,32,12.0,384.0
2023-11-04,Paracetamol 500mg,61,1.5,91.5
2023-11-04,Cough Syrup,42,3.0,126.0
2023-11-04,Ibuprofen 200mg,42,1.0,42.0
2023-11-04,Vitamin C,25,0.8,20.0
2023-11-04,Artemether IV,12,15.0,180.0
2023-11-04,Quinine 500mg,17,8.0,136.0
2023-11-04,Amoxicillin 250mg,24,4.0,96.0
2023-11-04,Chloramphenicol,10,6.0,60.0
2023-11-04,Ciprofloxacin 500mg,31,5.5,170.5
2023-11-04,Aspirin 325mg,3,0.8,2.4000000000000004
2023-11-04,Vitamin B Complex,5,2.5,12.5
2023-11-04,Platelet Support,4,25.0,100.0
2023-11-05,Oseltamivir 75mg,35,12.0,420.0
2023-11-05,Paracetamol 500mg,83,1.5,124.5
2023-11-05,Cough Syrup,40,3.0,120.0
2023-11-05,Ibuprofen 200mg,30,1.0,30.0
2023-11-05,Vitamin C,21,0.8,16.8
2023-11-05,Artemether IV,12,15.0,180.0
2023-11-05,Quinine 500mg,23,8.0,184.0
2023-11-05,Amoxicillin 250mg,23,4.0,92.0
2023-11-05,Chloramphenicol,11,6.0,66.0
2023-11-05,Ciprofloxacin 500mg,20,5.5,110.0
2023-11-05,Aspirin 325mg,2,0.8,1.6
2023-11-05,Platelet Support,8,25.0,200.0
2023-11-06,Oseltamivir 75mg,32,12.0,384.0
2023-11-06,Paracetamol 500mg,69,1.5,103.5
2023-11-06,Cough Syrup,48,3.0,144.0
2023-11-06,Ibuprofen 200mg,51,1.0,51.0
2023-11-06,Vitamin C,27,0.8,21.6
2023-11-06,Artemether IV,15,15.0,225.0
2023-11-06,Quinine 500mg,12,8.0,96.0
2023-11-06,Amoxicillin 250mg,18,4.0,72.0
2023-11-06,Chloramphenicol,13,6.0,78.0
2023-11-06,Ciprofloxacin 500mg,20,5.5,110.0
2023-11-06,Aspirin 325mg,1,0.8,0.8
2023-11-06,Vitamin B Complex,3,2.5,7.5
2023-11-06,Platelet Support,1,25.0,25.0
2023-11-07,Oseltamivir 75mg,28,12.0,336.0
2023-11-07,Paracetamol 500mg,75,1.5,112.5
2023-11-07,Cough Syrup,66,3.0,198.0
2023-11-07,Ibuprofen 200mg,40,1.0,40.0
2023-11-07,Vitamin C,20,0.8,16.0
2023-11-07,Artemether IV,11,15.0,165.0
2023-11-07,Quinine 500mg,14,8.0,112.0
2023-11-07,Amoxicillin 250mg,25,4.0,100.0
2023-11-07,Chloramphenicol,24,6.0,144.0
2023-11-07,Ciprofloxacin 500mg,28,5.5,154.0
2023-11-07,Aspirin 325mg,4,0.8,3.2
2023-11-07,Vitamin B Complex,3,2.5,7.5
2023-11-07,Platelet Support,2,25.0,50.0
2023-11-08,Oseltamivir 75mg,20,12.0,240.0
2023-11-08,Paracetamol 500mg,74,1.5,111.0
2023-11-08,Cough Syrup,55,3.0,165.0
2023-11-08,Ibuprofen 200mg,32,1.0,32.0
2023-11-08,Vitamin C,26,0.8,20.8
2023-11-08,Artemether IV,18,15.0,270.0
2023-11-08,Quinine 500mg,18,8.0,144.0
2023-11-08,Amoxicillin 250mg,35,4.0,140.0
2023-11-08,Chloramphenicol,22,6.0,132.0
2023-11-08,Ciprofloxacin 500mg,24,5.5,132.0
2023-11-08,Aspirin 325mg,5,0.8,4.0
2023-11-08,Vitamin B Complex,6,2.5,15.0
2023-11-08,Platelet Support,4,25.0,100.0
2023-11-09,Oseltamivir 75mg,29,12.0,348.0
2023-11-09,Paracetamol 500mg,53,1.5,79.5
2023-11-09,Cough Syrup,39,3.0,117.0
2023-11-09,Ibuprofen 200mg,41,1.0,41.0
2023-11-09,Vitamin C,25,0.8,20.0
2023-11-09,Artemether IV,11,15.0,165.0
2023-11-09,Quinine 500mg,16,8.0,128.0
2023-11-09,Amoxicillin 250mg,22,4.0,88.0
2023-11-09,Chloramphenicol,18,6.0,108.0
2023-11-09,Ciprofloxacin 500mg,45,5.5,247.5
2023-11-09,Aspirin 325mg,2,0.8,1.6
2023-11-09,Vitamin B Complex,4,2.5,10.0
2023-11-09,Platelet Support,2,25.0,50.0
2023-11-10,Oseltamivir 75mg,24,12.0,288.0
2023-11-10,Paracetamol 500mg,62,1.5,93.0
2023-11-10,Cough Syrup,52,3.0,156.0
2023-11-10,Ibuprofen 200mg,44,1.0,44.0
2023-11-10,Vitamin C,19,0.8,15.200000000000001
2023-11-10,Artemether IV,19,15.0,285.0
2023-11-10,Quinine 500mg,13,8.0,104.0
2023-11-10,Amoxicillin 250mg,23,4.0,92.0
2023-11-10,Chloramphenicol,21,6.0,126.0
2023-11-10,Ciprofloxacin 500mg,30,5.5,165.0
2023-11-10,Vitamin B Complex,3,2.5,7.5
2023-11-10,Platelet Support,2,25.0,50.0
2023-11-11,Oseltamivir 75mg,19,12.0,228.0
2023-11-11,Paracetamol 500mg,56,1.5,84.0
2023-11-11,Cough Syrup,39,3.0,117.0
2023-11-11,Ibuprofen 200mg,26,1.0,26.0
2023-11-11,Vitamin C,19,0.8,15.200000000000001
2023-11-11,Artemether IV,11,15.0,165.0
2023-11-11,Quinine 500mg,7,8.0,56.0
2023-11-11,Amoxicillin 250mg,23,4.0,92.0
2023-11-11,Chloramphenicol,21,6.0,126.0
2023-11-11,Ciprofloxacin 500mg,27,5.5,148.5
2023-11-11,Platelet Support,1,25.0,25.0
2023-11-12,Oseltamivir 75mg,24,12.0,288.0
2023-11-12,Paracetamol 500mg,72,1.5,108.0
2023-11-12,Cough Syrup,39,3.0,117.0
2023-11-12,Ibuprofen 200mg,50,1.0,50.0
2023-11-12,Vitamin C,34,0.8,27.200000000000003
2023-11-12,Artemether IV,13,15.0,195.0
2023-11-12,Quinine 500mg,17,8.0,136.0
2023-11-12,Amoxicillin 250mg,30,4.0,120.0
2023-11-12,Chloramphenicol,27,6.0,162.0
2023-11-12,Ciprofloxacin 500mg,36,5.5,198.0
2023-11-12,Aspirin 325mg,3,0.8,2.4000000000000004
2023-11-12,Vitamin B Complex,4,2.5,10.0
2023-11-12,Platelet Support,3,25.0,75.0
2023-11-13,Oseltamivir 75mg,25,12.0,300.0
2023-11-13,Paracetamol 500mg,77,1.5,115.5
2023-11-13,Cough Syrup,33,3.0,99.0
2023-11-13,Ibuprofen 200mg,45,1.0,45.0
2023-11-13,Vitamin C,12,0.8,9.600000000000001
2023-11-13,Artemether IV,24,15.0,360.0
2023-11-13,Quinine 500mg,14,8.0,112.0
2023-11-13,Amoxicillin 250mg,29,4.0,116.0
2023-11-13,Chloramphenicol,10,6.0,60.0
2023-11-13,Ciprofloxacin 500mg,19,5.5,104.5
2023-11-13,Vitamin B Complex,2,2.5,5.0
2023-11-13,Platelet Support,2,25.0,50.0
2023-11-14,Oseltamivir 75mg,19,12.0,228.0
2023-11-14,Paracetamol 500mg,58,1.5,87.0
2023-11-14,Cough Syrup,46,3.0,138.0
2023-11-14,Ibuprofen 200mg,51,1.0,51.0
2023-11-14,Vitamin C,20,0.8,16.0
2023-11-14,Artemether IV,9,15.0,135.0
2023-11-14,Quinine 500mg,21,8.0,168.0
2023-11-14,Amoxicillin 250mg,24,4.0,96.0
2023-11-14,Chloramphenicol,18,6.0,108.0
2023-11-14,Ciprofloxacin 500mg,22,5.5,121.0
2023-11-14,Aspirin 325mg,2,0.8,1.6
2023-11-14,Vitamin B Complex,3,2.5,7.5
2023-11-14,Platelet Support,6,25.0,150.0
2023-11-15,Oseltamivir 75mg,22,12.0,264.0
2023-11-15,Paracetamol 500mg,66,1.5,99.0
2023-11-15,Cough Syrup,39,3.0,117.0
2023-11-15,Ibuprofen 200mg,40,1.0,40.0
2023-11-15,Vitamin C,12,0.8,9.600000000000001
2023-11-15,Artemether IV,15,15.0,225.0
2023-11-15,Quinine 500mg,10,8.0,80.0
2023-11-15,Amoxicillin 250mg,28,4.0,112.0
2023-11-15,Chloramphenicol,18,6.0,108.0
2023-11-15,Ciprofloxacin 500mg,21,5.5,115.5
2023-11-15,Aspirin 325mg,4,0.8,3.2
2023-11-15,Vitamin B Complex,1,2.5,2.5
2023-11-15,Platelet Support,5,25.0,125.0
2023-11-16,Oseltamivir 75mg,28,12.0,336.0
2023-11-16,Paracetamol 500mg,73,1.5,109.5
2023-11-16,Cough Syrup,33,3.0,99.0
2023-11-16,Ibuprofen 200mg,36,1.0,36.0
2023-11-16,Vitamin C,19,0.8,15.200000000000001
2023-11-16,Artemether IV,12,15.0,180.0
2023-11-16,Quinine 500mg,11,8.0,88.0
2023-11-16,Amoxicillin 250mg,15,4.0,60.0
2023-11-16,Chloramphenicol,14,6.0,84.0
2023-11-16,Ciprofloxacin 500mg,19,5.5,104.5
2023-11-16,Aspirin 325mg,1,0.8,0.8
2023-11-16,Vitamin B Complex,1,2.5,2.5
2023-11-16,Platelet Support,1,25.0,25.0
2023-11-17,Oseltamivir 75mg,27,12.0,324.0
2023-11-17,Paracetamol 500mg,62,1.5,93.0
2023-11-17,Cough Syrup,36,3.0,108.0
2023-11-17,Ibuprofen 200mg,34,1.0,34.0
2023-11-17,Vitamin C,24,0.8,19.200000000000003
2023-11-17,Artemether IV,15,15.0,225.0
2023-11-17,Quinine 500mg,17,8.0,136.0
2023-11-17,Amoxicillin 250mg,25,4.0,100.0
2023-11-17,Chloramphenicol,12,6.0,72.0
2023-11-17,Ciprofloxacin 500mg,33,5.5,181.5
2023-11-17,Aspirin 325mg,1,0.8,0.8
2023-11-17,Vitamin B Complex,6,2.5,15.0
2023-11-17,Platelet Support,7,25.0,175.0
2023-11-18,Oseltamivir 75mg,23,12.0,276.0
2023-11-18,Paracetamol 500mg,49,1.5,73.5
2023-11-18,Cough Syrup,44,3.0,132.0
2023-11-18,Ibuprofen 200mg,24,1.0,24.0
2023-11-18,Vitamin C,29,0.8,23.200000000000003
2023-11-18,Artemether IV,15,15.0,225.0
2023-11-18,Quinine 500mg,16,8.0,128.0
2023-11-18,Amoxicillin 250mg,26,4.0,104.0
2023-11-18,Chloramphenicol,12,6.0,72.0
2023-11-18,Ciprofloxacin 500mg,31,5.5,170.5
2023-11-18,Aspirin 325mg,2,0.8,1.6
2023-11-18,Vitamin B Complex,2,2.5,5.0
2023-11-18,Platelet Support,2,25.0,50.0
2023-11-19,Oseltamivir 75mg,23,12.0,276.0
2023-11-19,Paracetamol 500mg,60,1.5,90.0
2023-11-19,Cough Syrup,44,3.0,132.0
2023-11-19,Ibuprofen 200mg,26,1.0,26.0
2023-11-19,Vitamin C,22,0.8,17.6
2023-11-19,Artemether IV,11,15.0,165.0
2023-11-19,Quinine 500mg,9,8.0,72.0
2023-11-19,Amoxicillin 250mg,28,4.0,112.0
2023-11-19,Chloramphenicol,15,6.0,90.0
2023-11-19,Ciprofloxacin 500mg,27,5.5,148.5
2023-11-19,Aspirin 325mg,2,0.8,1.6
2023-11-19,Vitamin B Complex,3,2.5,7.5
2023-11-19,Platelet Support,4,25.0,100.0
2023-11-20,Oseltamivir 75mg,19,12.0,228.0
2023-11-20,Paracetamol 500mg,81,1.5,121.5
2023-11-20,Cough Syrup,45,3.0,135.0
2023-11-20,Ibuprofen 200mg,44,1.0,44.0
2023-11-20,Vitamin C,32,0.8,25.6
2023-11-20,Artemether IV,11,15.0,165.0
2023-11-20,Quinine 500mg,22,8.0,176.0
2023-11-20,Amoxicillin 250mg,23,4.0,92.0
2023-11-20,Chloramphenicol,13,6.0,78.0
2023-11-20,Ciprofloxacin 500mg,18,5.5,99.0
2023-11-20,Aspirin 325mg,1,0.8,0.8
2023-11-20,Vitamin B Complex,3,2.5,7.5
2023-11-20,Platelet Support,1,25.0,25.0
2023-11-21,Oseltamivir 75mg,25,12.0,300.0
2023-11-21,Paracetamol 500mg,56,1.5,84.0
2023-11-21,Vitamin C,25,0.8,20.0
2023-11-21,Cough Syrup,32,3.0,96.0
2023-11-21,Artemether IV,13,15.0,195.0
2023-11-21,Quinine 500mg,14,8.0,112.0
2023-11-21,Ibuprofen 200mg,28,1.0,28.0
2023-11-21,Amoxicillin 250mg,26,4.0,104.0
2023-11-21,Chloramphenicol,14,6.0,84.0
2023-11-21,Ciprofloxacin 500mg,23,5.5,126.5
2023-11-21,Aspirin 325mg,2,0.8,1.6
2023-11-21,Vitamin B Complex,2,2.5,5.0
2023-11-21,Platelet Support,3,25.0,75.0
2023-11-22,Oseltamivir 75mg,17,12.0,204.0
2023-11-22,Paracetamol 500mg,53,1.5,79.5
2023-11-22,Vitamin C,22,0.8,17.6
2023-11-22,Cough Syrup,35,3.0,105.0
2023-11-22,Artemether IV,18,15.0,270.0
2023-11-22,Quinine 500mg,11,8.0,88.0
2023-11-22,Ibuprofen 200mg,28,1.0,28.0
2023-11-22,Amoxicillin 250mg,25,4.0,100.0
2023-11-22,Chloramphenicol,11,6.0,66.0
2023-11-22,Ciprofloxacin 500mg,20,5.5,110.0
2023-11-22,Aspirin 325mg,2,0.8,1.6
2023-11-22,Vitamin B Complex,2,2.5,5.0
2023-11-22,Platelet Support,4,25.0,100.0
2023-11-23,Oseltamivir 75mg,33,12.0,396.0
2023-11-23,Paracetamol 500mg,66,1.5,99.0
2023-11-23,Cough Syrup,38,3.0,114.0
2023-11-23,Ibuprofen 200mg,32,1.0,32.0
2023-11-23,Vitamin C,33,0.8,26.400000000000002
2023-11-23,Artemether IV,21,15.0,315.0
2023-11-23,Quinine 500mg,22,8.0,176.0
2023-11-23,Amoxicillin 250mg,15,4.0,60.0
2023-11-23,Chloramphenicol,11,6.0,66.0
2023-11-23,Ciprofloxacin 500mg,14,5.5,77.0
2023-11-23,Aspirin 325mg,2,0.8,1.6
2023-11-23,Vitamin B Complex,3,2.5,7.5
2023-11-23,Platelet Support,3,25.0,75.0
2023-11-24,Oseltamivir 75mg,21,12.0,252.0
2023-11-24,Paracetamol 500mg,52,1.5,78.0
2023-11-24,Cough Syrup,36,3.0,108.0
2023-11-24,Ibuprofen 200mg,36,1.0,36.0
2023-11-24,Vitamin C,24,0.8,19.200000000000003
2023-11-24,Artemether IV,20,15.0,300.0
2023-11-24,Quinine 500mg,23,8.0,184.0
2023-11-24,Amoxicillin 250mg,5,4.0,20.0
2023-11-24,Chloramphenicol,12,6.0,72.0
2023-11-24,Ciprofloxacin 500mg,7,5.5,38.5
2023-11-24,Aspirin 325mg,1,0.8,0.8
2023-11-24,Vitamin B Complex,1,2.5,2.5
2023-11-24,Platelet Support,4,25.0,100.0
2023-11-25,Oseltamivir 75mg,20,12.0,240.0
2023-11-25,Paracetamol 500mg,48,1.5,72.0
2023-11-25,Cough Syrup,32,3.0,96.0
2023-11-25,Ibuprofen 200mg,26,1.0,26.0
2023-11-25,Vitamin C,35,0.8,28.0
2023-11-25,Artemether IV,15,15.0,225.0
2023-11-25,Quinine 500mg,10,8.0,80.0
2023-11-25,Amoxicillin 250mg,8,4.0,32.0
2023-11-25,Chloramphenicol,12,6.0,72.0
2023-11-25,Ciprofloxacin 500mg,7,5.5,38.5
2023-11-25,Vitamin B Complex,2,2.5,5.0
2023-11-25,Platelet Support,2,25.0,50.0
2023-11-26,Oseltamivir 75mg,24,12.0,288.0
2023-11-26,Paracetamol 500mg,45,1.5,67.5
2023-11-26,Vitamin C,35,0.8,28.0
2023-11-26,Cough Syrup,33,3.0,99.0
2023-11-26,Artemether IV,14,15.0,210.0
2023-11-26,Quinine 500mg,28,8.0,224.0
2023-11-26,Ibuprofen 200mg,24,1.0,24.0
2023-11-26,Amoxicillin 250mg,15,4.0,60.0
2023-11-26,Chloramphenicol,13,6.0,78.0
2023-11-26,Ciprofloxacin 500mg,15,5.5,82.5
2023-11-26,Aspirin 325mg,2,0.8,1.6
2023-11-26,Vitamin B Complex,5,2.5,12.5
2023-11-26,Platelet Support,3,25.0,75.0
2023-11-27,Oseltamivir 75mg,16,12.0,192.0
2023-11-27,Paracetamol 500mg,48,1.5,72.0
2023-11-27,Vitamin C,14,0.8,11.200000000000001
2023-11-27,Cough Syrup,21,3.0,63.0
2023-11-27,Artemether IV,13,15.0,195.0
2023-11-27,Quinine 500mg,17,8.0,136.0
2023-11-27,Ibuprofen 200mg,20,1.0,20.0
2023-11-27,Amoxicillin 250mg,7,4.0,28.0
2023-11-27,Chloramphenicol,11,6.0,66.0
2023-11-27,Ciprofloxacin 500mg,7,5.5,38.5
2023-11-27,Aspirin 325mg,2,0.8,1.6
2023-11-27,Vitamin B Complex,2,2.5,5.0
2023-11-27,Platelet Support,5,25.0,125.0
2023-11-28,Oseltamivir 75mg,18,12.0,216.0
2023-11-28,Paracetamol 500mg,60,1.5,90.0
2023-11-28,Vitamin C,26,0.8,20.8
2023-11-28,Cough Syrup,30,3.0,90.0
2023-11-28,Artemether IV,11,15.0,165.0
2023-11-28,Quinine 500mg,15,8.0,120.0
2023-11-28,Ibuprofen 200mg,22,1.0,22.0
2023-11-28,Amoxicillin 250mg,17,4.0,68.0
2023-11-28,Chloramphenicol,16,6.0,96.0
2023-11-28,Ciprofloxacin 500mg,25,5.5,137.5
2023-11-28,Aspirin 325mg,2,0.8,1.6
2023-11-28,Vitamin B Complex,3,2.5,7.5
2023-11-28,Platelet Support,1,25.0,25.0
2023-11-29,Oseltamivir 75mg,22,12.0,264.0
2023-11-29,Paracetamol 500mg,49,1.5,73.5
2023-11-29,Vitamin C,23,0.8,18.400000000000002
2023-11-29,Cough Syrup,25,3.0,75.0
2023-11-29,Artemether IV,11,15.0,165.0
2023-11-29,Quinine 500mg,12,8.0,96.0
2023-11-29,Ibuprofen 200mg,17,1.0,17.0
2023-11-29,Amoxicillin 250mg,21,4.0,84.0
2023-11-29,Chloramphenicol,13,6.0,78.0
2023-11-29,Ciprofloxacin 500mg,26,5.5,143.0
2023-11-29,Vitamin B Complex,2,2.5,5.0
2023-11-29,Platelet Support,2,25.0,50.0
2023-11-30,Oseltamivir 75mg,15,12.0,180.0
2023-11-30,Paracetamol 500mg,54,1.5,81.0
2023-11-30,Vitamin C,22,0.8,17.6
2023-11-30,Cough Syrup,30,3.0,90.0
2023-11-30,Artemether IV,15,15.0,225.0
2023-11-30,Quinine 500mg,22,8.0,176.0
2023-11-30,Ibuprofen 200mg,26,1.0,26.0
2023-11-30,Amoxicillin 250mg,7,4.0,28.0
2023-11-30,Chloramphenicol,15,6.0,90.0
2023-11-30,Ciprofloxacin 500mg,13,5.5,71.5
2023-11-30,Aspirin 325mg,2,0.8,1.6
2023-11-30,Platelet Support,6,25.0,150.0
2023-12-01,Oseltamivir 75mg,19,12.0,228.0
2023-12-01,Paracetamol 500mg,51,1.5,76.5
2023-12-01,Cough Syrup,41,3.0,123.0
2023-12-01,Ibuprofen 200mg,27,1.0,27.0
2023-12-01,Vitamin C,21,0.8,16.8
2023-12-01,Artemether IV,6,15.0,90.0
2023-12-01,Quinine 500mg,7,8.0,56.0
2023-12-01,Amoxicillin 250mg,19,4.0,76.0
2023-12-01,Chloramphenicol,16,6.0,96.0
2023-12-01,Ciprofloxacin 500mg,23,5.5,126.5
2023-12-01,Aspirin 325mg,4,0.8,3.2
2023-12-01,Vitamin B Complex,2,2.5,5.0
2023-12-01,Platelet Support,2,25.0,50.0
2023-12-02,Oseltamivir 75mg,23,12.0,276.0
2023-12-02,Paracetamol 500mg,49,1.5,73.5
2023-12-02,Cough Syrup,42,3.0,126.0
2023-12-02,Ibuprofen 200mg,30,1.0,30.0
2023-12-02,Vitamin C,26,0.8,20.8
2023-12-02,Artemether IV,7,15.0,105.0
2023-12-02,Quinine 500mg,11,8.0,88.0
2023-12-02,Amoxicillin 250mg,21,4.0,84.0
2023-12-02,Chloramphenicol,16,6.0,96.0
2023-12-02,Ciprofloxacin 500mg,27,5.5,148.5
2023-12-02,Aspirin 325mg,4,0.8,3.2
2023-12-02,Vitamin B Complex,3,2.5,7.5
2023-12-02,Platelet Support,3,25.0,75.0
2023-12-03,Oseltamivir 75mg,21,12.0,252.0
2023-12-03,Paracetamol 500mg,68,1.5,102.0
2023-12-03,Cough Syrup,29,3.0,87.0
2023-12-03,Ibuprofen 200mg,23,1.0,23.0
2023-12-03,Vitamin C,31,0.8,24.8
2023-12-03,Artemether IV,10,15.0,150.0
2023-12-03,Quinine 500mg,11,8.0,88.0
2023-12-03,Amoxicillin 250mg,14,4.0,56.0
2023-12-03,Chloramphenicol,14,6.0,84.0
2023-12-03,Ciprofloxacin 500mg,20,5.5,110.0
2023-12-03,Aspirin 325mg,5,0.8,4.0
2023-12-03,Vitamin B Complex,5,2.5,12.5
2023-12-03,Platelet Support,6,25.0,150.0
2023-12-04,Oseltamivir 75mg,23,12.0,276.0
2023-12-04,Paracetamol 500mg,54,1.5,81.0
2023-12-04,Vitamin C,21,0.8,16.8
2023-12-04,Cough Syrup,37,3.0,111.0
2023-12-04,Artemether IV,12,15.0,180.0
2023-12-04,Quinine 500mg,10,8.0,80.0
2023-12-04,Ibuprofen 200mg,19,1.0,19.0
2023-12-04,Amoxicillin 250mg,28,4.0,112.0
2023-12-04,Chloramphenicol,12,6.0,72.0
2023-12-04,Ciprofloxacin 500mg,17,5.5,93.5
2023-12-04,Aspirin 325mg,3,0.8,2.4000000000000004
2023-12-04,Vitamin B Complex,3,2.5,7.5
2023-12-04,Platelet Support,5,25.0,125.0
2023-12-05,Oseltamivir 75mg,26,12.0,312.0
2023-12-05,Paracetamol 500mg,54,1.5,81.0
2023-12-05,Cough Syrup,40,3.0,120.0
2023-12-05,Ibuprofen 200mg,26,1.0,26.0
2023-12-05,Vitamin C,38,0.8,30.400000000000002
2023-12-05,Artemether IV,4,15.0,60.0
2023-12-05,Quinine 500mg,12,8.0,96.0
2023-12-05,Amoxicillin 250mg,9,4.0,36.0
2023-12-05,Chloramphenicol,7,6.0,42.0
2023-12-05,Ciprofloxacin 500mg,16,5.5,88.0
2023-12-05,Aspirin 325mg,1,0.8,0.8
2023-12-05,Vitamin B Complex,4,2.5,10.0
2023-12-05,Platelet Support,4,25.0,100.0
2023-12-06,Oseltamivir 75mg,24,12.0,288.0
2023-12-06,Paracetamol 500mg,65,1.5,97.5
2023-12-06,Cough Syrup,34,3.0,102.0
2023-12-06,Ibuprofen 200mg,22,1.0,22.0
2023-12-06,Vitamin C,17,0.8,13.600000000000001
2023-12-06,Artemether IV,9,15.0,135.0
2023-12-06,Quinine 500mg,13,8.0,104.0
2023-12-06,Amoxicillin 250mg,28,4.0,112.0
2023-12-06,Chloramphenicol,11,6.0,66.0
2023-12-06,Ciprofloxacin 500mg,21,5.5,115.5
2023-12-06,Aspirin 325mg,3,0.8,2.4000000000000004
2023-12-06,Vitamin B Complex,2,2.5,5.0
2023-12-06,Platelet Support,4,25.0,100.0
2023-12-07,Oseltamivir 75mg,24,12.0,288.0
2023-12-07,Paracetamol 500mg,77,1.5,115.5
2023-12-07,Cough Syrup,51,3.0,153.0
2023-12-07,Ibuprofen 200mg,23,1.0,23.0
2023-12-07,Vitamin C,32,0.8,25.6
2023-12-07,Artemether IV,6,15.0,90.0
2023-12-07,Quinine 500mg,6,8.0,48.0
2023-12-07,Amoxicillin 250mg,26,4.0,104.0
2023-12-07,Chloramphenicol,14,6.0,84.0
2023-12-07,Ciprofloxacin 500mg,28,5.5,154.0
2023-12-07,Aspirin 325mg,2,0.8,1.6
2023-12-07,Vitamin B Complex,3,2.5,7.5
2023-12-07,Platelet Support,6,25.0,150.0
2023-12-08,Oseltamivir 75mg,14,12.0,168.0
2023-12-08,Paracetamol 500mg,64,1.5,96.0
2023-12-08,Cough Syrup,35,3.0,105.0
2023-12-08,Ibuprofen 200mg,29,1.0,29.0
2023-12-08,Vitamin C,24,0.8,19.200000000000003
2023-12-08,Artemether IV,15,15.0,225.0
2023-12-08,Quinine 500mg,16,8.0,128.0
2023-12-08,Amoxicillin 250mg,22,4.0,88.0
2023-12-08,Chloramphenicol,23,6.0,138.0
2023-12-08,Ciprofloxacin 500mg,21,5.5,115.5
2023-12-08,Aspirin 325mg,3,0.8,2.4000000000000004
2023-12-08,Vitamin B Complex,2,2.5,5.0
2023-12-08,Platelet Support,2,25.0,50.0
2023-12-09,Oseltamivir 75mg,10,12.0,120.0
2023-12-09,Paracetamol 500mg,64,1.5,96.0
2023-12-09,Cough Syrup,33,3.0,99.0
2023-12-09,Ibuprofen 200mg,43,1.0,43.0
2023-12-09,Vitamin C,32,0.8,25.6
2023-12-09,Artemether IV,14,15.0,210.0
2023-12-09,Quinine 500mg,17,8.0,136.0
2023-12-09,Platelet Support,3,25.0,75.0
2023-12-09,Amoxicillin 250mg,19,4.0,76.0
2023-12-09,Chloramphenicol,16,6.0,96.0
2023-12-09,Ciprofloxacin 500mg,21,5.5,115.5
2023-12-09,Aspirin 325mg,4,0.8,3.2
2023-12-09,Vitamin B Complex,3,2.5,7.5
2023-12-10,Oseltamivir 75mg,25,12.0,300.0
2023-12-10,Paracetamol 500mg,79,1.5,118.5
2023-12-10,Cough Syrup,36,3.0,108.0
2023-12-10,Ibuprofen 200mg,53,1.0,53.0
2023-12-10,Vitamin C,30,0.8,24.0
2023-12-10,Artemether IV,15,15.0,225.0
2023-12-10,Quinine 500mg,22,8.0,176.0
2023-12-10,Platelet Support,12,25.0,300.0
2023-12-10,Amoxicillin 250mg,15,4.0,60.0
2023-12-10,Chloramphenicol,20,6.0,120.0
2023-12-10,Ciprofloxacin 500mg,23,5.5,126.5
2023-12-10,Aspirin 325mg,4,0.8,3.2
2023-12-10,Vitamin B Complex,2,2.5,5.0
2023-12-11,Oseltamivir 75mg,20,12.0,240.0
2023-12-11,Paracetamol 500mg,72,1.5,108.0
2023-12-11,Cough Syrup,51,3.0,153.0
2023-12-11,Ibuprofen 200mg,43,1.0,43.0
2023-12-11,Vitamin C,33,0.8,26.400000000000002
2023-12-11,Artemether IV,13,15.0,195.0
2023-12-11,Quinine 500mg,17,8.0,136.0
2023-12-11,Platelet Support,3,25.0,75.0
2023-12-11,Amoxicillin 250mg,15,4.0,60.0
2023-12-11,Chloramphenicol,14,6.0,84.0
2023-12-11,Ciprofloxacin 500mg,22,5.5,121.0
2023-12-11,Aspirin 325mg,6,0.8,4.800000000000001
2023-12-11,Vitamin B Complex,4,2.5,10.0
2023-12-12,Oseltamivir 75mg,25,12.0,300.0
2023-12-12,Paracetamol 500mg,68,1.5,102.0
2023-12-12,Cough Syrup,33,3.0,99.0
2023-12-12,Ibuprofen 200mg,31,1.0,31.0
2023-12-12,Vitamin C,37,0.8,29.6
2023-12-12,Artemether IV,12,15.0,180.0
2023-12-12,Quinine 500mg,14,8.0,112.0
2023-12-12,Amoxicillin 250mg,13,4.0,52.0
2023-12-12,Chloramphenicol,19,6.0,114.0
2023-12-12,Ciprofloxacin 500mg,15,5.5,82.5
2023-12-12,Aspirin 325mg,1,0.8,0.8
2023-12-12,Vitamin B Complex,4,2.5,10.0
2023-12-12,Platelet Support,4,25.0,100.0
2023-12-13,Oseltamivir 75mg,27,12.0,324.0
2023-12-13,Paracetamol 500mg,81,1.5,121.5
2023-12-13,Cough Syrup,39,3.0,117.0
2023-12-13,Ibuprofen 200mg,40,1.0,40.0
2023-12-13,Vitamin C,27,0.8,21.6
2023-12-13,Artemether IV,13,15.0,195.0
2023-12-13,Quinine 500mg,20,8.0,160.0
2023-12-13,Amoxicillin 250mg,21,4.0,84.0
2023-12-13,Chloramphenicol,20,6.0,120.0
2023-12-13,Ciprofloxacin 500mg,17,5.5,93.5
2023-12-13,Aspirin 325mg,4,0.8,3.2
2023-12-13,Vitamin B Complex,5,2.5,12.5
2023-12-13,Platelet Support,2,25.0,50.0
2023-12-14,Oseltamivir 75mg,34,12.0,408.0
2023-12-14,Paracetamol 500mg,60,1.5,90.0
2023-12-14,Cough Syrup,36,3.0,108.0
2023-12-14,Ibuprofen 200mg,45,1.0,45.0
2023-12-14,Vitamin C,29,0.8,23.200000000000003
2023-12-14,Artemether IV,14,15.0,210.0
2023-12-14,Quinine 500mg,16,8.0,128.0
2023-12-14,Amoxicillin 250mg,17,4.0,68.0
2023-12-14,Chloramphenicol,13,6.0,78.0
2023-12-14,Ciprofloxacin 500mg,15,5.5,82.5
2023-12-14,Aspirin 325mg,1,0.8,0.8
2023-12-14,Vitamin B Complex,4,2.5,10.0
2023-12-14,Platelet Support,1,25.0,25.0
2023-12-15,Oseltamivir 75mg,18,12.0,216.0
2023-12-15,Paracetamol 500mg,61,1.5,91.5
2023-12-15,Cough Syrup,34,3.0,102.0
2023-12-15,Ibuprofen 200mg,49,1.0,49.0
2023-12-15,Vitamin C,32,0.8,25.6
2023-12-15,Artemether IV,12,15.0,180.0
2023-12-15,Quinine 500mg,15,8.0,120.0
2023-12-15,Platelet Support,6,25.0,150.0
2023-12-15,Amoxicillin 250mg,14,4.0,56.0
2023-12-15,Chloramphenicol,12,6.0,72.0
2023-12-15,Ciprofloxacin 500mg,14,5.5,77.0
2023-12-15,Aspirin 325mg,5,0.8,4.0
2023-12-15,Vitamin B Complex,2,2.5,5.0
2023-12-16,Oseltamivir 75mg,16,12.0,192.0
2023-12-16,Paracetamol 500mg,67,1.5,100.5
2023-12-16,Cough Syrup,27,3.0,81.0
2023-12-16,Ibuprofen 200mg,38,1.0,38.0
2023-12-16,Vitamin C,24,0.8,19.200000000000003
2023-12-16,Artemether IV,16,15.0,240.0
2023-12-16,Quinine 500mg,12,8.0,96.0
2023-12-16,Platelet Support,7,25.0,175.0
2023-12-16,Amoxicillin 250mg,17,4.0,68.0
2023-12-16,Chloramphenicol,15,6.0,90.0
2023-12-16,Ciprofloxacin 500mg,19,5.5,104.5
2023-12-16,Aspirin 325mg,1,0.8,0.8
2023-12-16,Vitamin B Complex,2,2.5,5.0
2023-12-17,Oseltamivir 75mg,27,12.0,324.0
2023-12-17,Paracetamol 500mg,63,1.5,94.5
2023-12-17,Cough Syrup,33,3.0,99.0
2023-12-17,Ibuprofen 200mg,37,1.0,37.0
2023-12-17,Vitamin C,27,0.8,21.6
2023-12-17,Artemether IV,18,15.0,270.0
2023-12-17,Quinine 500mg,10,8.0,80.0
2023-12-17,Platelet Support,3,25.0,75.0
2023-12-17,Amoxicillin 250mg,18,4.0,72.0
2023-12-17,Chloramphenicol,19,6.0,114.0
2023-12-17,Ciprofloxacin 500mg,22,5.5,121.0
2023-12-17,Aspirin 325mg,2,0.8,1.6
2023-12-17,Vitamin B Complex,3,2.5,7.5
2023-12-18,Oseltamivir 75mg,14,12.0,168.0
2023-12-18,Paracetamol 500mg,53,1.5,79.5
2023-12-18,Cough Syrup,24,3.0,72.0
2023-12-18,Ibuprofen 200mg,22,1.0,22.0
2023-12-18,Vitamin C,26,0.8,20.8
2023-12-18,Artemether IV,17,15.0,255.0
2023-12-18,Quinine 500mg,8,8.0,64.0
2023-12-18,Amoxicillin 250mg,10,4.0,40.0
2023-12-18,Chloramphenicol,12,6.0,72.0
2023-12-18,Ciprofloxacin 500mg,13,5.5,71.5
2023-12-18,Aspirin 325mg,2,0.8,1.6
2023-12-18,Vitamin B Complex,3,2.5,7.5
2023-12-18,Platelet Support,4,25.0,100.0
2023-12-19,Oseltamivir 75mg,22,12.0,264.0
2023-12-19,Paracetamol 500mg,65,1.5,97.5
2023-12-19,Cough Syrup,33,3.0,99.0
2023-12-19,Ibuprofen 200mg,34,1.0,34.0
2023-12-19,Vitamin C,22,0.8,17.6
2023-12-19,Artemether IV,9,15.0,135.0
2023-12-19,Quinine 500mg,9,8.0,72.0
2023-12-19,Amoxicillin 250mg,15,4.0,60.0
2023-12-19,Chloramphenicol,15,6.0,90.0
2023-12-19,Ciprofloxacin 500mg,26,5.5,143.0
2023-12-19,Aspirin 325mg,2,0.8,1.6
2023-12-19,Vitamin B Complex,7,2.5,17.5
2023-12-19,Platelet Support,2,25.0,50.0
2023-12-20,Oseltamivir 75mg,22,12.0,264.0
2023-12-20,Paracetamol 500mg,72,1.5,108.0
2023-12-20,Cough Syrup,42,3.0,126.0
2023-12-20,Ibuprofen 200mg,33,1.0,33.0
2023-12-20,Vitamin C,27,0.8,21.6
2023-12-20,Artemether IV,6,15.0,90.0
2023-12-20,Quinine 500mg,12,8.0,96.0
2023-12-20,Amoxicillin 250mg,24,4.0,96.0
2023-12-20,Chloramphenicol,12,6.0,72.0
2023-12-20,Ciprofloxacin 500mg,18,5.5,99.0
2023-12-20,Aspirin 325mg,1,0.8,0.8
2023-12-20,Vitamin B Complex,4,2.5,10.0
2023-12-20,Platelet Support,4,25.0,100.0
2023-12-21,Oseltamivir 75mg,19,12.0,228.0
2023-12-21,Paracetamol 500mg,61,1.5,91.5
2023-12-21,Cough Syrup,39,3.0,117.0
2023-12-21,Ibuprofen 200mg,29,1.0,29.0
2023-12-21,Vitamin C,22,0.8,17.6
2023-12-21,Artemether IV,12,15.0,180.0
2023-12-21,Quinine 500mg,12,8.0,96.0
2023-12-21,Amoxicillin 250mg,21,4.0,84.0
2023-12-21,Chloramphenicol,9,6.0,54.0
2023-12-21,Ciprofloxacin 500mg,13,5.5,71.5
2023-12-21,Aspirin 325mg,2,0.8,1.6
2023-12-21,Vitamin B Complex,3,2.5,7.5
2023-12-21,Platelet Support,2,25.0,50.0
2023-12-22,Oseltamivir 75mg,12,12.0,144.0
2023-12-22,Paracetamol 500mg,57,1.5,85.5
2023-12-22,Cough Syrup,37,3.0,111.0
2023-12-22,Ibuprofen 200mg,37,1.0,37.0
2023-12-22,Vitamin C,16,0.8,12.8
2023-12-22,Artemether IV,14,15.0,210.0
2023-12-22,Quinine 500mg,10,8.0,80.0
2023-12-22,Amoxicillin 250mg,17,4.0,68.0
2023-12-22,Chloramphenicol,11,6.0,66.0
2023-12-22,Ciprofloxacin 500mg,16,5.5,88.0
2023-12-22,Aspirin 325mg,2,0.8,1.6
2023-12-22,Vitamin B Complex,3,2.5,7.5
2023-12-22,Platelet Support,6,25.0,150.0
2023-12-23,Oseltamivir 75mg,15,12.0,180.0
2023-12-23,Paracetamol 500mg,61,1.5,91.5
2023-12-23,Cough Syrup,30,3.0,90.0
2023-12-23,Ibuprofen 200mg,43,1.0,43.0
2023-12-23,Artemether IV,16,15.0,240.0
2023-12-23,Quinine 500mg,8,8.0,64.0
2023-12-23,Amoxicillin 250mg,27,4.0,108.0
2023-12-23,Chloramphenicol,13,6.0,78.0
2023-12-23,Ciprofloxacin 500mg,22,5.5,121.0
2023-12-23,Vitamin C,17,0.8,13.600000000000001
2023-12-23,Aspirin 325mg,1,0.8,0.8
2023-12-23,Vitamin B Complex,2,2.5,5.0
2023-12-23,Platelet Support,3,25.0,75.0
2023-12-24,Oseltamivir 75mg,9,12.0,108.0
2023-12-24,Paracetamol 500mg,51,1.5,76.5
2023-12-24,Cough Syrup,39,3.0,117.0
2023-12-24,Ibuprofen 200mg,52,1.0,52.0
2023-12-24,Artemether IV,9,15.0,135.0
2023-12-24,Quinine 500mg,7,8.0,56.0
2023-12-24,Platelet Support,12,25.0,300.0
2023-12-24,Vitamin C,21,0.8,16.8
2023-12-24,Amoxicillin 250mg,21,4.0,84.0
2023-12-24,Chloramphenicol,14,6.0,84.0
2023-12-24,Ciprofloxacin 500mg,15,5.5,82.5
2023-12-24,Aspirin 325mg,1,0.8,0.8
2023-12-24,Vitamin B Complex,1,2.5,2.5
2023-12-25,Oseltamivir 75mg,13,12.0,156.0
2023-12-25,Paracetamol 500mg,70,1.5,105.0
2023-12-25,Cough Syrup,47,3.0,141.0
2023-12-25,Ibuprofen 200mg,45,1.0,45.0
2023-12-25,Artemether IV,12,15.0,180.0
2023-12-25,Quinine 500mg,12,8.0,96.0
2023-12-25,Platelet Support,11,25.0,275.0
2023-12-25,Vitamin C,19,0.8,15.200000000000001
2023-12-25,Amoxicillin 250mg,16,4.0,64.0
2023-12-25,Chloramphenicol,11,6.0,66.0
2023-12-25,Ciprofloxacin 500mg,21,5.5,115.5
2023-12-25,Aspirin 325mg,3,0.8,2.4000000000000004
2023-12-25,Vitamin B Complex,3,2.5,7.5
2023-12-26,Oseltamivir 75mg,25,12.0,300.0
2023-12-26,Paracetamol 500mg,53,1.5,79.5
2023-12-26,Cough Syrup,40,3.0,120.0
2023-12-26,Ibuprofen 200mg,41,1.0,41.0
2023-12-26,Artemether IV,9,15.0,135.0
2023-12-26,Quinine 500mg,9,8.0,72.0
2023-12-26,Platelet Support,8,25.0,200.0
2023-12-26,Vitamin C,12,0.8,9.600000000000001
2023-12-26,Amoxicillin 250mg,27,4.0,108.0
2023-12-26,Chloramphenicol,16,6.0,96.0
2023-12-26,Ciprofloxacin 500mg,26,5.5,143.0
2023-12-26,Aspirin 325mg,3,0.8,2.4000000000000004
2023-12-26,Vitamin B Complex,2,2.5,5.0
2023-12-27,Oseltamivir 75mg,14,12.0,168.0
2023-12-27,Paracetamol 500mg,63,1.5,94.5
2023-12-27,Cough Syrup,40,3.0,120.0
2023-12-27,Ibuprofen 200mg,50,1.0,50.0
2023-12-27,Artemether IV,7,15.0,105.0
2023-12-27,Quinine 500mg,11,8.0,88.0
2023-12-27,Platelet Support,10,25.0,250.0
2023-12-27,Vitamin C,20,0.8,16.0
2023-12-27,Amoxicillin 250mg,32,4.0,128.0
2023-12-27,Chloramphenicol,14,6.0,84.0
2023-12-27,Ciprofloxacin 500mg,26,5.5,143.0
2023-12-27,Aspirin 325mg,3,0.8,2.4000000000000004
2023-12-27,Vitamin B Complex,2,2.5,5.0
2023-12-28,Oseltamivir 75mg,15,12.0,180.0
2023-12-28,Paracetamol 500mg,67,1.5,100.5
2023-12-28,Cough Syrup,52,3.0,156.0
2023-12-28,Ibuprofen 200mg,39,1.0,39.0
2023-12-28,Artemether IV,7,15.0,105.0
2023-12-28,Quinine 500mg,10,8.0,80.0
2023-12-28,Platelet Support,12,25.0,300.0
2023-12-28,Vitamin C,24,0.8,19.200000000000003
2023-12-28,Amoxicillin 250mg,15,4.0,60.0
2023-12-28,Chloramphenicol,18,6.0,108.0
2023-12-28,Ciprofloxacin 500mg,34,5.5,187.0
2023-12-28,Aspirin 325mg,2,0.8,1.6
2023-12-28,Vitamin B Complex,2,2.5,5.0
2023-12-29,Oseltamivir 75mg,14,12.0,168.0
2023-12-29,Paracetamol 500mg,72,1.5,108.0
2023-12-29,Cough Syrup,44,3.0,132.0
2023-12-29,Ibuprofen 200mg,40,1.0,40.0
2023-12-29,Artemether IV,4,15.0,60.0
2023-12-29,Quinine 500mg,7,8.0,56.0
2023-12-29,Platelet Support,10,25.0,250.0
2023-12-29,Vitamin C,29,0.8,23.200000000000003
2023-12-29,Amoxicillin 250mg,20,4.0,80.0
2023-12-29,Ciprofloxacin 500mg,18,5.5,99.0
2023-12-29,Aspirin 325mg,3,0.8,2.4000000000000004
2023-12-29,Chloramphenicol,1,6.0,6.0
2023-12-29,Vitamin B Complex,4,2.5,10.0
2023-12-30,Oseltamivir 75mg,18,12.0,216.0
2023-12-30,Paracetamol 500mg,59,1.5,88.5
2023-12-30,Cough Syrup,39,3.0,117.0
2023-12-30,Ibuprofen 200mg,45,1.0,45.0
2023-12-30,Platelet Support,6,25.0,150.0
2023-12-30,Vitamin C,16,0.8,12.8
2023-12-30,Amoxicillin 250mg,23,4.0,92.0
2023-12-30,Ciprofloxacin 500mg,9,5.5,49.5
2023-12-30,Aspirin 325mg,6,0.8,4.800000000000001
2023-12-30,Chloramphenicol,3,6.0,18.0
2023-12-30,Vitamin B Complex,3,2.5,7.5
2023-12-30,Artemether IV,2,15.0,30.0
2023-12-30,Quinine 500mg,2,8.0,16.0
2023-12-31,Oseltamivir 75mg,9,12.0,108.0
2023-12-31,Paracetamol 500mg,49,1.5,73.5
2023-12-31,Cough Syrup,56,3.0,168.0
2023-12-31,Ibuprofen 200mg,40,1.0,40.0
2023-12-31,Amoxicillin 250mg,17,4.0,68.0
2023-12-31,Ciprofloxacin 500mg,16,5.5,88.0
2023-12-31,Vitamin C,22,0.8,17.6
2023-12-31,Aspirin 325mg,4,0.8,3.2
2023-12-31,Chloramphenicol,3,6.0,18.0
2023-12-31,Vitamin B Complex,3,2.5,7.5
2023-12-31,Artemether IV,3,15.0,45.0
2023-12-31,Quinine 500mg,3,8.0,24.0
2023-12-31,Platelet Support,3,25.0,75.0
2024-01-01,Oseltamivir 75mg,14,12.0,168.0
2024-01-01,Paracetamol 500mg,42,1.5,63.0
2024-01-01,Cough Syrup,40,3.0,120.0
2024-01-01,Ibuprofen 200mg,27,1.0,27.0
2024-01-01,Amoxicillin 250mg,23,4.0,92.0
2024-01-01,Ciprofloxacin 500mg,15,5.5,82.5
2024-01-01,Vitamin C,15,0.8,12.0
2024-01-01,Aspirin 325mg,4,0.8,3.2
2024-01-01,Chloramphenicol,2,6.0,12.0
2024-01-01,Vitamin B Complex,1,2.5,2.5
2024-01-01,Artemether IV,3,15.0,45.0
2024-01-01,Quinine 500mg,3,8.0,24.0
2024-01-02,Oseltamivir 75mg,22,12.0,264.0
2024-01-02,Paracetamol 500mg,36,1.5,54.0
2024-01-02,Cough Syrup,37,3.0,111.0
2024-01-02,Ibuprofen 200mg,33,1.0,33.0
2024-01-02,Amoxicillin 250mg,13,4.0,52.0
2024-01-02,Ciprofloxacin 500mg,13,5.5,71.5
2024-01-02,Vitamin C,12,0.8,9.600000000000001
2024-01-02,Aspirin 325mg,4,0.8,3.2
2024-01-02,Vitamin B Complex,3,2.5,7.5
2024-01-02,Artemether IV,3,15.0,45.0
2024-01-02,Quinine 500mg,5,8.0,40.0
2024-01-02,Platelet Support,2,25.0,50.0
2024-01-03,Oseltamivir 75mg,13,12.0,156.0
2024-01-03,Paracetamol 500mg,35,1.5,52.5
2024-01-03,Cough Syrup,44,3.0,132.0
2024-01-03,Ibuprofen 200mg,22,1.0,22.0
2024-01-03,Amoxicillin 250mg,13,4.0,52.0
2024-01-03,Ciprofloxacin 500mg,19,5.5,104.5
2024-01-03,Vitamin C,21,0.8,16.8
2024-01-03,Aspirin 325mg,4,0.8,3.2
2024-01-03,Chloramphenicol,1,6.0,6.0
2024-01-03,Vitamin B Complex,7,2.5,17.5
2024-01-03,Artemether IV,4,15.0,60.0
2024-01-03,Quinine 500mg,3,8.0,24.0
2024-01-03,Platelet Support,5,25.0,125.0
2024-01-04,Oseltamivir 75mg,17,12.0,204.0
2024-01-04,Paracetamol 500mg,48,1.5,72.0
2024-01-04,Cough Syrup,40,3.0,120.0
2024-01-04,Ibuprofen 200mg,31,1.0,31.0
2024-01-04,Amoxicillin 250mg,18,4.0,72.0
2024-01-04,Ciprofloxacin 500mg,15,5.5,82.5
2024-01-04,Vitamin C,14,0.8,11.200000000000001
2024-01-04,Aspirin 325mg,3,0.8,2.4000000000000004
2024-01-04,Chloramphenicol,3,6.0,18.0
2024-01-04,Vitamin B Complex,3,2.5,7.5
2024-01-04,Artemether IV,4,15.0,60.0
2024-01-04,Quinine 500mg,5,8.0,40.0
2024-01-05,Oseltamivir 75mg,21,12.0,252.0
2024-01-05,Paracetamol 500mg,42,1.5,63.0
2024-01-05,Cough Syrup,48,3.0,144.0
2024-01-05,Ibuprofen 200mg,26,1.0,26.0
2024-01-05,Amoxicillin 250mg,22,4.0,88.0
2024-01-05,Ciprofloxacin 500mg,13,5.5,71.5
2024-01-05,Vitamin C,9,0.8,7.2
2024-01-05,Aspirin 325mg,1,0.8,0.8
2024-01-05,Chloramphenicol,4,6.0,24.0
2024-01-05,Vitamin B Complex,4,2.5,10.0
2024-01-05,Quinine 500mg,6,8.0,48.0
2024-01-05,Platelet Support,3,25.0,75.0
2024-01-06,Oseltamivir 75mg,28,12.0,336.0
2024-01-06,Paracetamol 500mg,47,1.5,70.5
2024-01-06,Cough Syrup,50,3.0,150.0
2024-01-06,Ibuprofen 200mg,27,1.0,27.0
2024-01-06,Amoxicillin 250mg,25,4.0,100.0
2024-01-06,Ciprofloxacin 500mg,14,5.5,77.0
2024-01-06,Vitamin C,15,0.8,12.0
2024-01-06,Aspirin 325mg,1,0.8,0.8
2024-01-06,Chloramphenicol,1,6.0,6.0
2024-01-06,Vitamin B Complex,6,2.5,15.0
2024-01-06,Artemether IV,1,15.0,15.0
2024-01-06,Quinine 500mg,4,8.0,32.0
2024-01-06,Platelet Support,3,25.0,75.0
2024-01-07,Oseltamivir 75mg,18,12.0,216.0
2024-01-07,Paracetamol 500mg,38,1.5,57.0
2024-01-07,Cough Syrup,59,3.0,177.0
2024-01-07,Ibuprofen 200mg,22,1.0,22.0
2024-01-07,Amoxicillin 250mg,18,4.0,72.0
2024-01-07,Ciprofloxacin 500mg,24,5.5,132.0
2024-01-07,Vitamin C,17,0.8,13.600000000000001
2024-01-07,Aspirin 325mg,2,0.8,1.6
2024-01-07,Chloramphenicol,3,6.0,18.0
2024-01-07,Vitamin B Complex,6,2.5,15.0
2024-01-07,Artemether IV,2,15.0,30.0
2024-01-07,Quinine 500mg,6,8.0,48.0
2024-01-07,Platelet Support,2,25.0,50.0
2024-01-08,Oseltamivir 75mg,14,12.0,168.0
2024-01-08,Paracetamol 500mg,36,1.5,54.0
2024-01-08,Cough Syrup,29,3.0,87.0
2024-01-08,Ibuprofen 200mg,23,1.0,23.0
2024-01-08,Amoxicillin 250mg,23,4.0,92.0
2024-01-08,Ciprofloxacin 500mg,15,5.5,82.5
2024-01-08,Vitamin C,11,0.8,8.8
2024-01-08,Aspirin 325mg,2,0.8,1.6
2024-01-08,Chloramphenicol,1,6.0,6.0
2024-01-08,Vitamin B Complex,1,2.5,2.5
2024-01-08,Artemether IV,2,15.0,30.0
2024-01-08,Quinine 500mg,3,8.0,24.0
2024-01-09,Oseltamivir 75mg,22,12.0,264.0
2024-01-09,Paracetamol 500mg,56,1.5,84.0
2024-01-09,Cough Syrup,34,3.0,102.0
2024-01-09,Ibuprofen 200mg,40,1.0,40.0
2024-01-09,Vitamin C,19,0.8,15.200000000000001
2024-01-09,Platelet Support,9,25.0,225.0
2024-01-09,Amoxicillin 250mg,20,4.0,80.0
2024-01-09,Ciprofloxacin 500mg,9,5.5,49.5
2024-01-09,Chloramphenicol,5,6.0,30.0
2024-01-09,Artemether IV,2,15.0,30.0
2024-01-09,Quinine 500mg,2,8.0,16.0
2024-01-10,Oseltamivir 75mg,21,12.0,252.0
2024-01-10,Paracetamol 500mg,51,1.5,76.5
2024-01-10,Cough Syrup,40,3.0,120.0
2024-01-10,Ibuprofen 200mg,31,1.0,31.0
2024-01-10,Vitamin C,21,0.8,16.8
2024-01-10,Artemether IV,7,15.0,105.0
2024-01-10,Quinine 500mg,6,8.0,48.0
2024-01-10,Amoxicillin 250mg,18,4.0,72.0
2024-01-10,Ciprofloxacin 500mg,9,5.5,49.5
2024-01-10,Aspirin 325mg,5,0.8,4.0
2024-01-10,Chloramphenicol,3,6.0,18.0
2024-01-10,Vitamin B Complex,6,2.5,15.0
2024-01-10,Platelet Support,1,25.0,25.0
2024-01-11,Oseltamivir 75mg,23,12.0,276.0
2024-01-11,Paracetamol 500mg,42,1.5,63.0
2024-01-11,Cough Syrup,38,3.0,114.0
2024-01-11,Ibuprofen 200mg,23,1.0,23.0
2024-01-11,Vitamin C,14,0.8,11.200000000000001
2024-01-11,Amoxicillin 250mg,15,4.0,60.0
2024-01-11,Ciprofloxacin 500mg,19,5.5,104.5
2024-01-11,Aspirin 325mg,2,0.8,1.6
2024-01-11,Chloramphenicol,5,6.0,30.0
2024-01-11,Vitamin B Complex,2,2.5,5.0
2024-01-11,Artemether IV,8,15.0,120.0
2024-01-11,Quinine 500mg,2,8.0,16.0
2024-01-11,Platelet Support,4,25.0,100.0
2024-01-12,Oseltamivir 75mg,23,12.0,276.0
2024-01-12,Paracetamol 500mg,39,1.5,58.5
2024-01-12,Cough Syrup,54,3.0,162.0
2024-01-12,Ibuprofen 200mg,28,1.0,28.0
2024-01-12,Vitamin C,30,0.8,24.0
2024-01-12,Amoxicillin 250mg,15,4.0,60.0
2024-01-12,Ciprofloxacin 500mg,15,5.5,82.5
2024-01-12,Aspirin 325mg,1,0.8,0.8
2024-01-12,Artemether IV,2,15.0,30.0
2024-01-12,Quinine 500mg,2,8.0,16.0
2024-01-12,Platelet Support,6,25.0,150.0
2024-01-13,Oseltamivir 75mg,19,12.0,228.0
2024-01-13,Paracetamol 500mg,35,1.5,52.5
2024-01-13,Cough Syrup,38,3.0,114.0
2024-01-13,Ibuprofen 200mg,20,1.0,20.0
2024-01-13,Vitamin C,19,0.8,15.200000000000001
2024-01-13,Amoxicillin 250mg,11,4.0,44.0
2024-01-13,Ciprofloxacin 500mg,12,5.5,66.0
2024-01-13,Aspirin 325mg,5,0.8,4.0
2024-01-13,Chloramphenicol,5,6.0,30.0
2024-01-13,Vitamin B Complex,5,2.5,12.5
2024-01-13,Quinine 500mg,4,8.0,32.0
2024-01-13,Platelet Support,1,25.0,25.0
2024-01-14,Oseltamivir 75mg,22,12.0,264.0
2024-01-14,Paracetamol 500mg,51,1.5,76.5
2024-01-14,Cough Syrup,49,3.0,147.0
2024-01-14,Ibuprofen 200mg,19,1.0,19.0
2024-01-14,Vitamin C,16,0.8,12.8
2024-01-14,Amoxicillin 250mg,17,4.0,68.0
2024-01-14,Ciprofloxacin 500mg,22,5.5,121.0
2024-01-14,Aspirin 325mg,4,0.8,3.2
2024-01-14,Chloramphenicol,4,6.0,24.0
2024-01-14,Vitamin B Complex,2,2.5,5.0
2024-01-14,Artemether IV,4,15.0,60.0
2024-01-14,Quinine 500mg,3,8.0,24.0
2024-01-14,Platelet Support,2,25.0,50.0
2024-01-15,Oseltamivir 75mg,29,12.0,348.0
2024-01-15,Paracetamol 500mg,42,1.5,63.0
2024-01-15,Cough Syrup,25,3.0,75.0
2024-01-15,Ibuprofen 200mg,24,1.0,24.0
2024-01-15,Vitamin C,24,0.8,19.200000000000003
2024-01-15,Amoxicillin 250mg,11,4.0,44.0
2024-01-15,Ciprofloxacin 500mg,14,5.5,77.0
2024-01-15,Aspirin 325mg,4,0.8,3.2
2024-01-15,Chloramphenicol,3,6.0,18.0
2024-01-15,Vitamin B Complex,3,2.5,7.5
2024-01-15,Artemether IV,5,15.0,75.0
2024-01-15,Quinine 500mg,4,8.0,32.0
2024-01-15,Platelet Support,1,25.0,25.0
2024-01-16,Oseltamivir 75mg,21,12.0,252.0
2024-01-16,Paracetamol 500mg,45,1.5,67.5
2024-01-16,Cough Syrup,41,3.0,123.0
2024-01-16,Ibuprofen 200mg,33,1.0,33.0
2024-01-16,Vitamin C,18,0.8,14.4
2024-01-16,Amoxicillin 250mg,10,4.0,40.0
2024-01-16,Ciprofloxacin 500mg,11,5.5,60.5
2024-01-16,Aspirin 325mg,4,0.8,3.2
2024-01-16,Chloramphenicol,1,6.0,6.0
2024-01-16,Vitamin B Complex,3,2.5,7.5
2024-01-16,Artemether IV,2,15.0,30.0
2024-01-16,Quinine 500mg,1,8.0,8.0
2024-01-16,Platelet Support,1,25.0,25.0
2024-01-17,Oseltamivir 75mg,27,12.0,324.0
2024-01-17,Paracetamol 500mg,40,1.5,60.0
2024-01-17,Cough Syrup,39,3.0,117.0
2024-01-17,Ibuprofen 200mg,23,1.0,23.0
2024-01-17,Vitamin C,18,0.8,14.4
2024-01-17,Amoxicillin 250mg,8,4.0,32.0
2024-01-17,Ciprofloxacin 500mg,11,5.5,60.5
2024-01-17,Aspirin 325mg,5,0.8,4.0
2024-01-17,Chloramphenicol,3,6.0,18.0
2024-01-17,Artemether IV,4,15.0,60.0
2024-01-17,Platelet Support,3,25.0,75.0
2024-01-18,Oseltamivir 75mg,18,12.0,216.0
2024-01-18,Paracetamol 500mg,58,1.5,87.0
2024-01-18,Cough Syrup,44,3.0,132.0
2024-01-18,Ibuprofen 200mg,27,1.0,27.0
2024-01-18,Vitamin C,12,0.8,9.600000000000001
2024-01-18,Amoxicillin 250mg,16,4.0,64.0
2024-01-18,Ciprofloxacin 500mg,20,5.5,110.0
2024-01-18,Aspirin 325mg,5,0.8,4.0
2024-01-18,Chloramphenicol,1,6.0,6.0
2024-01-18,Vitamin B Complex,1,2.5,2.5
2024-01-18,Artemether IV,3,15.0,45.0
2024-01-18,Quinine 500mg,2,8.0,16.0
2024-01-18,Platelet Support,4,25.0,100.0
2024-01-19,Oseltamivir 75mg,24,12.0,288.0
2024-01-19,Paracetamol 500mg,39,1.5,58.5
2024-01-19,Cough Syrup,48,3.0,144.0
2024-01-19,Ibuprofen 200mg,22,1.0,22.0
2024-01-19,Vitamin C,10,0.8,8.0
2024-01-19,Amoxicillin 250mg,22,4.0,88.0
2024-01-19,Ciprofloxacin 500mg,23,5.5,126.5
2024-01-19,Aspirin 325mg,3,0.8,2.4000000000000004
2024-01-19,Chloramphenicol,3,6.0,18.0
2024-01-19,Vitamin B Complex,3,2.5,7.5
2024-01-19,Artemether IV,3,15.0,45.0
2024-01-19,Quinine 500mg,1,8.0,8.0
2024-01-19,Platelet Support,1,25.0,25.0
2024-01-20,Oseltamivir 75mg,18,12.0,216.0
2024-01-20,Paracetamol 500mg,34,1.5,51.0
2024-01-20,Cough Syrup,46,3.0,138.0
2024-01-20,Ibuprofen 200mg,25,1.0,25.0
2024-01-20,Amoxicillin 250mg,19,4.0,76.0
2024-01-20,Ciprofloxacin 500mg,19,5.5,104.5
2024-01-20,Vitamin C,11,0.8,8.8
2024-01-20,Aspirin 325mg,3,0.8,2.4000000000000004
2024-01-20,Chloramphenicol,3,6.0,18.0
2024-01-20,Vitamin B Complex,1,2.5,2.5
2024-01-20,Artemether IV,3,15.0,45.0
2024-01-20,Quinine 500mg,4,8.0,32.0
2024-01-20,Platelet Support,1,25.0,25.0
2024-01-21,Oseltamivir 75mg,13,12.0,156.0
2024-01-21,Paracetamol 500mg,38,1.5,57.0
2024-01-21,Cough Syrup,37,3.0,111.0
2024-01-21,Ibuprofen 200mg,23,1.0,23.0
2024-01-21,Amoxicillin 250mg,15,4.0,60.0
2024-01-21,Ciprofloxacin 500mg,16,5.5,88.0
2024-01-21,Vitamin C,16,0.8,12.8
2024-01-21,Aspirin 325mg,4,0.8,3.2
2024-01-21,Chloramphenicol,2,6.0,12.0
2024-01-21,Vitamin B Complex,3,2.5,7.5
2024-01-21,Artemether IV,6,15.0,90.0
2024-01-21,Quinine 500mg,7,8.0,56.0
2024-01-21,Platelet Support,2,25.0,50.0
2024-01-22,Oseltamivir 75mg,28,12.0,336.0
2024-01-22,Paracetamol 500mg,38,1.5,57.0
2024-01-22,Cough Syrup,35,3.0,105.0
2024-01-22,Ibuprofen 200mg,23,1.0,23.0
2024-01-22,Vitamin C,12,0.8,9.600000000000001
2024-01-22,Amoxicillin 250mg,21,4.0,84.0
2024-01-22,Ciprofloxacin 500mg,14,5.5,77.0
2024-01-22,Chloramphenicol,4,6.0,24.0
2024-01-22,Vitamin B Complex,4,2.5,10.0
2024-01-22,Artemether IV,3,15.0,45.0
2024-01-22,Quinine 500mg,3,8.0,24.0
2024-01-22,Platelet Support,1,25.0,25.0
2024-01-23,Oseltamivir 75mg,27,12.0,324.0
2024-01-23,Paracetamol 500mg,47,1.5,70.5
2024-01-23,Cough Syrup,39,3.0,117.0
2024-01-23,Ibuprofen 200mg,27,1.0,27.0
2024-01-23,Vitamin C,10,0.8,8.0
2024-01-23,Amoxicillin 250mg,13,4.0,52.0
2024-01-23,Ciprofloxacin 500mg,13,5.5,71.5
2024-01-23,Aspirin 325mg,2,0.8,1.6
2024-01-23,Chloramphenicol,2,6.0,12.0
2024-01-23,Vitamin B Complex,1,2.5,2.5
2024-01-23,Artemether IV,2,15.0,30.0
2024-01-23,Quinine 500mg,6,8.0,48.0
2024-01-23,Platelet Support,2,25.0,50.0
2024-01-24,Oseltamivir 75mg,17,12.0,204.0
2024-01-24,Paracetamol 500mg,31,1.5,46.5
2024-01-24,Cough Syrup,37,3.0,111.0
2024-01-24,Ibuprofen 200mg,12,1.0,12.0
2024-01-24,Vitamin C,10,0.8,8.0
2024-01-24,Amoxicillin 250mg,14,4.0,56.0
2024-01-24,Ciprofloxacin 500mg,17,5.5,93.5
2024-01-24,Aspirin 325mg,1,0.8,0.8
2024-01-24,Chloramphenicol,2,6.0,12.0
2024-01-24,Vitamin B Complex,1,2.5,2.5
2024-01-24,Artemether IV,2,15.0,30.0
2024-01-24,Quinine 500mg,4,8.0,32.0
2024-01-24,Platelet Support,3,25.0,75.0
2024-01-25,Oseltamivir 75mg,24,12.0,288.0
2024-01-25,Paracetamol 500mg,24,1.5,36.0
2024-01-25,Cough Syrup,35,3.0,105.0
2024-01-25,Ibuprofen 200mg,17,1.0,17.0
2024-01-25,Vitamin C,11,0.8,8.8
2024-01-25,Amoxicillin 250mg,6,4.0,24.0
2024-01-25,Ciprofloxacin 500mg,10,5.5,55.0
2024-01-25,Aspirin 325mg,6,0.8,4.800000000000001
2024-01-25,Chloramphenicol,4,6.0,24.0
2024-01-25,Vitamin B Complex,3,2.5,7.5
2024-01-25,Artemether IV,3,15.0,45.0
2024-01-25,Quinine 500mg,3,8.0,24.0
2024-01-25,Platelet Support,4,25.0,100.0
2024-01-26,Oseltamivir 75mg,18,12.0,216.0
2024-01-26,Paracetamol 500mg,34,1.5,51.0
2024-01-26,Cough Syrup,37,3.0,111.0
2024-01-26,Ibuprofen 200mg,11,1.0,11.0
2024-01-26,Vitamin C,20,0.8,16.0
2024-01-26,Amoxicillin 250mg,12,4.0,48.0
2024-01-26,Ciprofloxacin 500mg,8,5.5,44.0
2024-01-26,Vitamin B Complex,5,2.5,12.5
2024-01-26,Artemether IV,2,15.0,30.0
2024-01-26,Quinine 500mg,1,8.0,8.0
2024-01-26,Platelet Support,3,25.0,75.0
2024-01-27,Oseltamivir 75mg,24,12.0,288.0
2024-01-27,Paracetamol 500mg,38,1.5,57.0
2024-01-27,Cough Syrup,29,3.0,87.0
2024-01-27,Ibuprofen 200mg,4,1.0,4.0
2024-01-27,Vitamin C,9,0.8,7.2
2024-01-27,Amoxicillin 250mg,13,4.0,52.0
2024-01-27,Ciprofloxacin 500mg,10,5.5,55.0
2024-01-27,Aspirin 325mg,1,0.8,0.8
2024-01-27,Chloramphenicol,4,6.0,24.0
2024-01-27,Vitamin B Complex,1,2.5,2.5
2024-01-27,Artemether IV,1,15.0,15.0
2024-01-27,Quinine 500mg,2,8.0,16.0
2024-01-27,Platelet Support,5,25.0,125.0
2024-01-28,Oseltamivir 75mg,13,12.0,156.0
2024-01-28,Paracetamol 500mg,30,1.5,45.0
2024-01-28,Cough Syrup,44,3.0,132.0
2024-01-28,Ibuprofen 200mg,21,1.0,21.0
2024-01-28,Vitamin C,17,0.8,13.600000000000001
2024-01-28,Amoxicillin 250mg,10,4.0,40.0
2024-01-28,Ciprofloxacin 500mg,11,5.5,60.5
2024-01-28,Aspirin 325mg,5,0.8,4.0
2024-01-28,Chloramphenicol,2,6.0,12.0
2024-01-28,Vitamin B Complex,3,2.5,7.5
2024-01-28,Artemether IV,2,15.0,30.0
2024-01-28,Quinine 500mg,4,8.0,32.0
2024-01-28,Platelet Support,3,25.0,75.0
2024-01-29,Oseltamivir 75mg,17,12.0,204.0
2024-01-29,Paracetamol 500mg,46,1.5,69.0
2024-01-29,Cough Syrup,42,3.0,126.0
2024-01-29,Ibuprofen 200mg,18,1.0,18.0
2024-01-29,Vitamin C,16,0.8,12.8
2024-01-29,Amoxicillin 250mg,8,4.0,32.0
2024-01-29,Ciprofloxacin 500mg,15,5.5,82.5
2024-01-29,Aspirin 325mg,2,0.8,1.6
2024-01-29,Chloramphenicol,1,6.0,6.0
2024-01-29,Vitamin B Complex,7,2.5,17.5
2024-01-29,Artemether IV,1,15.0,15.0
2024-01-29,Quinine 500mg,5,8.0,40.0
2024-01-29,Platelet Support,5,25.0,125.0
2024-01-30,Oseltamivir 75mg,28,12.0,336.0
2024-01-30,Paracetamol 500mg,48,1.5,72.0
2024-01-30,Cough Syrup,58,3.0,174.0
2024-01-30,Ibuprofen 200mg,20,1.0,20.0
2024-01-30,Vitamin C,12,0.8,9.600000000000001
2024-01-30,Amoxicillin 250mg,19,4.0,76.0
2024-01-30,Ciprofloxacin 500mg,12,5.5,66.0
2024-01-30,Aspirin 325mg,4,0.8,3.2
2024-01-30,Chloramphenicol,1,6.0,6.0
2024-01-30,Vitamin B Complex,1,2.5,2.5
2024-01-30,Artemether IV,2,15.0,30.0
2024-01-30,Quinine 500mg,2,8.0,16.0
2024-01-30,Platelet Support,1,25.0,25.0
2024-01-31,Oseltamivir 75mg,26,12.0,312.0
2024-01-31,Paracetamol 500mg,29,1.5,43.5
2024-01-31,Cough Syrup,39,3.0,117.0
2024-01-31,Ibuprofen 200mg,12,1.0,12.0
2024-01-31,Vitamin C,17,0.8,13.600000000000001
2024-01-31,Amoxicillin 250mg,14,4.0,56.0
2024-01-31,Ciprofloxacin 500mg,19,5.5,104.5
2024-01-31,Aspirin 325mg,1,0.8,0.8
2024-01-31,Chloramphenicol,5,6.0,30.0
2024-01-31,Quinine 500mg,3,8.0,24.0
2024-01-31,Platelet Support,1,25.0,25.0
2024-02-01,Oseltamivir 75mg,28,12.0,336.0
2024-02-01,Paracetamol 500mg,35,1.5,52.5
2024-02-01,Cough Syrup,55,3.0,165.0
2024-02-01,Ibuprofen 200mg,35,1.0,35.0
2024-02-01,Vitamin C,23,0.8,18.400000000000002
2024-02-01,Amoxicillin 250mg,11,4.0,44.0
2024-02-01,Ciprofloxacin 500mg,19,5.5,104.5
2024-02-01,Aspirin 325mg,6,0.8,4.800000000000001
2024-02-01,Chloramphenicol,1,6.0,6.0
2024-02-01,Vitamin B Complex,3,2.5,7.5
2024-02-01,Artemether IV,3,15.0,45.0
2024-02-01,Quinine 500mg,1,8.0,8.0
2024-02-02,Oseltamivir 75mg,30,12.0,360.0
2024-02-02,Paracetamol 500mg,51,1.5,76.5
2024-02-02,Cough Syrup,40,3.0,120.0
2024-02-02,Ibuprofen 200mg,14,1.0,14.0
2024-02-02,Vitamin C,20,0.8,16.0
2024-02-02,Amoxicillin 250mg,7,4.0,28.0
2024-02-02,Ciprofloxacin 500mg,21,5.5,115.5
2024-02-02,Aspirin 325mg,7,0.8,5.6000000000000005
2024-02-02,Chloramphenicol,2,6.0,12.0
2024-02-02,Vitamin B Complex,3,2.5,7.5
2024-02-02,Artemether IV,4,15.0,60.0
2024-02-02,Quinine 500mg,1,8.0,8.0
2024-02-02,Platelet Support,6,25.0,150.0
2024-02-03,Oseltamivir 75mg,26,12.0,312.0
2024-02-03,Paracetamol 500mg,48,1.5,72.0
2024-02-03,Cough Syrup,52,3.0,156.0
2024-02-03,Ibuprofen 200mg,13,1.0,13.0
2024-02-03,Vitamin C,12,0.8,9.600000000000001
2024-02-03,Amoxicillin 250mg,12,4.0,48.0
2024-02-03,Ciprofloxacin 500mg,15,5.5,82.5
2024-02-03,Aspirin 325mg,5,0.8,4.0
2024-02-03,Chloramphenicol,3,6.0,18.0
2024-02-03,Vitamin B Complex,5,2.5,12.5
2024-02-03,Artemether IV,1,15.0,15.0
2024-02-03,Quinine 500mg,8,8.0,64.0
2024-02-03,Platelet Support,3,25.0,75.0
2024-02-04,Oseltamivir 75mg,37,12.0,444.0
2024-02-04,Paracetamol 500mg,48,1.5,72.0
2024-02-04,Cough Syrup,36,3.0,108.0
2024-02-04,Ibuprofen 200mg,17,1.0,17.0
2024-02-04,Vitamin C,18,0.8,14.4
2024-02-04,Amoxicillin 250mg,14,4.0,56.0
2024-02-04,Ciprofloxacin 500mg,12,5.5,66.0
2024-02-04,Aspirin 325mg,3,0.8,2.4000000000000004
2024-02-04,Chloramphenicol,8,6.0,48.0
2024-02-04,Vitamin B Complex,4,2.5,10.0
2024-02-04,Quinine 500mg,4,8.0,32.0
2024-02-04,Platelet Support,5,25.0,125.0
2024-02-05,Oseltamivir 75mg,25,12.0,300.0
2024-02-05,Paracetamol 500mg,57,1.5,85.5
2024-02-05,Cough Syrup,51,3.0,153.0
2024-02-05,Ibuprofen 200mg,28,1.0,28.0
2024-02-05,Vitamin C,31,0.8,24.8
2024-02-05,Platelet Support,13,25.0,325.0
2024-02-05,Amoxicillin 250mg,24,4.0,96.0
2024-02-05,Chloramphenicol,6,6.0,36.0
2024-02-05,Ciprofloxacin 500mg,15,5.5,82.5
2024-02-05,Aspirin 325mg,2,0.8,1.6
2024-02-05,Vitamin B Complex,4,2.5,10.0
2024-02-05,Artemether IV,2,15.0,30.0
2024-02-05,Quinine 500mg,7,8.0,56.0
2024-02-06,Oseltamivir 75mg,17,12.0,204.0
2024-02-06,Paracetamol 500mg,56,1.5,84.0
2024-02-06,Cough Syrup,42,3.0,126.0
2024-02-06,Ibuprofen 200mg,28,1.0,28.0
2024-02-06,Vitamin C,20,0.8,16.0
2024-02-06,Platelet Support,16,25.0,400.0
2024-02-06,Amoxicillin 250mg,15,4.0,60.0
2024-02-06,Chloramphenicol,6,6.0,36.0
2024-02-06,Ciprofloxacin 500mg,13,5.5,71.5
2024-02-06,Aspirin 325mg,3,0.8,2.4000000000000004
2024-02-06,Vitamin B Complex,2,2.5,5.0
2024-02-06,Artemether IV,2,15.0,30.0
2024-02-06,Quinine 500mg,7,8.0,56.0
2024-02-07,Oseltamivir 75mg,35,12.0,420.0
2024-02-07,Paracetamol 500mg,57,1.5,85.5
2024-02-07,Cough Syrup,49,3.0,147.0
2024-02-07,Ibuprofen 200mg,27,1.0,27.0
2024-02-07,Vitamin C,25,0.8,20.0
2024-02-07,Platelet Support,10,25.0,250.0
2024-02-07,Amoxicillin 250mg,19,4.0,76.0
2024-02-07,Chloramphenicol,8,6.0,48.0
2024-02-07,Ciprofloxacin 500mg,14,5.5,77.0
2024-02-07,Aspirin 325mg,3,0.8,2.4000000000000004
2024-02-07,Vitamin B Complex,5,2.5,12.5
2024-02-07,Artemether IV,1,15.0,15.0
2024-02-07,Quinine 500mg,1,8.0,8.0
2024-02-08,Oseltamivir 75mg,33,12.0,396.0
2024-02-08,Paracetamol 500mg,42,1.5,63.0
2024-02-08,Cough Syrup,45,3.0,135.0
2024-02-08,Ibuprofen 200mg,22,1.0,22.0
2024-02-08,Vitamin C,14,0.8,11.200000000000001
2024-02-08,Platelet Support,11,25.0,275.0
2024-02-08,Amoxicillin 250mg,25,4.0,100.0
2024-02-08,Chloramphenicol,6,6.0,36.0
2024-02-08,Ciprofloxacin 500mg,30,5.5,165.0
2024-02-08,Aspirin 325mg,3,0.8,2.4000000000000004
2024-02-08,Vitamin B Complex,1,2.5,2.5
2024-02-08,Artemether IV,3,15.0,45.0
2024-02-08,Quinine 500mg,7,8.0,56.0
2024-02-09,Oseltamivir 75mg,23,12.0,276.0
2024-02-09,Paracetamol 500mg,57,1.5,85.5
2024-02-09,Cough Syrup,39,3.0,117.0
2024-02-09,Ibuprofen 200mg,20,1.0,20.0
2024-02-09,Vitamin C,30,0.8,24.0
2024-02-09,Platelet Support,11,25.0,275.0
2024-02-09,Amoxicillin 250mg,21,4.0,84.0
2024-02-09,Chloramphenicol,6,6.0,36.0
2024-02-09,Ciprofloxacin 500mg,24,5.5,132.0
2024-02-09,Aspirin 325mg,4,0.8,3.2
2024-02-09,Artemether IV,4,15.0,60.0
2024-02-09,Quinine 500mg,1,8.0,8.0
2024-02-10,Oseltamivir 75mg,33,12.0,396.0
2024-02-10,Paracetamol 500mg,48,1.5,72.0
2024-02-10,Cough Syrup,51,3.0,153.0
2024-02-10,Ibuprofen 200mg,19,1.0,19.0
2024-02-10,Vitamin C,22,0.8,17.6
2024-02-10,Platelet Support,11,25.0,275.0
2024-02-10,Amoxicillin 250mg,31,4.0,124.0
2024-02-10,Chloramphenicol,7,6.0,42.0
2024-02-10,Ciprofloxacin 500mg,16,5.5,88.0
2024-02-10,Aspirin 325mg,5,0.8,4.0
2024-02-10,Vitamin B Complex,2,2.5,5.0
2024-02-10,Artemether IV,2,15.0,30.0
2024-02-10,Quinine 500mg,5,8.0,40.0
2024-02-11,Oseltamivir 75mg,25,12.0,300.0
2024-02-11,Paracetamol 500mg,52,1.5,78.0
2024-02-11,Cough Syrup,35,3.0,105.0
2024-02-11,Ibuprofen 200mg,25,1.0,25.0
2024-02-11,Vitamin C,21,0.8,16.8
2024-02-11,Platelet Support,6,25.0,150.0
2024-02-11,Amoxicillin 250mg,17,4.0,68.0
2024-02-11,Chloramphenicol,11,6.0,66.0
2024-02-11,Ciprofloxacin 500mg,17,5.5,93.5
2024-02-11,Aspirin 325mg,4,0.8,3.2
2024-02-11,Vitamin B Complex,1,2.5,2.5
2024-02-11,Artemether IV,3,15.0,45.0
2024-02-11,Quinine 500mg,3,8.0,24.0
2024-02-12,Oseltamivir 75mg,15,12.0,180.0
2024-02-12,Paracetamol 500mg,52,1.5,78.0
2024-02-12,Cough Syrup,35,3.0,105.0
2024-02-12,Ibuprofen 200mg,7,1.0,7.0
2024-02-12,Vitamin C,14,0.8,11.200000000000001
2024-02-12,Amoxicillin 250mg,22,4.0,88.0
2024-02-12,Chloramphenicol,11,6.0,66.0
2024-02-12,Ciprofloxacin 500mg,29,5.5,159.5
2024-02-12,Aspirin 325mg,6,0.8,4.800000000000001
2024-02-12,Vitamin B Complex,3,2.5,7.5
2024-02-12,Artemether IV,5,15.0,75.0
2024-02-12,Quinine 500mg,2,8.0,16.0
2024-02-12,Platelet Support,3,25.0,75.0
2024-02-13,Oseltamivir 75mg,19,12.0,228.0
2024-02-13,Paracetamol 500mg,79,1.5,118.5
2024-02-13,Cough Syrup,46,3.0,138.0
2024-02-13,Ibuprofen 200mg,18,1.0,18.0
2024-02-13,Vitamin C,18,0.8,14.4
2024-02-13,Platelet Support,14,25.0,350.0
2024-02-13,Amoxicillin 250mg,20,4.0,80.0
2024-02-13,Chloramphenicol,19,6.0,114.0
2024-02-13,Ciprofloxacin 500mg,25,5.5,137.5
2024-02-13,Aspirin 325mg,1,0.8,0.8
2024-02-13,Vitamin B Complex,1,2.5,2.5
2024-02-13,Artemether IV,1,15.0,15.0
2024-02-13,Quinine 500mg,4,8.0,32.0
2024-02-14,Oseltamivir 75mg,36,12.0,432.0
2024-02-14,Paracetamol 500mg,60,1.5,90.0
2024-02-14,Cough Syrup,32,3.0,96.0
2024-02-14,Ibuprofen 200mg,13,1.0,13.0
2024-02-14,Vitamin C,23,0.8,18.400000000000002
2024-02-14,Platelet Support,6,25.0,150.0
2024-02-14,Amoxicillin 250mg,23,4.0,92.0
2024-02-14,Chloramphenicol,14,6.0,84.0
2024-02-14,Ciprofloxacin 500mg,16,5.5,88.0
2024-02-14,Aspirin 325mg,7,0.8,5.6000000000000005
2024-02-14,Vitamin B Complex,3,2.5,7.5
2024-02-14,Artemether IV,2,15.0,30.0
2024-02-14,Quinine 500mg,2,8.0,16.0
2024-02-15,Oseltamivir 75mg,24,12.0,288.0
2024-02-15,Paracetamol 500mg,56,1.5,84.0
2024-02-15,Cough Syrup,47,3.0,141.0
2024-02-15,Ibuprofen 200mg,11,1.0,11.0
2024-02-15,Vitamin C,18,0.8,14.4
2024-02-15,Amoxicillin 250mg,28,4.0,112.0
2024-02-15,Chloramphenicol,12,6.0,72.0
2024-02-15,Ciprofloxacin 500mg,24,5.5,132.0
2024-02-15,Aspirin 325mg,3,0.8,2.4000000000000004
2024-02-15,Vitamin B Complex,2,2.5,5.0
2024-02-15,Artemether IV,2,15.0,30.0
2024-02-15,Quinine 500mg,4,8.0,32.0
2024-02-15,Platelet Support,5,25.0,125.0
2024-02-16,Oseltamivir 75mg,19,12.0,228.0
2024-02-16,Paracetamol 500mg,57,1.5,85.5
2024-02-16,Cough Syrup,55,3.0,165.0
2024-02-16,Ibuprofen 200mg,18,1.0,18.0
2024-02-16,Vitamin C,29,0.8,23.200000000000003
2024-02-16,Amoxicillin 250mg,23,4.0,92.0
2024-02-16,Chloramphenicol,6,6.0,36.0
2024-02-16,Ciprofloxacin 500mg,31,5.5,170.5
2024-02-16,Aspirin 325mg,3,0.8,2.4000000000000004
2024-02-16,Vitamin B Complex,4,2.5,10.0
2024-02-16,Artemether IV,4,15.0,60.0
2024-02-16,Quinine 500mg,1,8.0,8.0
2024-02-16,Platelet Support,3,25.0,75.0
2024-02-17,Oseltamivir 75mg,18,12.0,216.0
2024-02-17,Paracetamol 500mg,61,1.5,91.5
2024-02-17,Cough Syrup,44,3.0,132.0
2024-02-17,Ibuprofen 200mg,9,1.0,9.0
2024-02-17,Vitamin C,13,0.8,10.4
2024-02-17,Amoxicillin 250mg,27,4.0,108.0
2024-02-17,Chloramphenicol,11,6.0,66.0
2024-02-17,Ciprofloxacin 500mg,21,5.5,115.5
2024-02-17,Aspirin 325mg,4,0.8,3.2
2024-02-17,Vitamin B Complex,1,2.5,2.5
2024-02-17,Artemether IV,3,15.0,45.0
2024-02-17,Quinine 500mg,2,8.0,16.0
2024-02-17,Platelet Support,1,25.0,25.0
2024-02-18,Oseltamivir 75mg,25,12.0,300.0
2024-02-18,Paracetamol 500mg,46,1.5,69.0
2024-02-18,Cough Syrup,34,3.0,102.0
2024-02-18,Ibuprofen 200mg,12,1.0,12.0
2024-02-18,Vitamin C,19,0.8,15.200000000000001
2024-02-18,Platelet Support,8,25.0,200.0
2024-02-18,Amoxicillin 250mg,18,4.0,72.0
2024-02-18,Chloramphenicol,8,6.0,48.0
2024-02-18,Ciprofloxacin 500mg,24,5.5,132.0
2024-02-18,Aspirin 325mg,3,0.8,2.4000000000000004
2024-02-18,Vitamin B Complex,5,2.5,12.5
2024-02-18,Artemether IV,2,15.0,30.0
2024-02-18,Quinine 500mg,2,8.0,16.0
2024-02-19,Oseltamivir 75mg,19,12.0,228.0
2024-02-19,Paracetamol 500mg,45,1.5,67.5
2024-02-19,Cough Syrup,32,3.0,96.0
2024-02-19,Ibuprofen 200mg,13,1.0,13.0
2024-02-19,Vitamin C,14,0.8,11.200000000000001
2024-02-19,Platelet Support,13,25.0,325.0
2024-02-19,Amoxicillin 250mg,16,4.0,64.0
2024-02-19,Chloramphenicol,4,6.0,24.0
2024-02-19,Ciprofloxacin 500mg,25,5.5,137.5
2024-02-19,Aspirin 325mg,1,0.8,0.8
2024-02-19,Vitamin B Complex,4,2.5,10.0
2024-02-19,Artemether IV,2,15.0,30.0
2024-02-19,Quinine 500mg,3,8.0,24.0
2024-02-20,Oseltamivir 75mg,14,12.0,168.0
2024-02-20,Paracetamol 500mg,38,1.5,57.0
2024-02-20,Vitamin C,25,0.8,20.0
2024-02-20,Cough Syrup,23,3.0,69.0
2024-02-20,Platelet Support,15,25.0,375.0
2024-02-20,Ibuprofen 200mg,12,1.0,12.0
2024-02-20,Amoxicillin 250mg,26,4.0,104.0
2024-02-20,Chloramphenicol,13,6.0,78.0
2024-02-20,Ciprofloxacin 500mg,23,5.5,126.5
2024-02-20,Aspirin 325mg,3,0.8,2.4000000000000004
2024-02-20,Vitamin B Complex,3,2.5,7.5
2024-02-20,Artemether IV,3,15.0,45.0
2024-02-20,Quinine 500mg,5,8.0,40.0
2024-02-21,Oseltamivir 75mg,12,12.0,144.0
2024-02-21,Paracetamol 500mg,64,1.5,96.0
2024-02-21,Vitamin C,30,0.8,24.0
2024-02-21,Cough Syrup,28,3.0,84.0
2024-02-21,Platelet Support,20,25.0,500.0
2024-02-21,Ibuprofen 200mg,12,1.0,12.0
2024-02-21,Amoxicillin 250mg,23,4.0,92.0
2024-02-21,Chloramphenicol,7,6.0,42.0
2024-02-21,Ciprofloxacin 500mg,25,5.5,137.5
2024-02-21,Aspirin 325mg,2,0.8,1.6
2024-02-21,Vitamin B Complex,3,2.5,7.5
2024-02-21,Artemether IV,2,15.0,30.0
2024-02-21,Quinine 500mg,3,8.0,24.0
2024-02-22,Oseltamivir 75mg,18,12.0,216.0
2024-02-22,Paracetamol 500mg,60,1.5,90.0
2024-02-22,Vitamin C,36,0.8,28.8
2024-02-22,Cough Syrup,38,3.0,114.0
2024-02-22,Artemether IV,5,15.0,75.0
2024-02-22,Quinine 500mg,8,8.0,64.0
2024-02-22,Ibuprofen 200mg,29,1.0,29.0
2024-02-22,Platelet Support,12,25.0,300.0
2024-02-22,Amoxicillin 250mg,35,4.0,140.0
2024-02-22,Chloramphenicol,9,6.0,54.0
2024-02-22,Ciprofloxacin 500mg,25,5.5,137.5
2024-02-22,Aspirin 325mg,3,0.8,2.4000000000000004
2024-02-22,Vitamin B Complex,2,2.5,5.0
2024-02-23,Oseltamivir 75mg,7,12.0,84.0
2024-02-23,Paracetamol 500mg,60,1.5,90.0
2024-02-23,Vitamin C,32,0.8,25.6
2024-02-23,Cough Syrup,34,3.0,102.0
2024-02-23,Artemether IV,11,15.0,165.0
2024-02-23,Quinine 500mg,11,8.0,88.0
2024-02-23,Ibuprofen 200mg,20,1.0,20.0
2024-02-23,Platelet Support,16,25.0,400.0
2024-02-23,Amoxicillin 250mg,22,4.0,88.0
2024-02-23,Chloramphenicol,13,6.0,78.0
2024-02-23,Ciprofloxacin 500mg,19,5.5,104.5
2024-02-23,Vitamin B Complex,5,2.5,12.5
2024-02-24,Oseltamivir 75mg,10,12.0,120.0
2024-02-24,Paracetamol 500mg,61,1.5,91.5
2024-02-24,Vitamin C,35,0.8,28.0
2024-02-24,Cough Syrup,42,3.0,126.0
2024-02-24,Platelet Support,15,25.0,375.0
2024-02-24,Ibuprofen 200mg,21,1.0,21.0
2024-02-24,Amoxicillin 250mg,26,4.0,104.0
2024-02-24,Chloramphenicol,18,6.0,108.0
2024-02-24,Ciprofloxacin 500mg,24,5.5,132.0
2024-02-24,Aspirin 325mg,4,0.8,3.2
2024-02-24,Vitamin B Complex,6,2.5,15.0
2024-02-24,Artemether IV,1,15.0,15.0
2024-02-24,Quinine 500mg,5,8.0,40.0
2024-02-25,Oseltamivir 75mg,10,12.0,120.0
2024-02-25,Paracetamol 500mg,49,1.5,73.5
2024-02-25,Vitamin C,36,0.8,28.8
2024-02-25,Cough Syrup,25,3.0,75.0
2024-02-25,Platelet Support,6,25.0,150.0
2024-02-25,Ibuprofen 200mg,20,1.0,20.0
2024-02-25,Amoxicillin 250mg,31,4.0,124.0
2024-02-25,Chloramphenicol,13,6.0,78.0
2024-02-25,Ciprofloxacin 500mg,37,5.5,203.5
2024-02-25,Aspirin 325mg,2,0.8,1.6
2024-02-25,Vitamin B Complex,11,2.5,27.5
2024-02-25,Artemether IV,3,15.0,45.0
2024-02-25,Quinine 500mg,4,8.0,32.0
2024-02-26,Oseltamivir 75mg,12,12.0,144.0
2024-02-26,Paracetamol 500mg,62,1.5,93.0
2024-02-26,Vitamin C,40,0.8,32.0
2024-02-26,Cough Syrup,37,3.0,111.0
2024-02-26,Platelet Support,14,25.0,350.0
2024-02-26,Ibuprofen 200mg,21,1.0,21.0
2024-02-26,Amoxicillin 250mg,32,4.0,128.0
2024-02-26,Chloramphenicol,10,6.0,60.0
2024-02-26,Ciprofloxacin 500mg,29,5.5,159.5
2024-02-26,Aspirin 325mg,3,0.8,2.4000000000000004
2024-02-26,Vitamin B Complex,2,2.5,5.0
2024-02-26,Artemether IV,2,15.0,30.0
2024-02-26,Quinine 500mg,2,8.0,16.0
2024-02-27,Oseltamivir 75mg,14,12.0,168.0
2024-02-27,Paracetamol 500mg,47,1.5,70.5
2024-02-27,Vitamin C,30,0.8,24.0
2024-02-27,Cough Syrup,35,3.0,105.0
2024-02-27,Platelet Support,8,25.0,200.0
2024-02-27,Ibuprofen 200mg,20,1.0,20.0
2024-02-27,Amoxicillin 250mg,21,4.0,84.0
2024-02-27,Chloramphenicol,10,6.0,60.0
2024-02-27,Ciprofloxacin 500mg,37,5.5,203.5
2024-02-27,Aspirin 325mg,4,0.8,3.2
2024-02-27,Vitamin B Complex,5,2.5,12.5
2024-02-27,Artemether IV,3,15.0,45.0
2024-02-27,Quinine 500mg,4,8.0,32.0
2024-02-28,Oseltamivir 75mg,8,12.0,96.0
2024-02-28,Paracetamol 500mg,40,1.5,60.0
2024-02-28,Vitamin C,28,0.8,22.400000000000002
2024-02-28,Cough Syrup,30,3.0,90.0
2024-02-28,Platelet Support,18,25.0,450.0
2024-02-28,Ibuprofen 200mg,16,1.0,16.0
2024-02-28,Amoxicillin 250mg,20,4.0,80.0
2024-02-28,Chloramphenicol,11,6.0,66.0
2024-02-28,Ciprofloxacin 500mg,33,5.5,181.5
2024-02-28,Aspirin 325mg,2,0.8,1.6
2024-02-28,Vitamin B Complex,3,2.5,7.5
2024-02-28,Artemether IV,4,15.0,60.0
2024-02-28,Quinine 500mg,2,8.0,16.0
2024-02-29,Oseltamivir 75mg,22,12.0,264.0
2024-02-29,Paracetamol 500mg,56,1.5,84.0
2024-02-29,Cough Syrup,34,3.0,102.0
2024-02-29,Ibuprofen 200mg,18,1.0,18.0
2024-02-29,Vitamin C,25,0.8,20.0
2024-02-29,Platelet Support,15,25.0,375.0
2024-02-29,Amoxicillin 250mg,31,4.0,124.0
2024-02-29,Chloramphenicol,19,6.0,114.0
2024-02-29,Ciprofloxacin 500mg,26,5.5,143.0
2024-02-29,Aspirin 325mg,2,0.8,1.6
2024-02-29,Vitamin B Complex,4,2.5,10.0
2024-02-29,Artemether IV,2,15.0,30.0
2024-03-01,Oseltamivir 75mg,27,12.0,324.0
2024-03-01,Paracetamol 500mg,70,1.5,105.0
2024-03-01,Cough Syrup,35,3.0,105.0
2024-03-01,Ibuprofen 200mg,23,1.0,23.0
2024-03-01,Vitamin C,28,0.8,22.400000000000002
2024-03-01,Platelet Support,6,25.0,150.0
2024-03-01,Amoxicillin 250mg,21,4.0,84.0
2024-03-01,Chloramphenicol,15,6.0,90.0
2024-03-01,Ciprofloxacin 500mg,32,5.5,176.0
2024-03-01,Aspirin 325mg,1,0.8,0.8
2024-03-01,Vitamin B Complex,2,2.5,5.0
2024-03-01,Artemether IV,3,15.0,45.0
2024-03-01,Quinine 500mg,3,8.0,24.0
2024-03-02,Oseltamivir 75mg,13,12.0,156.0
2024-03-02,Paracetamol 500mg,62,1.5,93.0
2024-03-02,Vitamin C,29,0.8,23.200000000000003
2024-03-02,Cough Syrup,23,3.0,69.0
2024-03-02,Artemether IV,6,15.0,90.0
2024-03-02,Quinine 500mg,7,8.0,56.0
2024-03-02,Ibuprofen 200mg,23,1.0,23.0
2024-03-02,Platelet Support,7,25.0,175.0
2024-03-02,Amoxicillin 250mg,23,4.0,92.0
2024-03-02,Chloramphenicol,8,6.0,48.0
2024-03-02,Ciprofloxacin 500mg,27,5.5,148.5
2024-03-02,Aspirin 325mg,7,0.8,5.6000000000000005
2024-03-02,Vitamin B Complex,2,2.5,5.0
2024-03-03,Oseltamivir 75mg,11,12.0,132.0
2024-03-03,Paracetamol 500mg,61,1.5,91.5
2024-03-03,Vitamin C,31,0.8,24.8
2024-03-03,Cough Syrup,32,3.0,96.0
2024-03-03,Artemether IV,3,15.0,45.0
2024-03-03,Quinine 500mg,7,8.0,56.0
2024-03-03,Ibuprofen 200mg,23,1.0,23.0
2024-03-03,Platelet Support,7,25.0,175.0
2024-03-03,Amoxicillin 250mg,25,4.0,100.0
2024-03-03,Chloramphenicol,12,6.0,72.0
2024-03-03,Ciprofloxacin 500mg,25,5.5,137.5
2024-03-03,Aspirin 325mg,5,0.8,4.0
2024-03-03,Vitamin B Complex,2,2.5,5.0
2024-03-04,Oseltamivir 75mg,14,12.0,168.0
2024-03-04,Paracetamol 500mg,58,1.5,87.0
2024-03-04,Vitamin C,32,0.8,25.6
2024-03-04,Cough Syrup,35,3.0,105.0
2024-03-04,Artemether IV,12,15.0,180.0
2024-03-04,Quinine 500mg,8,8.0,64.0
2024-03-04,Ibuprofen 200mg,21,1.0,21.0
2024-03-04,Platelet Support,10,25.0,250.0
2024-03-04,Amoxicillin 250mg,24,4.0,96.0
2024-03-04,Chloramphenicol,13,6.0,78.0
2024-03-04,Ciprofloxacin 500mg,22,5.5,121.0
2024-03-04,Aspirin 325mg,2,0.8,1.6
2024-03-05,Oseltamivir 75mg,12,12.0,144.0
2024-03-05,Paracetamol 500mg,44,1.5,66.0
2024-03-05,Vitamin C,21,0.8,16.8
2024-03-05,Cough Syrup,27,3.0,81.0
2024-03-05,Artemether IV,6,15.0,90.0
2024-03-05,Quinine 500mg,9,8.0,72.0
2024-03-05,Ibuprofen 200mg,16,1.0,16.0
2024-03-05,Amoxicillin 250mg,24,4.0,96.0
2024-03-05,Chloramphenicol,7,6.0,42.0
2024-03-05,Ciprofloxacin 500mg,17,5.5,93.5
2024-03-05,Aspirin 325mg,7,0.8,5.6000000000000005
2024-03-05,Vitamin B Complex,3,2.5,7.5
2024-03-05,Platelet Support,1,25.0,25.0
2024-03-06,Oseltamivir 75mg,13,12.0,156.0
2024-03-06,Paracetamol 500mg,54,1.5,81.0
2024-03-06,Vitamin C,34,0.8,27.200000000000003
2024-03-06,Cough Syrup,25,3.0,75.0
2024-03-06,Artemether IV,11,15.0,165.0
2024-03-06,Quinine 500mg,10,8.0,80.0
2024-03-06,Ibuprofen 200mg,23,1.0,23.0
2024-03-06,Platelet Support,10,25.0,250.0
2024-03-06,Amoxicillin 250mg,18,4.0,72.0
2024-03-06,Chloramphenicol,10,6.0,60.0
2024-03-06,Ciprofloxacin 500mg,18,5.5,99.0
2024-03-06,Aspirin 325mg,4,0.8,3.2
2024-03-06,Vitamin B Complex,4,2.5,10.0
2024-03-07,Oseltamivir 75mg,20,12.0,240.0
2024-03-07,Paracetamol 500mg,56,1.5,84.0
2024-03-07,Cough Syrup,39,3.0,117.0
2024-03-07,Ibuprofen 200mg,33,1.0,33.0
2024-03-07,Vitamin C,23,0.8,18.400000000000002
2024-03-07,Artemether IV,10,15.0,150.0
2024-03-07,Quinine 500mg,10,8.0,80.0
2024-03-07,Platelet Support,8,25.0,200.0
2024-03-07,Amoxicillin 250mg,21,4.0,84.0
2024-03-07,Chloramphenicol,13,6.0,78.0
2024-03-07,Ciprofloxacin 500mg,24,5.5,132.0
2024-03-07,Aspirin 325mg,3,0.8,2.4000000000000004
2024-03-07,Vitamin B Complex,6,2.5,15.0
2024-03-08,Oseltamivir 75mg,24,12.0,288.0
2024-03-08,Paracetamol 500mg,40,1.5,60.0
2024-03-08,Cough Syrup,31,3.0,93.0
2024-03-08,Ibuprofen 200mg,30,1.0,30.0
2024-03-08,Vitamin C,23,0.8,18.400000000000002
2024-03-08,Artemether IV,14,15.0,210.0
2024-03-08,Quinine 500mg,6,8.0,48.0
2024-03-08,Platelet Support,6,25.0,150.0
2024-03-08,Amoxicillin 250mg,24,4.0,96.0
2024-03-08,Chloramphenicol,14,6.0,84.0
2024-03-08,Ciprofloxacin 500mg,19,5.5,104.5
2024-03-08,Aspirin 325mg,2,0.8,1.6
2024-03-08,Vitamin B Complex,4,2.5,10.0
2024-03-09,Oseltamivir 75mg,14,12.0,168.0
2024-03-09,Paracetamol 500mg,52,1.5,78.0
2024-03-09,Cough Syrup,24,3.0,72.0
2024-03-09,Ibuprofen 200mg,31,1.0,31.0
2024-03-09,Vitamin C,29,0.8,23.200000000000003
2024-03-09,Artemether IV,9,15.0,135.0
2024-03-09,Quinine 500mg,7,8.0,56.0
2024-03-09,Platelet Support,10,25.0,250.0
2024-03-09,Amoxicillin 250mg,22,4.0,88.0
2024-03-09,Chloramphenicol,12,6.0,72.0
2024-03-09,Ciprofloxacin 500mg,25,5.5,137.5
2024-03-09,Aspirin 325mg,2,0.8,1.6
2024-03-09,Vitamin B Complex,6,2.5,15.0
2024-03-10,Oseltamivir 75mg,19,12.0,228.0
2024-03-10,Paracetamol 500mg,42,1.5,63.0
2024-03-10,Cough Syrup,35,3.0,105.0
2024-03-10,Ibuprofen 200mg,37,1.0,37.0
2024-03-10,Vitamin C,26,0.8,20.8
2024-03-10,Artemether IV,4,15.0,60.0
2024-03-10,Quinine 500mg,14,8.0,112.0
2024-03-10,Platelet Support,9,25.0,225.0
2024-03-10,Amoxicillin 250mg,16,4.0,64.0
2024-03-10,Chloramphenicol,10,6.0,60.0
2024-03-10,Ciprofloxacin 500mg,18,5.5,99.0
2024-03-10,Aspirin 325mg,4,0.8,3.2
2024-03-10,Vitamin B Complex,5,2.5,12.5
2024-03-11,Oseltamivir 75mg,13,12.0,156.0
2024-03-11,Paracetamol 500mg,45,1.5,67.5
2024-03-11,Cough Syrup,30,3.0,90.0
2024-03-11,Ibuprofen 200mg,23,1.0,23.0
2024-03-11,Vitamin C,19,0.8,15.200000000000001
2024-03-11,Artemether IV,8,15.0,120.0
2024-03-11,Quinine 500mg,4,8.0,32.0
2024-03-11,Platelet Support,20,25.0,500.0
2024-03-11,Amoxicillin 250mg,23,4.0,92.0
2024-03-11,Chloramphenicol,6,6.0,36.0
2024-03-11,Ciprofloxacin 500mg,26,5.5,143.0
2024-03-11,Aspirin 325mg,5,0.8,4.0
2024-03-11,Vitamin B Complex,5,2.5,12.5
2024-03-12,Oseltamivir 75mg,6,12.0,72.0
2024-03-12,Paracetamol 500mg,30,1.5,45.0
2024-03-12,Vitamin C,26,0.8,20.8
2024-03-12,Cough Syrup,19,3.0,57.0
2024-03-12,Platelet Support,18,25.0,450.0
2024-03-12,Ibuprofen 200mg,13,1.0,13.0
2024-03-12,Amoxicillin 250mg,22,4.0,88.0
2024-03-12,Chloramphenicol,9,6.0,54.0
2024-03-12,Ciprofloxacin 500mg,19,5.5,104.5
2024-03-12,Aspirin 325mg,6,0.8,4.800000000000001
2024-03-12,Vitamin B Complex,2,2.5,5.0
2024-03-12,Artemether IV,5,15.0,75.0
2024-03-12,Quinine 500mg,2,8.0,16.0
2024-03-13,Oseltamivir 75mg,13,12.0,156.0
2024-03-13,Paracetamol 500mg,48,1.5,72.0
2024-03-13,Cough Syrup,30,3.0,90.0
2024-03-13,Ibuprofen 200mg,26,1.0,26.0
2024-03-13,Vitamin C,20,0.8,16.0
2024-03-13,Platelet Support,12,25.0,300.0
2024-03-13,Amoxicillin 250mg,15,4.0,60.0
2024-03-13,Chloramphenicol,17,6.0,102.0
2024-03-13,Ciprofloxacin 500mg,16,5.5,88.0
2024-03-13,Aspirin 325mg,3,0.8,2.4000000000000004
2024-03-13,Vitamin B Complex,3,2.5,7.5
2024-03-13,Artemether IV,1,15.0,15.0
2024-03-13,Quinine 500mg,2,8.0,16.0
2024-03-14,Oseltamivir 75mg,19,12.0,228.0
2024-03-14,Paracetamol 500mg,43,1.5,64.5
2024-03-14,Cough Syrup,28,3.0,84.0
2024-03-14,Ibuprofen 200mg,30,1.0,30.0
2024-03-14,Vitamin C,31,0.8,24.8
2024-03-14,Artemether IV,14,15.0,210.0
2024-03-14,Quinine 500mg,6,8.0,48.0
2024-03-14,Platelet Support,10,25.0,250.0
2024-03-14,Amoxicillin 250mg,12,4.0,48.0
2024-03-14,Chloramphenicol,7,6.0,42.0
2024-03-14,Ciprofloxacin 500mg,14,5.5,77.0
2024-03-14,Aspirin 325mg,2,0.8,1.6
2024-03-14,Vitamin B Complex,4,2.5,10.0
2024-03-15,Oseltamivir 75mg,9,12.0,108.0
2024-03-15,Paracetamol 500mg,61,1.5,91.5
2024-03-15,Vitamin C,21,0.8,16.8
2024-03-15,Cough Syrup,30,3.0,90.0
2024-03-15,Artemether IV,16,15.0,240.0
2024-03-15,Quinine 500mg,18,8.0,144.0
2024-03-15,Ibuprofen 200mg,23,1.0,23.0
2024-03-15,Platelet Support,8,25.0,200.0
2024-03-15,Amoxicillin 250mg,19,4.0,76.0
2024-03-15,Chloramphenicol,14,6.0,84.0
2024-03-15,Ciprofloxacin 500mg,25,5.5,137.5
2024-03-15,Aspirin 325mg,2,0.8,1.6
2024-03-15,Vitamin B Complex,7,2.5,17.5
2024-03-16,Oseltamivir 75mg,12,12.0,144.0
2024-03-16,Paracetamol 500mg,51,1.5,76.5
2024-03-16,Cough Syrup,33,3.0,99.0
2024-03-16,Ibuprofen 200mg,31,1.0,31.0
2024-03-16,Vitamin C,30,0.8,24.0
2024-03-16,Artemether IV,18,15.0,270.0
2024-03-16,Quinine 500mg,10,8.0,80.0
2024-03-16,Platelet Support,18,25.0,450.0
2024-03-16,Amoxicillin 250mg,22,4.0,88.0
2024-03-16,Chloramphenicol,15,6.0,90.0
2024-03-16,Ciprofloxacin 500mg,21,5.5,115.5
2024-03-16,Aspirin 325mg,4,0.8,3.2
2024-03-16,Vitamin B Complex,5,2.5,12.5
2024-03-17,Oseltamivir 75mg,13,12.0,156.0
2024-03-17,Paracetamol 500mg,49,1.5,73.5
2024-03-17,Vitamin C,34,0.8,27.200000000000003
2024-03-17,Cough Syrup,38,3.0,114.0
2024-03-17,Artemether IV,13,15.0,195.0
2024-03-17,Quinine 500mg,8,8.0,64.0
2024-03-17,Ibuprofen 200mg,33,1.0,33.0
2024-03-17,Platelet Support,7,25.0,175.0
2024-03-17,Amoxicillin 250mg,26,4.0,104.0
2024-03-17,Chloramphenicol,16,6.0,96.0
2024-03-17,Ciprofloxacin 500mg,18,5.5,99.0
2024-03-17,Aspirin 325mg,4,0.8,3.2
2024-03-17,Vitamin B Complex,7,2.5,17.5
2024-03-18,Oseltamivir 75mg,10,12.0,120.0
2024-03-18,Paracetamol 500mg,50,1.5,75.0
2024-03-18,Vitamin C,32,0.8,25.6
2024-03-18,Cough Syrup,42,3.0,126.0
2024-03-18,Artemether IV,10,15.0,150.0
2024-03-18,Quinine 500mg,16,8.0,128.0
2024-03-18,Ibuprofen 200mg,29,1.0,29.0
2024-03-18,Platelet Support,10,25.0,250.0
2024-03-18,Amoxicillin 250mg,19,4.0,76.0
2024-03-18,Chloramphenicol,8,6.0,48.0
2024-03-18,Ciprofloxacin 500mg,15,5.5,82.5
2024-03-18,Aspirin 325mg,4,0.8,3.2
2024-03-18,Vitamin B Complex,2,2.5,5.0
2024-03-19,Oseltamivir 75mg,12,12.0,144.0
2024-03-19,Paracetamol 500mg,62,1.5,93.0
2024-03-19,Vitamin C,29,0.8,23.200000000000003
2024-03-19,Cough Syrup,34,3.0,102.0
2024-03-19,Artemether IV,17,15.0,255.0
2024-03-19,Quinine 500mg,16,8.0,128.0
2024-03-19,Ibuprofen 200mg,36,1.0,36.0
2024-03-19,Platelet Support,6,25.0,150.0
2024-03-19,Amoxicillin 250mg,29,4.0,116.0
2024-03-19,Chloramphenicol,8,6.0,48.0
2024-03-19,Ciprofloxacin 500mg,23,5.5,126.5
2024-03-19,Aspirin 325mg,9,0.8,7.2
2024-03-19,Vitamin B Complex,7,2.5,17.5
2024-03-20,Oseltamivir 75mg,20,12.0,240.0
2024-03-20,Paracetamol 500mg,71,1.5,106.5
2024-03-20,Cough Syrup,48,3.0,144.0
2024-03-20,Ibuprofen 200mg,47,1.0,47.0
2024-03-20,Vitamin C,37,0.8,29.6
2024-03-20,Artemether IV,9,15.0,135.0
2024-03-20,Quinine 500mg,4,8.0,32.0
2024-03-20,Platelet Support,16,25.0,400.0
2024-03-20,Amoxicillin 250mg,20,4.0,80.0
2024-03-20,Chloramphenicol,14,6.0,84.0
2024-03-20,Ciprofloxacin 500mg,22,5.5,121.0
2024-03-20,Aspirin 325mg,2,0.8,1.6
2024-03-20,Vitamin B Complex,2,2.5,5.0
2024-03-21,Oseltamivir 75mg,25,12.0,300.0
2024-03-21,Paracetamol 500mg,65,1.5,97.5
2024-03-21,Cough Syrup,54,3.0,162.0
2024-03-21,Ibuprofen 200mg,32,1.0,32.0
2024-03-21,Vitamin C,23,0.8,18.400000000000002
2024-03-21,Artemether IV,18,15.0,270.0
2024-03-21,Quinine 500mg,18,8.0,144.0
2024-03-21,Amoxicillin 250mg,26,4.0,104.0
2024-03-21,Chloramphenicol,12,6.0,72.0
2024-03-21,Ciprofloxacin 500mg,16,5.5,88.0
2024-03-21,Aspirin 325mg,2,0.8,1.6
2024-03-21,Vitamin B Complex,2,2.5,5.0
2024-03-21,Platelet Support,2,25.0,50.0
2024-03-22,Oseltamivir 75mg,12,12.0,144.0
2024-03-22,Paracetamol 500mg,66,1.5,99.0
2024-03-22,Vitamin C,33,0.8,26.400000000000002
2024-03-22,Cough Syrup,54,3.0,162.0
2024-03-22,Artemether IV,19,15.0,285.0
2024-03-22,Quinine 500mg,6,8.0,48.0
2024-03-22,Ibuprofen 200mg,21,1.0,21.0
2024-03-22,Platelet Support,8,25.0,200.0
2024-03-22,Amoxicillin 250mg,15,4.0,60.0
2024-03-22,Chloramphenicol,16,6.0,96.0
2024-03-22,Ciprofloxacin 500mg,23,5.5,126.5
2024-03-22,Aspirin 325mg,3,0.8,2.4000000000000004
2024-03-22,Vitamin B Complex,5,2.5,12.5
2024-03-23,Oseltamivir 75mg,14,12.0,168.0
2024-03-23,Paracetamol 500mg,64,1.5,96.0
2024-03-23,Vitamin C,33,0.8,26.400000000000002
2024-03-23,Cough Syrup,49,3.0,147.0
2024-03-23,Artemether IV,10,15.0,150.0
2024-03-23,Quinine 500mg,4,8.0,32.0
2024-03-23,Ibuprofen 200mg,25,1.0,25.0
2024-03-23,Platelet Support,9,25.0,225.0
2024-03-23,Amoxicillin 250mg,15,4.0,60.0
2024-03-23,Ciprofloxacin 500mg,19,5.5,104.5
2024-03-23,Aspirin 325mg,2,0.8,1.6
2024-03-23,Chloramphenicol,2,6.0,12.0
2024-03-23,Vitamin B Complex,6,2.5,15.0
2024-03-24,Oseltamivir 75mg,11,12.0,132.0
2024-03-24,Paracetamol 500mg,65,1.5,97.5
2024-03-24,Vitamin C,41,0.8,32.800000000000004
2024-03-24,Cough Syrup,40,3.0,120.0
2024-03-24,Artemether IV,12,15.0,180.0
2024-03-24,Quinine 500mg,15,8.0,120.0
2024-03-24,Ibuprofen 200mg,33,1.0,33.0
2024-03-24,Platelet Support,4,25.0,100.0
2024-03-24,Amoxicillin 250mg,19,4.0,76.0
2024-03-24,Ciprofloxacin 500mg,19,5.5,104.5
2024-03-24,Aspirin 325mg,1,0.8,0.8
2024-03-24,Chloramphenicol,3,6.0,18.0
2024-03-24,Vitamin B Complex,6,2.5,15.0
2024-03-25,Oseltamivir 75mg,7,12.0,84.0
2024-03-25,Paracetamol 500mg,69,1.5,103.5
2024-03-25,Vitamin C,35,0.8,28.0
2024-03-25,Cough Syrup,43,3.0,129.0
2024-03-25,Artemether IV,13,15.0,195.0
2024-03-25,Quinine 500mg,14,8.0,112.0
2024-03-25,Ibuprofen 200mg,36,1.0,36.0
2024-03-25,Platelet Support,11,25.0,275.0
2024-03-25,Amoxicillin 250mg,24,4.0,96.0
2024-03-25,Ciprofloxacin 500mg,16,5.5,88.0
2024-03-25,Aspirin 325mg,3,0.8,2.4000000000000004
2024-03-25,Chloramphenicol,3,6.0,18.0
2024-03-25,Vitamin B Complex,3,2.5,7.5
2024-03-26,Oseltamivir 75mg,10,12.0,120.0
2024-03-26,Paracetamol 500mg,51,1.5,76.5
2024-03-26,Vitamin C,25,0.8,20.0
2024-03-26,Cough Syrup,33,3.0,99.0
2024-03-26,Artemether IV,15,15.0,225.0
2024-03-26,Quinine 500mg,13,8.0,104.0
2024-03-26,Ibuprofen 200mg,39,1.0,39.0
2024-03-26,Platelet Support,15,25.0,375.0
2024-03-26,Amoxicillin 250mg,15,4.0,60.0
2024-03-26,Ciprofloxacin 500mg,14,5.5,77.0
2024-03-26,Aspirin 325mg,6,0.8,4.800000000000001
2024-03-26,Chloramphenicol,4,6.0,24.0
2024-03-26,Vitamin B Complex,2,2.5,5.0
2024-03-27,Oseltamivir 75mg,8,12.0,96.0
2024-03-27,Paracetamol 500mg,51,1.5,76.5
2024-03-27,Vitamin C,34,0.8,27.200000000000003
2024-03-27,Cough Syrup,31,3.0,93.0
2024-03-27,Artemether IV,11,15.0,165.0
2024-03-27,Quinine 500mg,12,8.0,96.0
2024-03-27,Ibuprofen 200mg,33,1.0,33.0
2024-03-27,Platelet Support,21,25.0,525.0
2024-03-27,Amoxicillin 250mg,15,4.0,60.0
2024-03-27,Ciprofloxacin 500mg,20,5.5,110.0
2024-03-27,Aspirin 325mg,3,0.8,2.4000000000000004
2024-03-27,Chloramphenicol,5,6.0,30.0
2024-03-27,Vitamin B Complex,4,2.5,10.0
2024-03-28,Oseltamivir 75mg,5,12.0,60.0
2024-03-28,Paracetamol 500mg,54,1.5,81.0
2024-03-28,Vitamin C,32,0.8,25.6
2024-03-28,Cough Syrup,40,3.0,120.0
2024-03-28,Artemether IV,8,15.0,120.0
2024-03-28,Quinine 500mg,15,8.0,120.0
2024-03-28,Ibuprofen 200mg,46,1.0,46.0
2024-03-28,Platelet Support,7,25.0,175.0
2024-03-28,Amoxicillin 250mg,15,4.0,60.0
2024-03-28,Ciprofloxacin 500mg,10,5.5,55.0
2024-03-28,Aspirin 325mg,9,0.8,7.2
2024-03-28,Chloramphenicol,4,6.0,24.0
2024-03-28,Vitamin B Complex,3,2.5,7.5
2024-03-29,Oseltamivir 75mg,11,12.0,132.0
2024-03-29,Paracetamol 500mg,48,1.5,72.0
2024-03-29,Vitamin C,36,0.8,28.8
2024-03-29,Cough Syrup,46,3.0,138.0
2024-03-29,Artemether IV,11,15.0,165.0
2024-03-29,Quinine 500mg,17,8.0,136.0
2024-03-29,Ibuprofen 200mg,37,1.0,37.0
2024-03-29,Platelet Support,9,25.0,225.0
2024-03-29,Amoxicillin 250mg,14,4.0,56.0
2024-03-29,Ciprofloxacin 500mg,15,5.5,82.5
2024-03-29,Aspirin 325mg,3,0.8,2.4000000000000004
2024-03-29,Chloramphenicol,4,6.0,24.0
2024-03-30,Oseltamivir 75mg,15,12.0,180.0
2024-03-30,Paracetamol 500mg,55,1.5,82.5
2024-03-30,Vitamin C,25,0.8,20.0
2024-03-30,Cough Syrup,39,3.0,117.0
2024-03-30,Artemether IV,13,15.0,195.0
2024-03-30,Quinine 500mg,13,8.0,104.0
2024-03-30,Ibuprofen 200mg,27,1.0,27.0
2024-03-30,Platelet Support,18,25.0,450.0
2024-03-30,Amoxicillin 250mg,16,4.0,64.0
2024-03-30,Ciprofloxacin 500mg,23,5.5,126.5
2024-03-30,Aspirin 325mg,5,0.8,4.0
2024-03-30,Chloramphenicol,2,6.0,12.0
2024-03-30,Vitamin B Complex,1,2.5,2.5
2024-03-31,Oseltamivir 75mg,13,12.0,156.0
2024-03-31,Paracetamol 500mg,60,1.5,90.0
2024-03-31,Vitamin C,31,0.8,24.8
2024-03-31,Cough Syrup,42,3.0,126.0
2024-03-31,Artemether IV,14,15.0,210.0
2024-03-31,Quinine 500mg,10,8.0,80.0
2024-03-31,Ibuprofen 200mg,29,1.0,29.0
2024-03-31,Platelet Support,11,25.0,275.0
2024-03-31,Amoxicillin 250mg,19,4.0,76.0
2024-03-31,Ciprofloxacin 500mg,21,5.5,115.5
2024-03-31,Aspirin 325mg,2,0.8,1.6
2024-03-31,Chloramphenicol,3,6.0,18.0
2024-03-31,Vitamin B Complex,4,2.5,10.0
2024-04-01,Oseltamivir 75mg,18,12.0,216.0
2024-04-01,Paracetamol 500mg,48,1.5,72.0
2024-04-01,Vitamin C,37,0.8,29.6
2024-04-01,Cough Syrup,42,3.0,126.0
2024-04-01,Artemether IV,5,15.0,75.0
2024-04-01,Quinine 500mg,9,8.0,72.0
2024-04-01,Ibuprofen 200mg,36,1.0,36.0
2024-04-01,Platelet Support,11,25.0,275.0
2024-04-01,Amoxicillin 250mg,21,4.0,84.0
2024-04-01,Ciprofloxacin 500mg,13,5.5,71.5
2024-04-01,Aspirin 325mg,3,0.8,2.4000000000000004
2024-04-01,Chloramphenicol,1,6.0,6.0
2024-04-01,Vitamin B Complex,1,2.5,2.5
2024-04-02,Oseltamivir 75mg,20,12.0,240.0
2024-04-02,Paracetamol 500mg,64,1.5,96.0
2024-04-02,Vitamin C,35,0.8,28.0
2024-04-02,Cough Syrup,46,3.0,138.0
2024-04-02,Artemether IV,12,15.0,180.0
2024-04-02,Quinine 500mg,9,8.0,72.0
2024-04-02,Ibuprofen 200mg,20,1.0,20.0
2024-04-02,Platelet Support,6,25.0,150.0
2024-04-02,Amoxicillin 250mg,12,4.0,48.0
2024-04-02,Ciprofloxacin 500mg,13,5.5,71.5
2024-04-02,Aspirin 325mg,1,0.8,0.8
2024-04-02,Chloramphenicol,3,6.0,18.0
2024-04-02,Vitamin B Complex,5,2.5,12.5
2024-04-03,Oseltamivir 75mg,20,12.0,240.0
2024-04-03,Paracetamol 500mg,65,1.5,97.5
2024-04-03,Vitamin C,33,0.8,26.400000000000002
2024-04-03,Cough Syrup,43,3.0,129.0
2024-04-03,Artemether IV,20,15.0,300.0
2024-04-03,Quinine 500mg,13,8.0,104.0
2024-04-03,Ibuprofen 200mg,39,1.0,39.0
2024-04-03,Platelet Support,7,25.0,175.0
2024-04-03,Amoxicillin 250mg,14,4.0,56.0
2024-04-03,Ciprofloxacin 500mg,19,5.5,104.5
2024-04-03,Aspirin 325mg,6,0.8,4.800000000000001
2024-04-03,Chloramphenicol,4,6.0,24.0
2024-04-03,Vitamin B Complex,1,2.5,2.5
2024-04-04,Oseltamivir 75mg,20,12.0,240.0
2024-04-04,Paracetamol 500mg,71,1.5,106.5
2024-04-04,Vitamin C,34,0.8,27.200000000000003
2024-04-04,Cough Syrup,35,3.0,105.0
2024-04-04,Artemether IV,12,15.0,180.0
2024-04-04,Quinine 500mg,13,8.0,104.0
2024-04-04,Ibuprofen 200mg,33,1.0,33.0
2024-04-04,Platelet Support,15,25.0,375.0
2024-04-04,Amoxicillin 250mg,16,4.0,64.0
2024-04-04,Ciprofloxacin 500mg,18,5.5,99.0
2024-04-04,Aspirin 325mg,2,0.8,1.6
2024-04-04,Chloramphenicol,8,6.0,48.0
2024-04-04,Vitamin B Complex,6,2.5,15.0
2024-04-05,Oseltamivir 75mg,19,12.0,228.0
2024-04-05,Paracetamol 500mg,58,1.5,87.0
2024-04-05,Vitamin C,38,0.8,30.400000000000002
2024-04-05,Cough Syrup,36,3.0,108.0
2024-04-05,Artemether IV,12,15.0,180.0
2024-04-05,Quinine 500mg,10,8.0,80.0
2024-04-05,Ibuprofen 200mg,33,1.0,33.0
2024-04-05,Platelet Support,10,25.0,250.0
2024-04-05,Amoxicillin 250mg,19,4.0,76.0
2024-04-05,Ciprofloxacin 500mg,15,5.5,82.5
2024-04-05,Aspirin 325mg,2,0.8,1.6
2024-04-05,Chloramphenicol,4,6.0,24.0
2024-04-06,Oseltamivir 75mg,22,12.0,264.0
2024-04-06,Paracetamol 500mg,62,1.5,93.0
2024-04-06,Vitamin C,38,0.8,30.400000000000002
2024-04-06,Cough Syrup,57,3.0,171.0
2024-04-06,Artemether IV,12,15.0,180.0
2024-04-06,Quinine 500mg,8,8.0,64.0
2024-04-06,Ibuprofen 200mg,44,1.0,44.0
2024-04-06,Platelet Support,7,25.0,175.0
2024-04-06,Amoxicillin 250mg,10,4.0,40.0
2024-04-06,Ciprofloxacin 500mg,13,5.5,71.5
2024-04-06,Aspirin 325mg,6,0.8,4.800000000000001
2024-04-06,Chloramphenicol,6,6.0,36.0
2024-04-06,Vitamin B Complex,3,2.5,7.5
2024-04-07,Oseltamivir 75mg,12,12.0,144.0
2024-04-07,Paracetamol 500mg,66,1.5,99.0
2024-04-07,Vitamin C,36,0.8,28.8
2024-04-07,Cough Syrup,46,3.0,138.0
2024-04-07,Artemether IV,16,15.0,240.0
2024-04-07,Quinine 500mg,10,8.0,80.0
2024-04-07,Ibuprofen 200mg,37,1.0,37.0
2024-04-07,Platelet Support,10,25.0,250.0
2024-04-07,Amoxicillin 250mg,17,4.0,68.0
2024-04-07,Ciprofloxacin 500mg,11,5.5,60.5
2024-04-07,Aspirin 325mg,5,0.8,4.0
2024-04-07,Chloramphenicol,4,6.0,24.0
2024-04-07,Vitamin B Complex,3,2.5,7.5
2024-04-08,Oseltamivir 75mg,10,12.0,120.0
2024-04-08,Paracetamol 500mg,62,1.5,93.0
2024-04-08,Vitamin C,42,0.8,33.6
2024-04-08,Cough Syrup,40,3.0,120.0
2024-04-08,Artemether IV,10,15.0,150.0
2024-04-08,Quinine 500mg,13,8.0,104.0
2024-04-08,Ibuprofen 200mg,31,1.0,31.0
2024-04-08,Platelet Support,12,25.0,300.0
2024-04-08,Amoxicillin 250mg,19,4.0,76.0
2024-04-08,Ciprofloxacin 500mg,15,5.5,82.5
2024-04-08,Aspirin 325mg,2,0.8,1.6
2024-04-08,Chloramphenicol,4,6.0,24.0
2024-04-08,Vitamin B Complex,2,2.5,5.0
2024-04-09,Oseltamivir 75mg,14,12.0,168.0
2024-04-09,Paracetamol 500mg,57,1.5,85.5
2024-04-09,Vitamin C,34,0.8,27.200000000000003
2024-04-09,Cough Syrup,44,3.0,132.0
2024-04-09,Artemether IV,13,15.0,195.0
2024-04-09,Quinine 500mg,14,8.0,112.0
2024-04-09,Ibuprofen 200mg,40,1.0,40.0
2024-04-09,Platelet Support,8,25.0,200.0
2024-04-09,Amoxicillin 250mg,15,4.0,60.0
2024-04-09,Ciprofloxacin 500mg,20,5.5,110.0
2024-04-09,Aspirin 325mg,4,0.8,3.2
2024-04-09,Chloramphenicol,3,6.0,18.0
2024-04-09,Vitamin B Complex,5,2.5,12.5
2024-04-10,Oseltamivir 75mg,12,12.0,144.0
2024-04-10,Paracetamol 500mg,63,1.5,94.5
2024-04-10,Vitamin C,34,0.8,27.200000000000003
2024-04-10,Cough Syrup,45,3.0,135.0
2024-04-10,Artemether IV,6,15.0,90.0
2024-04-10,Quinine 500mg,9,8.0,72.0
2024-04-10,Ibuprofen 200mg,22,1.0,22.0
2024-04-10,Platelet Support,13,25.0,325.0
2024-04-10,Amoxicillin 250mg,19,4.0,76.0
2024-04-10,Chloramphenicol,6,6.0,36.0
2024-04-10,Ciprofloxacin 500mg,21,5.5,115.5
2024-04-10,Aspirin 325mg,4,0.8,3.2
2024-04-10,Vitamin B Complex,5,2.5,12.5
2024-04-11,Oseltamivir 75mg,14,12.0,168.0
2024-04-11,Paracetamol 500mg,68,1.5,102.0
2024-04-11,Vitamin C,38,0.8,30.400000000000002
2024-04-11,Cough Syrup,30,3.0,90.0
2024-04-11,Artemether IV,7,15.0,105.0
2024-04-11,Quinine 500mg,9,8.0,72.0
2024-04-11,Ibuprofen 200mg,29,1.0,29.0
2024-04-11,Platelet Support,14,25.0,350.0
2024-04-11,Amoxicillin 250mg,13,4.0,52.0
2024-04-11,Ciprofloxacin 500mg,15,5.5,82.5
2024-04-11,Aspirin 325mg,4,0.8,3.2
2024-04-11,Vitamin B Complex,1,2.5,2.5
2024-04-12,Oseltamivir 75mg,27,12.0,324.0
2024-04-12,Paracetamol 500mg,51,1.5,76.5
2024-04-12,Vitamin C,36,0.8,28.8
2024-04-12,Cough Syrup,38,3.0,114.0
2024-04-12,Artemether IV,5,15.0,75.0
2024-04-12,Quinine 500mg,17,8.0,136.0
2024-04-12,Ibuprofen 200mg,30,1.0,30.0
2024-04-12,Platelet Support,9,25.0,225.0
2024-04-12,Amoxicillin 250mg,12,4.0,48.0
2024-04-12,Ciprofloxacin 500mg,17,5.5,93.5
2024-04-12,Aspirin 325mg,1,0.8,0.8
2024-04-12,Chloramphenicol,1,6.0,6.0
2024-04-12,Vitamin B Complex,2,2.5,5.0
2024-04-13,Oseltamivir 75mg,14,12.0,168.0
2024-04-13,Paracetamol 500mg,44,1.5,66.0
2024-04-13,Vitamin C,39,0.8,31.200000000000003
2024-04-13,Cough Syrup,56,3.0,168.0
2024-04-13,Artemether IV,11,15.0,165.0
2024-04-13,Quinine 500mg,8,8.0,64.0
2024-04-13,Ibuprofen 200mg,22,1.0,22.0
2024-04-13,Amoxicillin 250mg,19,4.0,76.0
2024-04-13,Ciprofloxacin 500mg,15,5.5,82.5
2024-04-13,Aspirin 325mg,5,0.8,4.0
2024-04-13,Chloramphenicol,4,6.0,24.0
2024-04-13,Vitamin B Complex,3,2.5,7.5
2024-04-13,Platelet Support,2,25.0,50.0
2024-04-14,Oseltamivir 75mg,20,12.0,240.0
2024-04-14,Paracetamol 500mg,61,1.5,91.5
2024-04-14,Vitamin C,32,0.8,25.6
2024-04-14,Cough Syrup,44,3.0,132.0
2024-04-14,Artemether IV,6,15.0,90.0
2024-04-14,Quinine 500mg,10,8.0,80.0
2024-04-14,Ibuprofen 200mg,20,1.0,20.0
2024-04-14,Amoxicillin 250mg,25,4.0,100.0
2024-04-14,Chloramphenicol,5,6.0,30.0
2024-04-14,Ciprofloxacin 500mg,22,5.5,121.0
2024-04-14,Aspirin 325mg,2,0.8,1.6
2024-04-14,Vitamin B Complex,1,2.5,2.5
2024-04-14,Platelet Support,3,25.0,75.0
2024-04-15,Oseltamivir 75mg,17,12.0,204.0
2024-04-15,Paracetamol 500mg,54,1.5,81.0
2024-04-15,Vitamin C,41,0.8,32.800000000000004
2024-04-15,Cough Syrup,32,3.0,96.0
2024-04-15,Artemether IV,10,15.0,150.0
2024-04-15,Quinine 500mg,16,8.0,128.0
2024-04-15,Ibuprofen 200mg,36,1.0,36.0
2024-04-15,Platelet Support,11,25.0,275.0
2024-04-15,Amoxicillin 250mg,20,4.0,80.0
2024-04-15,Chloramphenicol,5,6.0,30.0
2024-04-15,Ciprofloxacin 500mg,19,5.5,104.5
2024-04-15,Aspirin 325mg,4,0.8,3.2
2024-04-15,Vitamin B Complex,2,2.5,5.0
2024-04-16,Oseltamivir 75mg,22,12.0,264.0
2024-04-16,Paracetamol 500mg,53,1.5,79.5
2024-04-16,Vitamin C,31,0.8,24.8
2024-04-16,Cough Syrup,34,3.0,102.0
2024-04-16,Artemether IV,13,15.0,195.0
2024-04-16,Quinine 500mg,11,8.0,88.0
2024-04-16,Ibuprofen 200mg,24,1.0,24.0
2024-04-16,Platelet Support,8,25.0,200.0
2024-04-16,Amoxicillin 250mg,22,4.0,88.0
2024-04-16,Chloramphenicol,12,6.0,72.0
2024-04-16,Ciprofloxacin 500mg,18,5.5,99.0
2024-04-16,Aspirin 325mg,2,0.8,1.6
2024-04-16,Vitamin B Complex,2,2.5,5.0
2024-04-17,Oseltamivir 75mg,24,12.0,288.0
2024-04-17,Paracetamol 500mg,65,1.5,97.5
2024-04-17,Vitamin C,38,0.8,30.400000000000002
2024-04-17,Cough Syrup,47,3.0,141.0
2024-04-17,Artemether IV,13,15.0,195.0
2024-04-17,Quinine 500mg,11,8.0,88.0
2024-04-17,Ibuprofen 200mg,25,1.0,25.0
2024-04-17,Platelet Support,9,25.0,225.0
2024-04-17,Amoxicillin 250mg,23,4.0,92.0
2024-04-17,Chloramphenicol,9,6.0,54.0
2024-04-17,Ciprofloxacin 500mg,28,5.5,154.0
2024-04-17,Aspirin 325mg,2,0.8,1.6
2024-04-17,Vitamin B Complex,2,2.5,5.0
2024-04-18,Oseltamivir 75mg,16,12.0,192.0
2024-04-18,Paracetamol 500mg,64,1.5,96.0
2024-04-18,Vitamin C,31,0.8,24.8
2024-04-18,Cough Syrup,37,3.0,111.0
2024-04-18,Artemether IV,8,15.0,120.0
2024-04-18,Quinine 500mg,5,8.0,40.0
2024-04-18,Ibuprofen 200mg,26,1.0,26.0
2024-04-18,Platelet Support,6,25.0,150.0
2024-04-18,Amoxicillin 250mg,24,4.0,96.0
2024-04-18,Chloramphenicol,13,6.0,78.0
2024-04-18,Ciprofloxacin 500mg,30,5.5,165.0
2024-04-18,Aspirin 325mg,3,0.8,2.4000000000000004
2024-04-18,Vitamin B Complex,2,2.5,5.0
2024-04-19,Oseltamivir 75mg,18,12.0,216.0
2024-04-19,Paracetamol 500mg,72,1.5,108.0
2024-04-19,Vitamin C,33,0.8,26.400000000000002
2024-04-19,Cough Syrup,40,3.0,120.0
2024-04-19,Artemether IV,13,15.0,195.0
2024-04-19,Quinine 500mg,7,8.0,56.0
2024-04-19,Ibuprofen 200mg,26,1.0,26.0
2024-04-19,Platelet Support,5,25.0,125.0
2024-04-19,Amoxicillin 250mg,17,4.0,68.0
2024-04-19,Chloramphenicol,13,6.0,78.0
2024-04-19,Ciprofloxacin 500mg,20,5.5,110.0
2024-04-19,Aspirin 325mg,4,0.8,3.2
2024-04-19,Vitamin B Complex,2,2.5,5.0
2024-04-20,Oseltamivir 75mg,12,12.0,144.0
2024-04-20,Paracetamol 500mg,51,1.5,76.5
2024-04-20,Vitamin C,17,0.8,13.600000000000001
2024-04-20,Cough Syrup,38,3.0,114.0
2024-04-20,Artemether IV,9,15.0,135.0
2024-04-20,Quinine 500mg,4,8.0,32.0
2024-04-20,Ibuprofen 200mg,20,1.0,20.0
2024-04-20,Amoxicillin 250mg,20,4.0,80.0
2024-04-20,Chloramphenicol,11,6.0,66.0
2024-04-20,Ciprofloxacin 500mg,17,5.5,93.5
2024-04-20,Aspirin 325mg,2,0.8,1.6
2024-04-20,Vitamin B Complex,4,2.5,10.0
2024-04-20,Platelet Support,3,25.0,75.0
2024-04-21,Oseltamivir 75mg,18,12.0,216.0
2024-04-21,Paracetamol 500mg,48,1.5,72.0
2024-04-21,Vitamin C,28,0.8,22.400000000000002
2024-04-21,Cough Syrup,42,3.0,126.0
2024-04-21,Artemether IV,16,15.0,240.0
2024-04-21,Quinine 500mg,10,8.0,80.0
2024-04-21,Ibuprofen 200mg,20,1.0,20.0
2024-04-21,Amoxicillin 250mg,29,4.0,116.0
2024-04-21,Chloramphenicol,7,6.0,42.0
2024-04-21,Ciprofloxacin 500mg,18,5.5,99.0
2024-04-21,Aspirin 325mg,6,0.8,4.800000000000001
2024-04-21,Vitamin B Complex,2,2.5,5.0
2024-04-21,Platelet Support,3,25.0,75.0
2024-04-22,Oseltamivir 75mg,17,12.0,204.0
2024-04-22,Paracetamol 500mg,55,1.5,82.5
2024-04-22,Vitamin C,35,0.8,28.0
2024-04-22,Cough Syrup,34,3.0,102.0
2024-04-22,Artemether IV,13,15.0,195.0
2024-04-22,Quinine 500mg,10,8.0,80.0
2024-04-22,Ibuprofen 200mg,30,1.0,30.0
2024-04-22,Platelet Support,9,25.0,225.0
2024-04-22,Amoxicillin 250mg,26,4.0,104.0
2024-04-22,Chloramphenicol,11,6.0,66.0
2024-04-22,Ciprofloxacin 500mg,19,5.5,104.5
2024-04-22,Aspirin 325mg,3,0.8,2.4000000000000004
2024-04-22,Vitamin B Complex,3,2.5,7.5
2024-04-23,Oseltamivir 75mg,15,12.0,180.0
2024-04-23,Paracetamol 500mg,51,1.5,76.5
2024-04-23,Cough Syrup,39,3.0,117.0
2024-04-23,Ibuprofen 200mg,29,1.0,29.0
2024-04-23,Vitamin C,25,0.8,20.0
2024-04-23,Artemether IV,4,15.0,60.0
2024-04-23,Quinine 500mg,14,8.0,112.0
2024-04-23,Platelet Support,9,25.0,225.0
2024-04-23,Amoxicillin 250mg,27,4.0,108.0
2024-04-23,Chloramphenicol,11,6.0,66.0
2024-04-23,Ciprofloxacin 500mg,20,5.5,110.0
2024-04-23,Aspirin 325mg,4,0.8,3.2
2024-04-23,Vitamin B Complex,3,2.5,7.5
2024-04-24,Oseltamivir 75mg,15,12.0,180.0
2024-04-24,Paracetamol 500mg,67,1.5,100.5
2024-04-24,Vitamin C,34,0.8,27.200000000000003
2024-04-24,Cough Syrup,30,3.0,90.0
2024-04-24,Artemether IV,12,15.0,180.0
2024-04-24,Quinine 500mg,12,8.0,96.0
2024-04-24,Ibuprofen 200mg,30,1.0,30.0
2024-04-24,Platelet Support,10,25.0,250.0
2024-04-24,Amoxicillin 250mg,20,4.0,80.0
2024-04-24,Chloramphenicol,11,6.0,66.0
2024-04-24,Ciprofloxacin 500mg,16,5.5,88.0
2024-04-24,Aspirin 325mg,7,0.8,5.6000000000000005
2024-04-24,Vitamin B Complex,3,2.5,7.5
2024-04-25,Oseltamivir 75mg,8,12.0,96.0
2024-04-25,Paracetamol 500mg,49,1.5,73.5
2024-04-25,Vitamin C,29,0.8,23.200000000000003
2024-04-25,Cough Syrup,48,3.0,144.0
2024-04-25,Artemether IV,7,15.0,105.0
2024-04-25,Quinine 500mg,9,8.0,72.0
2024-04-25,Ibuprofen 200mg,25,1.0,25.0
2024-04-25,Platelet Support,8,25.0,200.0
2024-04-25,Amoxicillin 250mg,14,4.0,56.0
2024-04-25,Ciprofloxacin 500mg,16,5.5,88.0
2024-04-25,Chloramphenicol,4,6.0,24.0
2024-04-25,Vitamin B Complex,5,2.5,12.5
2024-04-26,Oseltamivir 75mg,13,12.0,156.0
2024-04-26,Paracetamol 500mg,63,1.5,94.5
2024-04-26,Vitamin C,41,0.8,32.800000000000004
2024-04-26,Cough Syrup,41,3.0,123.0
2024-04-26,Artemether IV,9,15.0,135.0
2024-04-26,Quinine 500mg,13,8.0,104.0
2024-04-26,Ibuprofen 200mg,39,1.0,39.0
2024-04-26,Platelet Support,11,25.0,275.0
2024-04-26,Amoxicillin 250mg,23,4.0,92.0
2024-04-26,Chloramphenicol,8,6.0,48.0
2024-04-26,Ciprofloxacin 500mg,24,5.5,132.0
2024-04-26,Aspirin 325mg,3,0.8,2.4000000000000004
2024-04-26,Vitamin B Complex,1,2.5,2.5
2024-04-27,Oseltamivir 75mg,14,12.0,168.0
2024-04-27,Paracetamol 500mg,55,1.5,82.5
2024-04-27,Vitamin C,29,0.8,23.200000000000003
2024-04-27,Cough Syrup,40,3.0,120.0
2024-04-27,Artemether IV,11,15.0,165.0
2024-04-27,Quinine 500mg,15,8.0,120.0
2024-04-27,Ibuprofen 200mg,27,1.0,27.0
2024-04-27,Platelet Support,11,25.0,275.0
2024-04-27,Amoxicillin 250mg,18,4.0,72.0
2024-04-27,Chloramphenicol,16,6.0,96.0
2024-04-27,Ciprofloxacin 500mg,30,5.5,165.0
2024-04-27,Aspirin 325mg,4,0.8,3.2
2024-04-27,Vitamin B Complex,3,2.5,7.5
2024-04-28,Oseltamivir 75mg,22,12.0,264.0
2024-04-28,Paracetamol 500mg,53,1.5,79.5
2024-04-28,Vitamin C,34,0.8,27.200000000000003
2024-04-28,Cough Syrup,39,3.0,117.0
2024-04-28,Artemether IV,10,15.0,150.0
2024-04-28,Quinine 500mg,11,8.0,88.0
2024-04-28,Ibuprofen 200mg,27,1.0,27.0
2024-04-28,Platelet Support,8,25.0,200.0
2024-04-28,Amoxicillin 250mg,40,4.0,160.0
2024-04-28,Chloramphenicol,14,6.0,84.0
2024-04-28,Ciprofloxacin 500mg,18,5.5,99.0
2024-04-28,Aspirin 325mg,4,0.8,3.2
2024-04-28,Vitamin B Complex,4,2.5,10.0
2024-04-29,Oseltamivir 75mg,15,12.0,180.0
2024-04-29,Paracetamol 500mg,53,1.5,79.5
2024-04-29,Vitamin C,30,0.8,24.0
2024-04-29,Cough Syrup,41,3.0,123.0
2024-04-29,Artemether IV,7,15.0,105.0
2024-04-29,Quinine 500mg,9,8.0,72.0
2024-04-29,Ibuprofen 200mg,26,1.0,26.0
2024-04-29,Platelet Support,15,25.0,375.0
2024-04-29,Amoxicillin 250mg,21,4.0,84.0
2024-04-29,Chloramphenicol,7,6.0,42.0
2024-04-29,Ciprofloxacin 500mg,10,5.5,55.0
2024-04-29,Aspirin 325mg,3,0.8,2.4000000000000004
2024-04-29,Vitamin B Complex,3,2.5,7.5
2024-04-30,Oseltamivir 75mg,28,12.0,336.0
2024-04-30,Paracetamol 500mg,53,1.5,79.5
2024-04-30,Vitamin C,44,0.8,35.2
2024-04-30,Cough Syrup,31,3.0,93.0
2024-04-30,Artemether IV,14,15.0,210.0
2024-04-30,Quinine 500mg,15,8.0,120.0
2024-04-30,Ibuprofen 200mg,40,1.0,40.0
2024-04-30,Platelet Support,10,25.0,250.0
2024-04-30,Amoxicillin 250mg,11,4.0,44.0
2024-04-30,Ciprofloxacin 500mg,13,5.5,71.5
2024-04-30,Aspirin 325mg,5,0.8,4.0
2024-04-30,Chloramphenicol,1,6.0,6.0
2024-05-01,Oseltamivir 75mg,16,12.0,192.0
2024-05-01,Paracetamol 500mg,72,1.5,108.0
2024-05-01,Vitamin C,30,0.8,24.0
2024-05-01,Cough Syrup,31,3.0,93.0
2024-05-01,Artemether IV,17,15.0,255.0
2024-05-01,Quinine 500mg,14,8.0,112.0
2024-05-01,Ibuprofen 200mg,31,1.0,31.0
2024-05-01,Platelet Support,17,25.0,425.0
2024-05-01,Amoxicillin 250mg,10,4.0,40.0
2024-05-01,Ciprofloxacin 500mg,16,5.5,88.0
2024-05-01,Aspirin 325mg,3,0.8,2.4000000000000004
2024-05-01,Chloramphenicol,2,6.0,12.0
2024-05-01,Vitamin B Complex,1,2.5,2.5
2024-05-02,Oseltamivir 75mg,15,12.0,180.0
2024-05-02,Paracetamol 500mg,50,1.5,75.0
2024-05-02,Vitamin C,53,0.8,42.400000000000006
2024-05-02,Cough Syrup,42,3.0,126.0
2024-05-02,Artemether IV,16,15.0,240.0
2024-05-02,Quinine 500mg,8,8.0,64.0
2024-05-02,Ibuprofen 200mg,39,1.0,39.0
2024-05-02,Platelet Support,10,25.0,250.0
2024-05-02,Amoxicillin 250mg,16,4.0,64.0
2024-05-02,Ciprofloxacin 500mg,7,5.5,38.5
2024-05-02,Aspirin 325mg,4,0.8,3.2
2024-05-02,Chloramphenicol,3,6.0,18.0
2024-05-02,Vitamin B Complex,6,2.5,15.0
2024-05-03,Oseltamivir 75mg,13,12.0,156.0
2024-05-03,Paracetamol 500mg,51,1.5,76.5
2024-05-03,Vitamin C,31,0.8,24.8
2024-05-03,Cough Syrup,38,3.0,114.0
2024-05-03,Artemether IV,12,15.0,180.0
2024-05-03,Quinine 500mg,8,8.0,64.0
2024-05-03,Ibuprofen 200mg,30,1.0,30.0
2024-05-03,Platelet Support,12,25.0,300.0
2024-05-03,Amoxicillin 250mg,10,4.0,40.0
2024-05-03,Ciprofloxacin 500mg,9,5.5,49.5
2024-05-03,Aspirin 325mg,1,0.8,0.8
2024-05-03,Chloramphenicol,2,6.0,12.0
2024-05-03,Vitamin B Complex,1,2.5,2.5
2024-05-04,Oseltamivir 75mg,15,12.0,180.0
2024-05-04,Paracetamol 500mg,50,1.5,75.0
2024-05-04,Vitamin C,27,0.8,21.6
2024-05-04,Cough Syrup,35,3.0,105.0
2024-05-04,Artemether IV,10,15.0,150.0
2024-05-04,Quinine 500mg,11,8.0,88.0
2024-05-04,Ibuprofen 200mg,28,1.0,28.0
2024-05-04,Platelet Support,24,25.0,600.0
2024-05-04,Amoxicillin 250mg,7,4.0,28.0
2024-05-04,Ciprofloxacin 500mg,8,5.5,44.0
2024-05-04,Aspirin 325mg,6,0.8,4.800000000000001
2024-05-04,Chloramphenicol,3,6.0,18.0
2024-05-04,Vitamin B Complex,3,2.5,7.5
2024-05-05,Oseltamivir 75mg,16,12.0,192.0
2024-05-05,Paracetamol 500mg,45,1.5,67.5
2024-05-05,Vitamin C,27,0.8,21.6
2024-05-05,Cough Syrup,37,3.0,111.0
2024-05-05,Artemether IV,13,15.0,195.0
2024-05-05,Quinine 500mg,12,8.0,96.0
2024-05-05,Ibuprofen 200mg,34,1.0,34.0
2024-05-05,Platelet Support,16,25.0,400.0
2024-05-05,Amoxicillin 250mg,11,4.0,44.0
2024-05-05,Ciprofloxacin 500mg,11,5.5,60.5
2024-05-05,Aspirin 325mg,1,0.8,0.8
2024-05-05,Chloramphenicol,4,6.0,24.0
2024-05-05,Vitamin B Complex,2,2.5,5.0
2024-05-06,Oseltamivir 75mg,16,12.0,192.0
2024-05-06,Paracetamol 500mg,60,1.5,90.0
2024-05-06,Vitamin C,47,0.8,37.6
2024-05-06,Cough Syrup,40,3.0,120.0
2024-05-06,Artemether IV,21,15.0,315.0
2024-05-06,Quinine 500mg,12,8.0,96.0
2024-05-06,Ibuprofen 200mg,24,1.0,24.0
2024-05-06,Platelet Support,18,25.0,450.0
2024-05-06,Amoxicillin 250mg,4,4.0,16.0
2024-05-06,Ciprofloxacin 500mg,9,5.5,49.5
2024-05-06,Aspirin 325mg,3,0.8,2.4000000000000004
2024-05-06,Chloramphenicol,3,6.0,18.0
2024-05-06,Vitamin B Complex,4,2.5,10.0
2024-05-07,Oseltamivir 75mg,19,12.0,228.0
2024-05-07,Paracetamol 500mg,53,1.5,79.5
2024-05-07,Vitamin C,29,0.8,23.200000000000003
2024-05-07,Cough Syrup,27,3.0,81.0
2024-05-07,Artemether IV,17,15.0,255.0
2024-05-07,Quinine 500mg,21,8.0,168.0
2024-05-07,Ibuprofen 200mg,28,1.0,28.0
2024-05-07,Platelet Support,7,25.0,175.0
2024-05-07,Amoxicillin 250mg,10,4.0,40.0
2024-05-07,Ciprofloxacin 500mg,2,5.5,11.0
2024-05-07,Aspirin 325mg,2,0.8,1.6
2024-05-07,Chloramphenicol,4,6.0,24.0
2024-05-07,Vitamin B Complex,1,2.5,2.5
2024-05-08,Oseltamivir 75mg,16,12.0,192.0
2024-05-08,Paracetamol 500mg,57,1.5,85.5
2024-05-08,Vitamin C,30,0.8,24.0
2024-05-08,Cough Syrup,30,3.0,90.0
2024-05-08,Artemether IV,13,15.0,195.0
2024-05-08,Quinine 500mg,14,8.0,112.0
2024-05-08,Ibuprofen 200mg,43,1.0,43.0
2024-05-08,Platelet Support,9,25.0,225.0
2024-05-08,Amoxicillin 250mg,14,4.0,56.0
2024-05-08,Ciprofloxacin 500mg,20,5.5,110.0
2024-05-08,Chloramphenicol,2,6.0,12.0
2024-05-08,Vitamin B Complex,8,2.5,20.0
2024-05-09,Oseltamivir 75mg,13,12.0,156.0
2024-05-09,Paracetamol 500mg,41,1.5,61.5
2024-05-09,Vitamin C,30,0.8,24.0
2024-05-09,Cough Syrup,23,3.0,69.0
2024-05-09,Artemether IV,13,15.0,195.0
2024-05-09,Quinine 500mg,13,8.0,104.0
2024-05-09,Ibuprofen 200mg,22,1.0,22.0
2024-05-09,Platelet Support,13,25.0,325.0
2024-05-09,Amoxicillin 250mg,14,4.0,56.0
2024-05-09,Ciprofloxacin 500mg,14,5.5,77.0
2024-05-09,Aspirin 325mg,4,0.8,3.2
2024-05-09,Chloramphenicol,2,6.0,12.0
2024-05-09,Vitamin B Complex,1,2.5,2.5
2024-05-10,Oseltamivir 75mg,17,12.0,204.0
2024-05-10,Paracetamol 500mg,32,1.5,48.0
2024-05-10,Vitamin C,23,0.8,18.400000000000002
2024-05-10,Cough Syrup,18,3.0,54.0
2024-05-10,Artemether IV,13,15.0,195.0
2024-05-10,Quinine 500mg,4,8.0,32.0
2024-05-10,Ibuprofen 200mg,22,1.0,22.0
2024-05-10,Platelet Support,10,25.0,250.0
2024-05-10,Amoxicillin 250mg,12,4.0,48.0
2024-05-10,Ciprofloxacin 500mg,10,5.5,55.0
2024-05-10,Aspirin 325mg,6,0.8,4.800000000000001
2024-05-10,Chloramphenicol,2,6.0,12.0
2024-05-10,Vitamin B Complex,4,2.5,10.0
2024-05-11,Oseltamivir 75mg,10,12.0,120.0
2024-05-11,Paracetamol 500mg,32,1.5,48.0
2024-05-11,Vitamin C,24,0.8,19.200000000000003
2024-05-11,Cough Syrup,15,3.0,45.0
2024-05-11,Platelet Support,3,25.0,75.0
2024-05-11,Ibuprofen 200mg,23,1.0,23.0
2024-05-11,Amoxicillin 250mg,6,4.0,24.0
2024-05-11,Ciprofloxacin 500mg,17,5.5,93.5
2024-05-11,Aspirin 325mg,3,0.8,2.4000000000000004
2024-05-11,Chloramphenicol,7,6.0,42.0
2024-05-11,Vitamin B Complex,2,2.5,5.0
2024-05-11,Artemether IV,6,15.0,90.0
2024-05-11,Quinine 500mg,2,8.0,16.0
2024-05-12,Oseltamivir 75mg,10,12.0,120.0
2024-05-12,Paracetamol 500mg,30,1.5,45.0
2024-05-12,Vitamin C,17,0.8,13.600000000000001
2024-05-12,Cough Syrup,21,3.0,63.0
2024-05-12,Artemether IV,3,15.0,45.0
2024-05-12,Quinine 500mg,9,8.0,72.0
2024-05-12,Ibuprofen 200mg,17,1.0,17.0
2024-05-12,Platelet Support,16,25.0,400.0
2024-05-12,Amoxicillin 250mg,12,4.0,48.0
2024-05-12,Ciprofloxacin 500mg,5,5.5,27.5
2024-05-12,Aspirin 325mg,5,0.8,4.0
2024-05-12,Chloramphenicol,3,6.0,18.0
2024-05-12,Vitamin B Complex,5,2.5,12.5
2024-05-13,Oseltamivir 75mg,9,12.0,108.0
2024-05-13,Paracetamol 500mg,18,1.5,27.0
2024-05-13,Vitamin C,14,0.8,11.200000000000001
2024-05-13,Cough Syrup,16,3.0,48.0
2024-05-13,Platelet Support,13,25.0,325.0
2024-05-13,Ibuprofen 200mg,10,1.0,10.0
2024-05-13,Amoxicillin 250mg,13,4.0,52.0
2024-05-13,Ciprofloxacin 500mg,22,5.5,121.0
2024-05-13,Aspirin 325mg,1,0.8,0.8
2024-05-13,Chloramphenicol,4,6.0,24.0
2024-05-13,Vitamin B Complex,2,2.5,5.0
2024-05-13,Artemether IV,6,15.0,90.0
2024-05-13,Quinine 500mg,1,8.0,8.0
2024-05-14,Oseltamivir 75mg,14,12.0,168.0
2024-05-14,Paracetamol 500mg,34,1.5,51.0
2024-05-14,Vitamin C,16,0.8,12.8
2024-05-14,Cough Syrup,23,3.0,69.0
2024-05-14,Platelet Support,14,25.0,350.0
2024-05-14,Ibuprofen 200mg,12,1.0,12.0
2024-05-14,Amoxicillin 250mg,9,4.0,36.0
2024-05-14,Ciprofloxacin 500mg,13,5.5,71.5
2024-05-14,Aspirin 325mg,6,0.8,4.800000000000001
2024-05-14,Chloramphenicol,2,6.0,12.0
2024-05-14,Vitamin B Complex,5,2.5,12.5
2024-05-14,Artemether IV,3,15.0,45.0
2024-05-15,Oseltamivir 75mg,7,12.0,84.0
2024-05-15,Paracetamol 500mg,40,1.5,60.0
2024-05-15,Vitamin C,17,0.8,13.600000000000001
2024-05-15,Cough Syrup,23,3.0,69.0
2024-05-15,Platelet Support,7,25.0,175.0
2024-05-15,Ibuprofen 200mg,8,1.0,8.0
2024-05-15,Amoxicillin 250mg,19,4.0,76.0
2024-05-15,Chloramphenicol,4,6.0,24.0
2024-05-15,Ciprofloxacin 500mg,15,5.5,82.5
2024-05-15,Aspirin 325mg,2,0.8,1.6
2024-05-15,Vitamin B Complex,3,2.5,7.5
2024-05-15,Artemether IV,2,15.0,30.0
2024-05-15,Quinine 500mg,2,8.0,16.0
2024-05-16,Oseltamivir 75mg,12,12.0,144.0
2024-05-16,Paracetamol 500mg,30,1.5,45.0
2024-05-16,Vitamin C,23,0.8,18.400000000000002
2024-05-16,Cough Syrup,17,3.0,51.0
2024-05-16,Platelet Support,13,25.0,325.0
2024-05-16,Ibuprofen 200mg,19,1.0,19.0
2024-05-16,Amoxicillin 250mg,10,4.0,40.0
2024-05-16,Ciprofloxacin 500mg,18,5.5,99.0
2024-05-16,Aspirin 325mg,3,0.8,2.4000000000000004
2024-05-16,Chloramphenicol,3,6.0,18.0
2024-05-16,Vitamin B Complex,3,2.5,7.5
2024-05-16,Artemether IV,1,15.0,15.0
2024-05-16,Quinine 500mg,4,8.0,32.0
2024-05-17,Oseltamivir 75mg,9,12.0,108.0
2024-05-17,Paracetamol 500mg,36,1.5,54.0
2024-05-17,Vitamin C,21,0.8,16.8
2024-05-17,Cough Syrup,23,3.0,69.0
2024-05-17,Platelet Support,12,25.0,300.0
2024-05-17,Ibuprofen 200mg,9,1.0,9.0
2024-05-17,Amoxicillin 250mg,15,4.0,60.0
2024-05-17,Ciprofloxacin 500mg,12,5.5,66.0
2024-05-17,Aspirin 325mg,2,0.8,1.6
2024-05-17,Chloramphenicol,1,6.0,6.0
2024-05-17,Vitamin B Complex,5,2.5,12.5
2024-05-17,Artemether IV,1,15.0,15.0
2024-05-17,Quinine 500mg,1,8.0,8.0
2024-05-18,Oseltamivir 75mg,10,12.0,120.0
2024-05-18,Paracetamol 500mg,38,1.5,57.0
2024-05-18,Vitamin C,25,0.8,20.0
2024-05-18,Cough Syrup,35,3.0,105.0
2024-05-18,Platelet Support,6,25.0,150.0
2024-05-18,Ibuprofen 200mg,23,1.0,23.0
2024-05-18,Amoxicillin 250mg,13,4.0,52.0
2024-05-18,Ciprofloxacin 500mg,16,5.5,88.0
2024-05-18,Aspirin 325mg,5,0.8,4.0
2024-05-18,Chloramphenicol,1,6.0,6.0
2024-05-18,Vitamin B Complex,4,2.5,10.0
2024-05-18,Artemether IV,3,15.0,45.0
2024-05-18,Quinine 500mg,3,8.0,24.0
2024-05-19,Oseltamivir 75mg,9,12.0,108.0
2024-05-19,Paracetamol 500mg,33,1.5,49.5
2024-05-19,Vitamin C,23,0.8,18.400000000000002
2024-05-19,Cough Syrup,34,3.0,102.0
2024-05-19,Platelet Support,7,25.0,175.0
2024-05-19,Ibuprofen 200mg,13,1.0,13.0
2024-05-19,Amoxicillin 250mg,17,4.0,68.0
2024-05-19,Ciprofloxacin 500mg,16,5.5,88.0
2024-05-19,Aspirin 325mg,6,0.8,4.800000000000001
2024-05-19,Chloramphenicol,3,6.0,18.0
2024-05-19,Vitamin B Complex,4,2.5,10.0
2024-05-19,Artemether IV,3,15.0,45.0
2024-05-19,Quinine 500mg,4,8.0,32.0
2024-05-20,Oseltamivir 75mg,9,12.0,108.0
2024-05-20,Paracetamol 500mg,33,1.5,49.5
2024-05-20,Vitamin C,31,0.8,24.8
2024-05-20,Cough Syrup,29,3.0,87.0
2024-05-20,Platelet Support,10,25.0,250.0
2024-05-20,Ibuprofen 200mg,29,1.0,29.0
2024-05-20,Amoxicillin 250mg,20,4.0,80.0
2024-05-20,Ciprofloxacin 500mg,14,5.5,77.0
2024-05-20,Aspirin 325mg,6,0.8,4.800000000000001
2024-05-20,Chloramphenicol,4,6.0,24.0
2024-05-20,Vitamin B Complex,2,2.5,5.0
2024-05-20,Artemether IV,3,15.0,45.0
2024-05-20,Quinine 500mg,1,8.0,8.0
2024-05-21,Oseltamivir 75mg,13,12.0,156.0
2024-05-21,Paracetamol 500mg,44,1.5,66.0
2024-05-21,Vitamin C,30,0.8,24.0
2024-05-21,Cough Syrup,36,3.0,108.0
2024-05-21,Platelet Support,12,25.0,300.0
2024-05-21,Ibuprofen 200mg,24,1.0,24.0
2024-05-21,Amoxicillin 250mg,9,4.0,36.0
2024-05-21,Ciprofloxacin 500mg,16,5.5,88.0
2024-05-21,Aspirin 325mg,4,0.8,3.2
2024-05-21,Chloramphenicol,2,6.0,12.0
2024-05-21,Artemether IV,3,15.0,45.0
2024-05-21,Quinine 500mg,3,8.0,24.0
2024-05-22,Oseltamivir 75mg,14,12.0,168.0
2024-05-22,Paracetamol 500mg,50,1.5,75.0
2024-05-22,Vitamin C,25,0.8,20.0
2024-05-22,Cough Syrup,40,3.0,120.0
2024-05-22,Platelet Support,11,25.0,275.0
2024-05-22,Ibuprofen 200mg,12,1.0,12.0
2024-05-22,Amoxicillin 250mg,9,4.0,36.0
2024-05-22,Ciprofloxacin 500mg,12,5.5,66.0
2024-05-22,Aspirin 325mg,7,0.8,5.6000000000000005
2024-05-22,Chloramphenicol,3,6.0,18.0
2024-05-22,Vitamin B Complex,4,2.5,10.0
2024-05-22,Artemether IV,1,15.0,15.0
2024-05-22,Quinine 500mg,2,8.0,16.0
2024-05-23,Oseltamivir 75mg,18,12.0,216.0
2024-05-23,Paracetamol 500mg,42,1.5,63.0
2024-05-23,Vitamin C,30,0.8,24.0
2024-05-23,Cough Syrup,34,3.0,102.0
2024-05-23,Platelet Support,11,25.0,275.0
2024-05-23,Ibuprofen 200mg,24,1.0,24.0
2024-05-23,Amoxicillin 250mg,16,4.0,64.0
2024-05-23,Ciprofloxacin 500mg,16,5.5,88.0
2024-05-23,Chloramphenicol,5,6.0,30.0
2024-05-23,Vitamin B Complex,4,2.5,10.0
2024-05-23,Artemether IV,5,15.0,75.0
2024-05-23,Quinine 500mg,3,8.0,24.0
2024-05-24,Oseltamivir 75mg,12,12.0,144.0
2024-05-24,Paracetamol 500mg,59,1.5,88.5
2024-05-24,Vitamin C,36,0.8,28.8
2024-05-24,Cough Syrup,51,3.0,153.0
2024-05-24,Platelet Support,8,25.0,200.0
2024-05-24,Ibuprofen 200mg,17,1.0,17.0
2024-05-24,Amoxicillin 250mg,8,4.0,32.0
2024-05-24,Ciprofloxacin 500mg,17,5.5,93.5
2024-05-24,Aspirin 325mg,4,0.8,3.2
2024-05-24,Chloramphenicol,5,6.0,30.0
2024-05-24,Vitamin B Complex,3,2.5,7.5
2024-05-24,Artemether IV,2,15.0,30.0
2024-05-24,Quinine 500mg,3,8.0,24.0
2024-05-25,Oseltamivir 75mg,20,12.0,240.0
2024-05-25,Paracetamol 500mg,34,1.5,51.0
2024-05-25,Vitamin C,27,0.8,21.6
2024-05-25,Cough Syrup,22,3.0,66.0
2024-05-25,Platelet Support,14,25.0,350.0
2024-05-25,Ibuprofen 200mg,18,1.0,18.0
2024-05-25,Amoxicillin 250mg,15,4.0,60.0
2024-05-25,Ciprofloxacin 500mg,11,5.5,60.5
2024-05-25,Chloramphenicol,6,6.0,36.0
2024-05-25,Vitamin B Complex,2,2.5,5.0
2024-05-25,Artemether IV,5,15.0,75.0
2024-05-25,Quinine 500mg,4,8.0,32.0
2024-05-26,Oseltamivir 75mg,16,12.0,192.0
2024-05-26,Paracetamol 500mg,48,1.5,72.0
2024-05-26,Vitamin C,32,0.8,25.6
2024-05-26,Cough Syrup,38,3.0,114.0
2024-05-26,Platelet Support,13,25.0,325.0
2024-05-26,Ibuprofen 200mg,18,1.0,18.0
2024-05-26,Amoxicillin 250mg,12,4.0,48.0
2024-05-26,Ciprofloxacin 500mg,12,5.5,66.0
2024-05-26,Aspirin 325mg,3,0.8,2.4000000000000004
2024-05-26,Chloramphenicol,7,6.0,42.0
2024-05-26,Vitamin B Complex,2,2.5,5.0
2024-05-26,Artemether IV,6,15.0,90.0
2024-05-27,Oseltamivir 75mg,16,12.0,192.0
2024-05-27,Paracetamol 500mg,38,1.5,57.0
2024-05-27,Vitamin C,24,0.8,19.200000000000003
2024-05-27,Cough Syrup,26,3.0,78.0
2024-05-27,Platelet Support,12,25.0,300.0
2024-05-27,Ibuprofen 200mg,10,1.0,10.0
2024-05-27,Amoxicillin 250mg,17,4.0,68.0
2024-05-27,Ciprofloxacin 500mg,12,5.5,66.0
2024-05-27,Aspirin 325mg,2,0.8,1.6
2024-05-27,Vitamin B Complex,3,2.5,7.5
2024-05-27,Artemether IV,3,15.0,45.0
2024-05-27,Quinine 500mg,8,8.0,64.0
2024-05-28,Oseltamivir 75mg,7,12.0,84.0
2024-05-28,Paracetamol 500mg,52,1.5,78.0
2024-05-28,Vitamin C,30,0.8,24.0
2024-05-28,Cough Syrup,34,3.0,102.0
2024-05-28,Platelet Support,8,25.0,200.0
2024-05-28,Ibuprofen 200mg,21,1.0,21.0
2024-05-28,Amoxicillin 250mg,10,4.0,40.0
2024-05-28,Ciprofloxacin 500mg,23,5.5,126.5
2024-05-28,Aspirin 325mg,4,0.8,3.2
2024-05-28,Chloramphenicol,2,6.0,12.0
2024-05-28,Vitamin B Complex,2,2.5,5.0
2024-05-28,Artemether IV,3,15.0,45.0
2024-05-28,Quinine 500mg,3,8.0,24.0
2024-05-29,Oseltamivir 75mg,19,12.0,228.0
2024-05-29,Paracetamol 500mg,60,1.5,90.0
2024-05-29,Cough Syrup,41,3.0,123.0
2024-05-29,Ibuprofen 200mg,39,1.0,39.0
2024-05-29,Vitamin C,36,0.8,28.8
2024-05-29,Platelet Support,18,25.0,450.0
2024-05-29,Amoxicillin 250mg,24,4.0,96.0
2024-05-29,Ciprofloxacin 500mg,22,5.5,121.0
2024-05-29,Aspirin 325mg,1,0.8,0.8
2024-05-29,Chloramphenicol,5,6.0,30.0
2024-05-29,Vitamin B Complex,5,2.5,12.5
2024-05-29,Artemether IV,2,15.0,30.0
2024-05-29,Quinine 500mg,1,8.0,8.0
2024-05-30,Oseltamivir 75mg,14,12.0,168.0
2024-05-30,Paracetamol 500mg,60,1.5,90.0
2024-05-30,Vitamin C,26,0.8,20.8
2024-05-30,Cough Syrup,47,3.0,141.0
2024-05-30,Platelet Support,16,25.0,400.0
2024-05-30,Ibuprofen 200mg,19,1.0,19.0
2024-05-30,Amoxicillin 250mg,25,4.0,100.0
2024-05-30,Chloramphenicol,3,6.0,18.0
2024-05-30,Ciprofloxacin 500mg,19,5.5,104.5
2024-05-30,Aspirin 325mg,1,0.8,0.8
2024-05-30,Vitamin B Complex,4,2.5,10.0
2024-05-30,Artemether IV,5,15.0,75.0
2024-05-30,Quinine 500mg,1,8.0,8.0
2024-05-31,Oseltamivir 75mg,19,12.0,228.0
2024-05-31,Paracetamol 500mg,50,1.5,75.0
2024-05-31,Cough Syrup,49,3.0,147.0
2024-05-31,Ibuprofen 200mg,29,1.0,29.0
2024-05-31,Vitamin C,35,0.8,28.0
2024-05-31,Platelet Support,20,25.0,500.0
2024-05-31,Amoxicillin 250mg,16,4.0,64.0
2024-05-31,Chloramphenicol,11,6.0,66.0
2024-05-31,Ciprofloxacin 500mg,18,5.5,99.0
2024-05-31,Aspirin 325mg,2,0.8,1.6
2024-05-31,Vitamin B Complex,1,2.5,2.5
2024-05-31,Artemether IV,5,15.0,75.0
2024-05-31,Quinine 500mg,1,8.0,8.0
2024-06-01,Oseltamivir 75mg,23,12.0,276.0
2024-06-01,Paracetamol 500mg,69,1.5,103.5
2024-06-01,Cough Syrup,38,3.0,114.0
2024-06-01,Ibuprofen 200mg,38,1.0,38.0
2024-06-01,Vitamin C,26,0.8,20.8
2024-06-01,Platelet Support,15,25.0,375.0
2024-06-01,Amoxicillin 250mg,22,4.0,88.0
2024-06-01,Chloramphenicol,7,6.0,42.0
2024-06-01,Ciprofloxacin 500mg,24,5.5,132.0
2024-06-01,Aspirin 325mg,2,0.8,1.6
2024-06-01,Vitamin B Complex,4,2.5,10.0
2024-06-01,Artemether IV,3,15.0,45.0
2024-06-01,Quinine 500mg,4,8.0,32.0
2024-06-02,Oseltamivir 75mg,21,12.0,252.0
2024-06-02,Paracetamol 500mg,62,1.5,93.0
2024-06-02,Vitamin C,43,0.8,34.4
2024-06-02,Cough Syrup,37,3.0,111.0
2024-06-02,Artemether IV,5,15.0,75.0
2024-06-02,Quinine 500mg,14,8.0,112.0
2024-06-02,Ibuprofen 200mg,27,1.0,27.0
2024-06-02,Platelet Support,18,25.0,450.0
2024-06-02,Amoxicillin 250mg,22,4.0,88.0
2024-06-02,Chloramphenicol,11,6.0,66.0
2024-06-02,Ciprofloxacin 500mg,21,5.5,115.5
2024-06-02,Aspirin 325mg,4,0.8,3.2
2024-06-02,Vitamin B Complex,7,2.5,17.5
2024-06-03,Oseltamivir 75mg,19,12.0,228.0
2024-06-03,Paracetamol 500mg,72,1.5,108.0
2024-06-03,Vitamin C,37,0.8,29.6
2024-06-03,Cough Syrup,27,3.0,81.0
2024-06-03,Artemether IV,11,15.0,165.0
2024-06-03,Quinine 500mg,7,8.0,56.0
2024-06-03,Ibuprofen 200mg,24,1.0,24.0
2024-06-03,Platelet Support,11,25.0,275.0
2024-06-03,Amoxicillin 250mg,20,4.0,80.0
2024-06-03,Chloramphenicol,12,6.0,72.0
2024-06-03,Ciprofloxacin 500mg,16,5.5,88.0
2024-06-03,Aspirin 325mg,3,0.8,2.4000000000000004
2024-06-03,Vitamin B Complex,3,2.5,7.5
2024-06-04,Oseltamivir 75mg,22,12.0,264.0
2024-06-04,Paracetamol 500mg,59,1.5,88.5
2024-06-04,Cough Syrup,36,3.0,108.0
2024-06-04,Ibuprofen 200mg,38,1.0,38.0
2024-06-04,Vitamin C,44,0.8,35.2
2024-06-04,Platelet Support,20,25.0,500.0
2024-06-04,Amoxicillin 250mg,23,4.0,92.0
2024-06-04,Chloramphenicol,12,6.0,72.0
2024-06-04,Ciprofloxacin 500mg,22,5.5,121.0
2024-06-04,Aspirin 325mg,2,0.8,1.6
2024-06-04,Vitamin B Complex,4,2.5,10.0
2024-06-04,Artemether IV,2,15.0,30.0
2024-06-04,Quinine 500mg,2,8.0,16.0
2024-06-05,Oseltamivir 75mg,14,12.0,168.0
2024-06-05,Paracetamol 500mg,57,1.5,85.5
2024-06-05,Vitamin C,36,0.8,28.8
2024-06-05,Cough Syrup,34,3.0,102.0
2024-06-05,Platelet Support,17,25.0,425.0
2024-06-05,Ibuprofen 200mg,25,1.0,25.0
2024-06-05,Amoxicillin 250mg,17,4.0,68.0
2024-06-05,Chloramphenicol,15,6.0,90.0
2024-06-05,Ciprofloxacin 500mg,28,5.5,154.0
2024-06-05,Aspirin 325mg,3,0.8,2.4000000000000004
2024-06-05,Vitamin B Complex,2,2.5,5.0
2024-06-05,Artemether IV,2,15.0,30.0
2024-06-05,Quinine 500mg,3,8.0,24.0
2024-06-06,Oseltamivir 75mg,13,12.0,156.0
2024-06-06,Paracetamol 500mg,56,1.5,84.0
2024-06-06,Vitamin C,51,0.8,40.800000000000004
2024-06-06,Cough Syrup,37,3.0,111.0
2024-06-06,Platelet Support,13,25.0,325.0
2024-06-06,Ibuprofen 200mg,20,1.0,20.0
2024-06-06,Amoxicillin 250mg,17,4.0,68.0
2024-06-06,Chloramphenicol,11,6.0,66.0
2024-06-06,Ciprofloxacin 500mg,18,5.5,99.0
2024-06-06,Aspirin 325mg,2,0.8,1.6
2024-06-06,Vitamin B Complex,3,2.5,7.5
2024-06-06,Artemether IV,3,15.0,45.0
2024-06-06,Quinine 500mg,4,8.0,32.0
2024-06-07,Oseltamivir 75mg,15,12.0,180.0
2024-06-07,Paracetamol 500mg,59,1.5,88.5
2024-06-07,Vitamin C,31,0.8,24.8
2024-06-07,Cough Syrup,46,3.0,138.0
2024-06-07,Platelet Support,18,25.0,450.0
2024-06-07,Ibuprofen 200mg,26,1.0,26.0
2024-06-07,Amoxicillin 250mg,20,4.0,80.0
2024-06-07,Chloramphenicol,11,6.0,66.0
2024-06-07,Ciprofloxacin 500mg,9,5.5,49.5
2024-06-07,Aspirin 325mg,1,0.8,0.8
2024-06-07,Vitamin B Complex,4,2.5,10.0
2024-06-07,Artemether IV,4,15.0,60.0
2024-06-07,Quinine 500mg,2,8.0,16.0
2024-06-08,Oseltamivir 75mg,20,12.0,240.0
2024-06-08,Paracetamol 500mg,55,1.5,82.5
2024-06-08,Vitamin C,38,0.8,30.400000000000002
2024-06-08,Cough Syrup,29,3.0,87.0
2024-06-08,Platelet Support,21,25.0,525.0
2024-06-08,Ibuprofen 200mg,22,1.0,22.0
2024-06-08,Amoxicillin 250mg,22,4.0,88.0
2024-06-08,Chloramphenicol,9,6.0,54.0
2024-06-08,Ciprofloxacin 500mg,13,5.5,71.5
2024-06-08,Vitamin B Complex,4,2.5,10.0
2024-06-08,Artemether IV,2,15.0,30.0
2024-06-08,Quinine 500mg,2,8.0,16.0
2024-06-09,Oseltamivir 75mg,11,12.0,132.0
2024-06-09,Paracetamol 500mg,58,1.5,87.0
2024-06-09,Vitamin C,33,0.8,26.400000000000002
2024-06-09,Cough Syrup,33,3.0,99.0
2024-06-09,Platelet Support,15,25.0,375.0
2024-06-09,Ibuprofen 200mg,21,1.0,21.0
2024-06-09,Amoxicillin 250mg,20,4.0,80.0
2024-06-09,Chloramphenicol,10,6.0,60.0
2024-06-09,Ciprofloxacin 500mg,22,5.5,121.0
2024-06-09,Aspirin 325mg,1,0.8,0.8
2024-06-09,Artemether IV,4,15.0,60.0
2024-06-09,Quinine 500mg,2,8.0,16.0
2024-06-10,Oseltamivir 75mg,13,12.0,156.0
2024-06-10,Paracetamol 500mg,33,1.5,49.5
2024-06-10,Vitamin C,39,0.8,31.200000000000003
2024-06-10,Cough Syrup,33,3.0,99.0
2024-06-10,Platelet Support,22,25.0,550.0
2024-06-10,Ibuprofen 200mg,24,1.0,24.0
2024-06-10,Amoxicillin 250mg,14,4.0,56.0
2024-06-10,Chloramphenicol,20,6.0,120.0
2024-06-10,Ciprofloxacin 500mg,15,5.5,82.5
2024-06-10,Vitamin B Complex,1,2.5,2.5
2024-06-10,Artemether IV,2,15.0,30.0
2024-06-10,Quinine 500mg,4,8.0,32.0
2024-06-11,Oseltamivir 75mg,13,12.0,156.0
2024-06-11,Paracetamol 500mg,58,1.5,87.0
2024-06-11,Vitamin C,40,0.8,32.0
2024-06-11,Cough Syrup,26,3.0,78.0
2024-06-11,Platelet Support,19,25.0,475.0
2024-06-11,Ibuprofen 200mg,34,1.0,34.0
2024-06-11,Amoxicillin 250mg,13,4.0,52.0
2024-06-11,Chloramphenicol,15,6.0,90.0
2024-06-11,Ciprofloxacin 500mg,6,5.5,33.0
2024-06-11,Aspirin 325mg,1,0.8,0.8
2024-06-11,Artemether IV,1,15.0,15.0
2024-06-11,Quinine 500mg,2,8.0,16.0
2024-06-12,Oseltamivir 75mg,14,12.0,168.0
2024-06-12,Paracetamol 500mg,50,1.5,75.0
2024-06-12,Vitamin C,39,0.8,31.200000000000003
2024-06-12,Cough Syrup,27,3.0,81.0
2024-06-12,Platelet Support,26,25.0,650.0
2024-06-12,Ibuprofen 200mg,27,1.0,27.0
2024-06-12,Amoxicillin 250mg,9,4.0,36.0
2024-06-12,Chloramphenicol,13,6.0,78.0
2024-06-12,Ciprofloxacin 500mg,15,5.5,82.5
2024-06-12,Aspirin 325mg,2,0.8,1.6
2024-06-12,Vitamin B Complex,3,2.5,7.5
2024-06-12,Artemether IV,6,15.0,90.0
2024-06-12,Quinine 500mg,10,8.0,80.0
2024-06-13,Oseltamivir 75mg,23,12.0,276.0
2024-06-13,Paracetamol 500mg,61,1.5,91.5
2024-06-13,Cough Syrup,37,3.0,111.0
2024-06-13,Ibuprofen 200mg,29,1.0,29.0
2024-06-13,Vitamin C,39,0.8,31.200000000000003
2024-06-13,Platelet Support,18,25.0,450.0
2024-06-13,Amoxicillin 250mg,13,4.0,52.0
2024-06-13,Chloramphenicol,13,6.0,78.0
2024-06-13,Ciprofloxacin 500mg,9,5.5,49.5
2024-06-13,Aspirin 325mg,5,0.8,4.0
2024-06-13,Vitamin B Complex,1,2.5,2.5
2024-06-13,Artemether IV,4,15.0,60.0
2024-06-13,Quinine 500mg,3,8.0,24.0
2024-06-14,Oseltamivir 75mg,18,12.0,216.0
2024-06-14,Paracetamol 500mg,39,1.5,58.5
2024-06-14,Vitamin C,44,0.8,35.2
2024-06-14,Cough Syrup,28,3.0,84.0
2024-06-14,Platelet Support,17,25.0,425.0
2024-06-14,Ibuprofen 200mg,34,1.0,34.0
2024-06-14,Amoxicillin 250mg,18,4.0,72.0
2024-06-14,Chloramphenicol,10,6.0,60.0
2024-06-14,Ciprofloxacin 500mg,14,5.5,77.0
2024-06-14,Aspirin 325mg,4,0.8,3.2
2024-06-14,Vitamin B Complex,2,2.5,5.0
2024-06-14,Artemether IV,4,15.0,60.0
2024-06-14,Quinine 500mg,1,8.0,8.0
2024-06-15,Oseltamivir 75mg,16,12.0,192.0
2024-06-15,Paracetamol 500mg,59,1.5,88.5
2024-06-15,Vitamin C,51,0.8,40.800000000000004
2024-06-15,Cough Syrup,33,3.0,99.0
2024-06-15,Platelet Support,12,25.0,300.0
2024-06-15,Ibuprofen 200mg,25,1.0,25.0
2024-06-15,Amoxicillin 250mg,12,4.0,48.0
2024-06-15,Chloramphenicol,5,6.0,30.0
2024-06-15,Ciprofloxacin 500mg,15,5.5,82.5
2024-06-15,Aspirin 325mg,1,0.8,0.8
2024-06-15,Vitamin B Complex,2,2.5,5.0
2024-06-15,Artemether IV,2,15.0,30.0
2024-06-15,Quinine 500mg,4,8.0,32.0
2024-06-16,Oseltamivir 75mg,14,12.0,168.0
2024-06-16,Paracetamol 500mg,56,1.5,84.0
2024-06-16,Vitamin C,31,0.8,24.8
2024-06-16,Cough Syrup,33,3.0,99.0
2024-06-16,Platelet Support,13,25.0,325.0
2024-06-16,Ibuprofen 200mg,22,1.0,22.0
2024-06-16,Amoxicillin 250mg,18,4.0,72.0
2024-06-16,Chloramphenicol,14,6.0,84.0
2024-06-16,Ciprofloxacin 500mg,18,5.5,99.0
2024-06-16,Vitamin B Complex,5,2.5,12.5
2024-06-16,Artemether IV,4,15.0,60.0
2024-06-16,Quinine 500mg,1,8.0,8.0
2024-06-17,Oseltamivir 75mg,18,12.0,216.0
2024-06-17,Paracetamol 500mg,32,1.5,48.0
2024-06-17,Vitamin C,34,0.8,27.200000000000003
2024-06-17,Cough Syrup,24,3.0,72.0
2024-06-17,Platelet Support,13,25.0,325.0
2024-06-17,Ibuprofen 200mg,23,1.0,23.0
2024-06-17,Amoxicillin 250mg,4,4.0,16.0
2024-06-17,Chloramphenicol,12,6.0,72.0
2024-06-17,Ciprofloxacin 500mg,11,5.5,60.5
2024-06-17,Aspirin 325mg,5,0.8,4.0
2024-06-17,Vitamin B Complex,2,2.5,5.0
2024-06-17,Artemether IV,3,15.0,45.0
2024-06-17,Quinine 500mg,6,8.0,48.0
2024-06-18,Oseltamivir 75mg,17,12.0,204.0
2024-06-18,Paracetamol 500mg,60,1.5,90.0
2024-06-18,Vitamin C,33,0.8,26.400000000000002
2024-06-18,Cough Syrup,14,3.0,42.0
2024-06-18,Platelet Support,19,25.0,475.0
2024-06-18,Ibuprofen 200mg,22,1.0,22.0
2024-06-18,Amoxicillin 250mg,3,4.0,12.0
2024-06-18,Chloramphenicol,9,6.0,54.0
2024-06-18,Ciprofloxacin 500mg,11,5.5,60.5
2024-06-18,Aspirin 325mg,2,0.8,1.6
2024-06-18,Vitamin B Complex,5,2.5,12.5
2024-06-18,Artemether IV,4,15.0,60.0
2024-06-18,Quinine 500mg,3,8.0,24.0
2024-06-19,Oseltamivir 75mg,16,12.0,192.0
2024-06-19,Paracetamol 500mg,32,1.5,48.0
2024-06-19,Vitamin C,40,0.8,32.0
2024-06-19,Cough Syrup,19,3.0,57.0
2024-06-19,Platelet Support,22,25.0,550.0
2024-06-19,Ibuprofen 200mg,19,1.0,19.0
2024-06-19,Amoxicillin 250mg,12,4.0,48.0
2024-06-19,Chloramphenicol,10,6.0,60.0
2024-06-19,Ciprofloxacin 500mg,5,5.5,27.5
2024-06-19,Aspirin 325mg,2,0.8,1.6
2024-06-19,Vitamin B Complex,4,2.5,10.0
2024-06-19,Artemether IV,3,15.0,45.0
2024-06-19,Quinine 500mg,5,8.0,40.0
2024-06-20,Oseltamivir 75mg,11,12.0,132.0
2024-06-20,Paracetamol 500mg,41,1.5,61.5
2024-06-20,Vitamin C,41,0.8,32.800000000000004
2024-06-20,Cough Syrup,17,3.0,51.0
2024-06-20,Platelet Support,20,25.0,500.0
2024-06-20,Ibuprofen 200mg,24,1.0,24.0
2024-06-20,Amoxicillin 250mg,8,4.0,32.0
2024-06-20,Chloramphenicol,9,6.0,54.0
2024-06-20,Ciprofloxacin 500mg,6,5.5,33.0
2024-06-20,Aspirin 325mg,4,0.8,3.2
2024-06-20,Vitamin B Complex,1,2.5,2.5
2024-06-20,Artemether IV,3,15.0,45.0
2024-06-20,Quinine 500mg,2,8.0,16.0
2024-06-21,Oseltamivir 75mg,8,12.0,96.0
2024-06-21,Paracetamol 500mg,38,1.5,57.0
2024-06-21,Vitamin C,40,0.8,32.0
2024-06-21,Cough Syrup,15,3.0,45.0
2024-06-21,Platelet Support,20,25.0,500.0
2024-06-21,Ibuprofen 200mg,22,1.0,22.0
2024-06-21,Amoxicillin 250mg,7,4.0,28.0
2024-06-21,Chloramphenicol,12,6.0,72.0
2024-06-21,Ciprofloxacin 500mg,13,5.5,71.5
2024-06-21,Aspirin 325mg,2,0.8,1.6
2024-06-21,Vitamin B Complex,2,2.5,5.0
2024-06-21,Artemether IV,5,15.0,75.0
2024-06-21,Quinine 500mg,5,8.0,40.0
2024-06-22,Oseltamivir 75mg,12,12.0,144.0
2024-06-22,Paracetamol 500mg,47,1.5,70.5
2024-06-22,Vitamin C,26,0.8,20.8
2024-06-22,Cough Syrup,16,3.0,48.0
2024-06-22,Platelet Support,15,25.0,375.0
2024-06-22,Ibuprofen 200mg,16,1.0,16.0
2024-06-22,Amoxicillin 250mg,10,4.0,40.0
2024-06-22,Chloramphenicol,8,6.0,48.0
2024-06-22,Ciprofloxacin 500mg,13,5.5,71.5
2024-06-22,Aspirin 325mg,5,0.8,4.0
2024-06-22,Vitamin B Complex,1,2.5,2.5
2024-06-22,Artemether IV,2,15.0,30.0
2024-06-23,Oseltamivir 75mg,13,12.0,156.0
2024-06-23,Paracetamol 500mg,35,1.5,52.5
2024-06-23,Vitamin C,37,0.8,29.6
2024-06-23,Cough Syrup,18,3.0,54.0
2024-06-23,Platelet Support,18,25.0,450.0
2024-06-23,Ibuprofen 200mg,22,1.0,22.0
2024-06-23,Amoxicillin 250mg,11,4.0,44.0
2024-06-23,Chloramphenicol,4,6.0,24.0
2024-06-23,Ciprofloxacin 500mg,10,5.5,55.0
2024-06-23,Vitamin B Complex,2,2.5,5.0
2024-06-23,Artemether IV,2,15.0,30.0
2024-06-24,Oseltamivir 75mg,5,12.0,60.0
2024-06-24,Paracetamol 500mg,35,1.5,52.5
2024-06-24,Vitamin C,32,0.8,25.6
2024-06-24,Cough Syrup,18,3.0,54.0
2024-06-24,Platelet Support,18,25.0,450.0
2024-06-24,Ibuprofen 200mg,18,1.0,18.0
2024-06-24,Amoxicillin 250mg,8,4.0,32.0
2024-06-24,Chloramphenicol,7,6.0,42.0
2024-06-24,Ciprofloxacin 500mg,3,5.5,16.5
2024-06-24,Aspirin 325mg,1,0.8,0.8
2024-06-24,Vitamin B Complex,1,2.5,2.5
2024-06-24,Artemether IV,1,15.0,15.0
2024-06-24,Quinine 500mg,6,8.0,48.0
2024-06-25,Oseltamivir 75mg,17,12.0,204.0
2024-06-25,Paracetamol 500mg,35,1.5,52.5
2024-06-25,Vitamin C,31,0.8,24.8
2024-06-25,Cough Syrup,21,3.0,63.0
2024-06-25,Platelet Support,21,25.0,525.0
2024-06-25,Ibuprofen 200mg,23,1.0,23.0
2024-06-25,Amoxicillin 250mg,7,4.0,28.0
2024-06-25,Chloramphenicol,10,6.0,60.0
2024-06-25,Ciprofloxacin 500mg,6,5.5,33.0
2024-06-25,Aspirin 325mg,1,0.8,0.8
2024-06-25,Vitamin B Complex,2,2.5,5.0
2024-06-25,Quinine 500mg,2,8.0,16.0
2024-06-26,Oseltamivir 75mg,10,12.0,120.0
2024-06-26,Paracetamol 500mg,38,1.5,57.0
2024-06-26,Vitamin C,30,0.8,24.0
2024-06-26,Cough Syrup,11,3.0,33.0
2024-06-26,Platelet Support,16,25.0,400.0
2024-06-26,Ibuprofen 200mg,22,1.0,22.0
2024-06-26,Amoxicillin 250mg,5,4.0,20.0
2024-06-26,Chloramphenicol,7,6.0,42.0
2024-06-26,Ciprofloxacin 500mg,17,5.5,93.5
2024-06-26,Vitamin B Complex,8,2.5,20.0
2024-06-26,Artemether IV,3,15.0,45.0
2024-06-26,Quinine 500mg,4,8.0,32.0
2024-06-27,Oseltamivir 75mg,8,12.0,96.0
2024-06-27,Paracetamol 500mg,49,1.5,73.5
2024-06-27,Vitamin C,21,0.8,16.8
2024-06-27,Cough Syrup,18,3.0,54.0
2024-06-27,Artemether IV,8,15.0,120.0
2024-06-27,Quinine 500mg,7,8.0,56.0
2024-06-27,Ibuprofen 200mg,25,1.0,25.0
2024-06-27,Platelet Support,16,25.0,400.0
2024-06-27,Amoxicillin 250mg,14,4.0,56.0
2024-06-27,Chloramphenicol,11,6.0,66.0
2024-06-27,Ciprofloxacin 500mg,10,5.5,55.0
2024-06-27,Aspirin 325mg,4,0.8,3.2
2024-06-27,Vitamin B Complex,5,2.5,12.5
2024-06-28,Oseltamivir 75mg,11,12.0,132.0
2024-06-28,Paracetamol 500mg,40,1.5,60.0
2024-06-28,Vitamin C,35,0.8,28.0
2024-06-28,Cough Syrup,26,3.0,78.0
2024-06-28,Artemether IV,12,15.0,180.0
2024-06-28,Quinine 500mg,8,8.0,64.0
2024-06-28,Ibuprofen 200mg,34,1.0,34.0
2024-06-28,Platelet Support,12,25.0,300.0
2024-06-28,Amoxicillin 250mg,14,4.0,56.0
2024-06-28,Chloramphenicol,11,6.0,66.0
2024-06-28,Ciprofloxacin 500mg,18,5.5,99.0
2024-06-28,Aspirin 325mg,4,0.8,3.2
2024-06-28,Vitamin B Complex,3,2.5,7.5
2024-06-29,Paracetamol 500mg,47,1.5,70.5
2024-06-29,Platelet Support,15,25.0,375.0
2024-06-29,Ibuprofen 200mg,22,1.0,22.0
2024-06-29,Vitamin C,31,0.8,24.8
2024-06-29,Amoxicillin 250mg,22,4.0,88.0
2024-06-29,Chloramphenicol,14,6.0,84.0
2024-06-29,Ciprofloxacin 500mg,21,5.5,115.5
2024-06-29,Cough Syrup,22,3.0,66.0
2024-06-29,Aspirin 325mg,1,0.8,0.8
2024-06-29,Oseltamivir 75mg,3,12.0,36.0
2024-06-29,Vitamin B Complex,4,2.5,10.0
2024-06-29,Quinine 500mg,2,8.0,16.0
2024-06-30,Oseltamivir 75mg,5,12.0,60.0
2024-06-30,Paracetamol 500mg,46,1.5,69.0
2024-06-30,Vitamin C,28,0.8,22.400000000000002
2024-06-30,Cough Syrup,24,3.0,72.0
2024-06-30,Platelet Support,13,25.0,325.0
2024-06-30,Ibuprofen 200mg,35,1.0,35.0
2024-06-30,Amoxicillin 250mg,23,4.0,92.0
2024-06-30,Chloramphenicol,10,6.0,60.0
2024-06-30,Ciprofloxacin 500mg,21,5.5,115.5
2024-06-30,Aspirin 325mg,2,0.8,1.6
2024-06-30,Vitamin B Complex,3,2.5,7.5
2024-06-30,Artemether IV,5,15.0,75.0
2024-06-30,Quinine 500mg,3,8.0,24.0
2024-07-01,Oseltamivir 75mg,7,12.0,84.0
2024-07-01,Paracetamol 500mg,32,1.5,48.0
2024-07-01,Vitamin C,30,0.8,24.0
2024-07-01,Cough Syrup,20,3.0,60.0
2024-07-01,Platelet Support,14,25.0,350.0
2024-07-01,Ibuprofen 200mg,16,1.0,16.0
2024-07-01,Amoxicillin 250mg,32,4.0,128.0
2024-07-01,Chloramphenicol,9,6.0,54.0
2024-07-01,Ciprofloxacin 500mg,25,5.5,137.5
2024-07-01,Aspirin 325mg,1,0.8,0.8
2024-07-01,Vitamin B Complex,6,2.5,15.0
2024-07-01,Artemether IV,2,15.0,30.0
2024-07-01,Quinine 500mg,4,8.0,32.0
2024-07-02,Oseltamivir 75mg,8,12.0,96.0
2024-07-02,Paracetamol 500mg,43,1.5,64.5
2024-07-02,Vitamin C,29,0.8,23.200000000000003
2024-07-02,Cough Syrup,23,3.0,69.0
2024-07-02,Platelet Support,15,25.0,375.0
2024-07-02,Ibuprofen 200mg,16,1.0,16.0
2024-07-02,Amoxicillin 250mg,23,4.0,92.0
2024-07-02,Chloramphenicol,7,6.0,42.0
2024-07-02,Ciprofloxacin 500mg,27,5.5,148.5
2024-07-02,Aspirin 325mg,2,0.8,1.6
2024-07-02,Vitamin B Complex,7,2.5,17.5
2024-07-02,Artemether IV,3,15.0,45.0
2024-07-02,Quinine 500mg,6,8.0,48.0
2024-07-03,Oseltamivir 75mg,8,12.0,96.0
2024-07-03,Paracetamol 500mg,49,1.5,73.5
2024-07-03,Vitamin C,25,0.8,20.0
2024-07-03,Cough Syrup,24,3.0,72.0
2024-07-03,Platelet Support,15,25.0,375.0
2024-07-03,Ibuprofen 200mg,26,1.0,26.0
2024-07-03,Amoxicillin 250mg,20,4.0,80.0
2024-07-03,Chloramphenicol,11,6.0,66.0
2024-07-03,Ciprofloxacin 500mg,14,5.5,77.0
2024-07-03,Aspirin 325mg,4,0.8,3.2
2024-07-03,Vitamin B Complex,3,2.5,7.5
2024-07-03,Artemether IV,5,15.0,75.0
2024-07-03,Quinine 500mg,3,8.0,24.0
2024-07-04,Oseltamivir 75mg,8,12.0,96.0
2024-07-04,Paracetamol 500mg,52,1.5,78.0
2024-07-04,Vitamin C,18,0.8,14.4
2024-07-04,Cough Syrup,29,3.0,87.0
2024-07-04,Platelet Support,18,25.0,450.0
2024-07-04,Ibuprofen 200mg,23,1.0,23.0
2024-07-04,Amoxicillin 250mg,30,4.0,120.0
2024-07-04,Chloramphenicol,11,6.0,66.0
2024-07-04,Ciprofloxacin 500mg,29,5.5,159.5
2024-07-04,Aspirin 325mg,2,0.8,1.6
2024-07-04,Vitamin B Complex,3,2.5,7.5
2024-07-04,Artemether IV,1,15.0,15.0
2024-07-04,Quinine 500mg,3,8.0,24.0
2024-07-05,Oseltamivir 75mg,7,12.0,84.0
2024-07-05,Paracetamol 500mg,43,1.5,64.5
2024-07-05,Vitamin C,19,0.8,15.200000000000001
2024-07-05,Cough Syrup,29,3.0,87.0
2024-07-05,Platelet Support,17,25.0,425.0
2024-07-05,Ibuprofen 200mg,14,1.0,14.0
2024-07-05,Amoxicillin 250mg,30,4.0,120.0
2024-07-05,Chloramphenicol,7,6.0,42.0
2024-07-05,Ciprofloxacin 500mg,29,5.5,159.5
2024-07-05,Aspirin 325mg,1,0.8,0.8
2024-07-05,Vitamin B Complex,2,2.5,5.0
2024-07-05,Artemether IV,2,15.0,30.0
2024-07-05,Quinine 500mg,2,8.0,16.0
2024-07-06,Paracetamol 500mg,33,1.5,49.5
2024-07-06,Platelet Support,13,25.0,325.0
2024-07-06,Ibuprofen 200mg,10,1.0,10.0
2024-07-06,Vitamin C,13,0.8,10.4
2024-07-06,Amoxicillin 250mg,18,4.0,72.0
2024-07-06,Chloramphenicol,14,6.0,84.0
2024-07-06,Ciprofloxacin 500mg,28,5.5,154.0
2024-07-06,Cough Syrup,11,3.0,33.0
2024-07-06,Aspirin 325mg,3,0.8,2.4000000000000004
2024-07-06,Oseltamivir 75mg,5,12.0,60.0
2024-07-06,Vitamin B Complex,3,2.5,7.5
2024-07-06,Artemether IV,2,15.0,30.0
2024-07-06,Quinine 500mg,4,8.0,32.0
2024-07-07,Paracetamol 500mg,33,1.5,49.5
2024-07-07,Platelet Support,11,25.0,275.0
2024-07-07,Ibuprofen 200mg,8,1.0,8.0
2024-07-07,Vitamin C,8,0.8,6.4
2024-07-07,Amoxicillin 250mg,28,4.0,112.0
2024-07-07,Chloramphenicol,9,6.0,54.0
2024-07-07,Ciprofloxacin 500mg,20,5.5,110.0
2024-07-07,Cough Syrup,16,3.0,48.0
2024-07-07,Aspirin 325mg,5,0.8,4.0
2024-07-07,Oseltamivir 75mg,2,12.0,24.0
2024-07-07,Vitamin B Complex,2,2.5,5.0
2024-07-07,Artemether IV,3,15.0,45.0
2024-07-07,Quinine 500mg,4,8.0,32.0
2024-07-08,Paracetamol 500mg,28,1.5,42.0
2024-07-08,Platelet Support,12,25.0,300.0
2024-07-08,Ibuprofen 200mg,13,1.0,13.0
2024-07-08,Vitamin C,15,0.8,12.0
2024-07-08,Amoxicillin 250mg,34,4.0,136.0
2024-07-08,Chloramphenicol,8,6.0,48.0
2024-07-08,Ciprofloxacin 500mg,21,5.5,115.5
2024-07-08,Cough Syrup,23,3.0,69.0
2024-07-08,Aspirin 325mg,7,0.8,5.6000000000000005
2024-07-08,Oseltamivir 75mg,2,12.0,24.0
2024-07-08,Vitamin B Complex,2,2.5,5.0
2024-07-08,Artemether IV,1,15.0,15.0
2024-07-08,Quinine 500mg,3,8.0,24.0
2024-07-09,Paracetamol 500mg,34,1.5,51.0
2024-07-09,Platelet Support,15,25.0,375.0
2024-07-09,Ibuprofen 200mg,18,1.0,18.0
2024-07-09,Vitamin C,17,0.8,13.600000000000001
2024-07-09,Amoxicillin 250mg,22,4.0,88.0
2024-07-09,Chloramphenicol,8,6.0,48.0
2024-07-09,Ciprofloxacin 500mg,21,5.5,115.5
2024-07-09,Cough Syrup,17,3.0,51.0
2024-07-09,Aspirin 325mg,2,0.8,1.6
2024-07-09,Oseltamivir 75mg,2,12.0,24.0
2024-07-09,Vitamin B Complex,3,2.5,7.5
2024-07-09,Artemether IV,7,15.0,105.0
2024-07-09,Quinine 500mg,3,8.0,24.0
2024-07-10,Paracetamol 500mg,38,1.5,57.0
2024-07-10,Platelet Support,10,25.0,250.0
2024-07-10,Ibuprofen 200mg,10,1.0,10.0
2024-07-10,Vitamin C,9,0.8,7.2
2024-07-10,Amoxicillin 250mg,30,4.0,120.0
2024-07-10,Chloramphenicol,13,6.0,78.0
2024-07-10,Ciprofloxacin 500mg,26,5.5,143.0
2024-07-10,Cough Syrup,26,3.0,78.0
2024-07-10,Aspirin 325mg,2,0.8,1.6
2024-07-10,Oseltamivir 75mg,5,12.0,60.0
2024-07-10,Vitamin B Complex,7,2.5,17.5
2024-07-10,Artemether IV,5,15.0,75.0
2024-07-10,Quinine 500mg,1,8.0,8.0
2024-07-11,Paracetamol 500mg,38,1.5,57.0
2024-07-11,Platelet Support,17,25.0,425.0
2024-07-11,Ibuprofen 200mg,18,1.0,18.0
2024-07-11,Vitamin C,12,0.8,9.600000000000001
2024-07-11,Amoxicillin 250mg,45,4.0,180.0
2024-07-11,Chloramphenicol,13,6.0,78.0
2024-07-11,Ciprofloxacin 500mg,37,5.5,203.5
2024-07-11,Cough Syrup,14,3.0,42.0
2024-07-11,Aspirin 325mg,3,0.8,2.4000000000000004
2024-07-11,Oseltamivir 75mg,3,12.0,36.0
2024-07-11,Vitamin B Complex,4,2.5,10.0
2024-07-11,Artemether IV,2,15.0,30.0
2024-07-11,Quinine 500mg,2,8.0,16.0
2024-07-12,Paracetamol 500mg,29,1.5,43.5
2024-07-12,Platelet Support,8,25.0,200.0
2024-07-12,Ibuprofen 200mg,9,1.0,9.0
2024-07-12,Vitamin C,6,0.8,4.800000000000001
2024-07-12,Amoxicillin 250mg,39,4.0,156.0
2024-07-12,Chloramphenicol,10,6.0,60.0
2024-07-12,Ciprofloxacin 500mg,32,5.5,176.0
2024-07-12,Cough Syrup,21,3.0,63.0
2024-07-12,Aspirin 325mg,1,0.8,0.8
2024-07-12,Oseltamivir 75mg,3,12.0,36.0
2024-07-12,Vitamin B Complex,3,2.5,7.5
2024-07-12,Artemether IV,2,15.0,30.0
2024-07-12,Quinine 500mg,2,8.0,16.0
2024-07-13,Paracetamol 500mg,34,1.5,51.0
2024-07-13,Platelet Support,7,25.0,175.0
2024-07-13,Ibuprofen 200mg,10,1.0,10.0
2024-07-13,Vitamin C,8,0.8,6.4
2024-07-13,Amoxicillin 250mg,26,4.0,104.0
2024-07-13,Chloramphenicol,23,6.0,138.0
2024-07-13,Ciprofloxacin 500mg,33,5.5,181.5
2024-07-13,Cough Syrup,18,3.0,54.0
2024-07-13,Aspirin 325mg,4,0.8,3.2
2024-07-13,Oseltamivir 75mg,4,12.0,48.0
2024-07-13,Vitamin B Complex,3,2.5,7.5
2024-07-13,Artemether IV,4,15.0,60.0
2024-07-13,Quinine 500mg,1,8.0,8.0
2024-07-14,Oseltamivir 75mg,6,12.0,72.0
2024-07-14,Paracetamol 500mg,55,1.5,82.5
2024-07-14,Vitamin C,8,0.8,6.4
2024-07-14,Cough Syrup,25,3.0,75.0
2024-07-14,Artemether IV,4,15.0,60.0
2024-07-14,Quinine 500mg,9,8.0,72.0
2024-07-14,Ibuprofen 200mg,10,1.0,10.0
2024-07-14,Platelet Support,6,25.0,150.0
2024-07-14,Amoxicillin 250mg,21,4.0,84.0
2024-07-14,Chloramphenicol,16,6.0,96.0
2024-07-14,Ciprofloxacin 500mg,35,5.5,192.5
2024-07-14,Aspirin 325mg,3,0.8,2.4000000000000004
2024-07-14,Vitamin B Complex,4,2.5,10.0
2024-07-15,Oseltamivir 75mg,18,12.0,216.0
2024-07-15,Paracetamol 500mg,39,1.5,58.5
2024-07-15,Cough Syrup,27,3.0,81.0
2024-07-15,Ibuprofen 200mg,12,1.0,12.0
2024-07-15,Vitamin C,16,0.8,12.8
2024-07-15,Platelet Support,8,25.0,200.0
2024-07-15,Amoxicillin 250mg,30,4.0,120.0
2024-07-15,Chloramphenicol,14,6.0,84.0
2024-07-15,Ciprofloxacin 500mg,32,5.5,176.0
2024-07-15,Aspirin 325mg,2,0.8,1.6
2024-07-15,Artemether IV,1,15.0,15.0
2024-07-15,Quinine 500mg,5,8.0,40.0
2024-07-16,Amoxicillin 250mg,21,4.0,84.0
2024-07-16,Chloramphenicol,10,6.0,60.0
2024-07-16,Paracetamol 500mg,20,1.5,30.0
2024-07-16,Ciprofloxacin 500mg,30,5.5,165.0
2024-07-16,Cough Syrup,13,3.0,39.0
2024-07-16,Aspirin 325mg,1,0.8,0.8
2024-07-16,Oseltamivir 75mg,3,12.0,36.0
2024-07-16,Vitamin C,1,0.8,0.8
2024-07-16,Vitamin B Complex,3,2.5,7.5
2024-07-16,Artemether IV,7,15.0,105.0
2024-07-16,Quinine 500mg,2,8.0,16.0
2024-07-16,Platelet Support,2,25.0,50.0
2024-07-17,Oseltamivir 75mg,8,12.0,96.0
2024-07-17,Paracetamol 500mg,41,1.5,61.5
2024-07-17,Cough Syrup,27,3.0,81.0
2024-07-17,Ibuprofen 200mg,18,1.0,18.0
2024-07-17,Artemether IV,10,15.0,150.0
2024-07-17,Quinine 500mg,10,8.0,80.0
2024-07-17,Platelet Support,10,25.0,250.0
2024-07-17,Vitamin C,10,0.8,8.0
2024-07-17,Amoxicillin 250mg,24,4.0,96.0
2024-07-17,Chloramphenicol,10,6.0,60.0
2024-07-17,Ciprofloxacin 500mg,23,5.5,126.5
2024-07-17,Aspirin 325mg,1,0.8,0.8
2024-07-17,Vitamin B Complex,3,2.5,7.5
2024-07-18,Oseltamivir 75mg,7,12.0,84.0
2024-07-18,Paracetamol 500mg,48,1.5,72.0
2024-07-18,Cough Syrup,28,3.0,84.0
2024-07-18,Ibuprofen 200mg,28,1.0,28.0
2024-07-18,Artemether IV,9,15.0,135.0
2024-07-18,Quinine 500mg,9,8.0,72.0
2024-07-18,Platelet Support,17,25.0,425.0
2024-07-18,Vitamin C,14,0.8,11.200000000000001
2024-07-18,Amoxicillin 250mg,26,4.0,104.0
2024-07-18,Chloramphenicol,11,6.0,66.0
2024-07-18,Ciprofloxacin 500mg,26,5.5,143.0
2024-07-18,Aspirin 325mg,3,0.8,2.4000000000000004
2024-07-18,Vitamin B Complex,4,2.5,10.0
2024-07-19,Oseltamivir 75mg,12,12.0,144.0
2024-07-19,Paracetamol 500mg,56,1.5,84.0
2024-07-19,Cough Syrup,19,3.0,57.0
2024-07-19,Ibuprofen 200mg,31,1.0,31.0
2024-07-19,Artemether IV,6,15.0,90.0
2024-07-19,Quinine 500mg,17,8.0,136.0
2024-07-19,Platelet Support,14,25.0,350.0
2024-07-19,Vitamin C,16,0.8,12.8
2024-07-19,Amoxicillin 250mg,25,4.0,100.0
2024-07-19,Chloramphenicol,12,6.0,72.0
2024-07-19,Ciprofloxacin 500mg,36,5.5,198.0
2024-07-19,Aspirin 325mg,4,0.8,3.2
2024-07-19,Vitamin B Complex,4,2.5,10.0
2024-07-20,Oseltamivir 75mg,7,12.0,84.0
2024-07-20,Paracetamol 500mg,59,1.5,88.5
2024-07-20,Cough Syrup,26,3.0,78.0
2024-07-20,Ibuprofen 200mg,30,1.0,30.0
2024-07-20,Artemether IV,9,15.0,135.0
2024-07-20,Quinine 500mg,12,8.0,96.0
2024-07-20,Platelet Support,8,25.0,200.0
2024-07-20,Vitamin C,18,0.8,14.4
2024-07-20,Amoxicillin 250mg,30,4.0,120.0
2024-07-20,Chloramphenicol,13,6.0,78.0
2024-07-20,Ciprofloxacin 500mg,28,5.5,154.0
2024-07-20,Aspirin 325mg,3,0.8,2.4000000000000004
2024-07-20,Vitamin B Complex,4,2.5,10.0
2024-07-21,Oseltamivir 75mg,13,12.0,156.0
2024-07-21,Paracetamol 500mg,60,1.5,90.0
2024-07-21,Cough Syrup,28,3.0,84.0
2024-07-21,Ibuprofen 200mg,29,1.0,29.0
2024-07-21,Artemether IV,11,15.0,165.0
2024-07-21,Quinine 500mg,11,8.0,88.0
2024-07-21,Platelet Support,10,25.0,250.0
2024-07-21,Vitamin C,15,0.8,12.0
2024-07-21,Amoxicillin 250mg,30,4.0,120.0
2024-07-21,Chloramphenicol,21,6.0,126.0
2024-07-21,Ciprofloxacin 500mg,27,5.5,148.5
2024-07-21,Aspirin 325mg,3,0.8,2.4000000000000004
2024-07-22,Oseltamivir 75mg,4,12.0,48.0
2024-07-22,Paracetamol 500mg,60,1.5,90.0
2024-07-22,Cough Syrup,17,3.0,51.0
2024-07-22,Ibuprofen 200mg,41,1.0,41.0
2024-07-22,Artemether IV,12,15.0,180.0
2024-07-22,Quinine 500mg,11,8.0,88.0
2024-07-22,Platelet Support,20,25.0,500.0
2024-07-22,Vitamin C,17,0.8,13.600000000000001
2024-07-22,Amoxicillin 250mg,39,4.0,156.0
2024-07-22,Chloramphenicol,22,6.0,132.0
2024-07-22,Ciprofloxacin 500mg,24,5.5,132.0
2024-07-22,Aspirin 325mg,2,0.8,1.6
2024-07-23,Oseltamivir 75mg,7,12.0,84.0
2024-07-23,Paracetamol 500mg,66,1.5,99.0
2024-07-23,Cough Syrup,21,3.0,63.0
2024-07-23,Ibuprofen 200mg,44,1.0,44.0
2024-07-23,Artemether IV,16,15.0,240.0
2024-07-23,Quinine 500mg,13,8.0,104.0
2024-07-23,Platelet Support,22,25.0,550.0
2024-07-23,Vitamin C,13,0.8,10.4
2024-07-23,Amoxicillin 250mg,18,4.0,72.0
2024-07-23,Chloramphenicol,22,6.0,132.0
2024-07-23,Ciprofloxacin 500mg,26,5.5,143.0
2024-07-23,Aspirin 325mg,5,0.8,4.0
2024-07-23,Vitamin B Complex,5,2.5,12.5
2024-07-24,Oseltamivir 75mg,12,12.0,144.0
2024-07-24,Paracetamol 500mg,66,1.5,99.0
2024-07-24,Cough Syrup,28,3.0,84.0
2024-07-24,Ibuprofen 200mg,38,1.0,38.0
2024-07-24,Artemether IV,10,15.0,150.0
2024-07-24,Quinine 500mg,14,8.0,112.0
2024-07-24,Platelet Support,14,25.0,350.0
2024-07-24,Vitamin C,20,0.8,16.0
2024-07-24,Amoxicillin 250mg,46,4.0,184.0
2024-07-24,Chloramphenicol,14,6.0,84.0
2024-07-24,Ciprofloxacin 500mg,35,5.5,192.5
2024-07-24,Aspirin 325mg,4,0.8,3.2
2024-07-24,Vitamin B Complex,6,2.5,15.0
2024-07-25,Oseltamivir 75mg,14,12.0,168.0
2024-07-25,Paracetamol 500mg,68,1.5,102.0
2024-07-25,Cough Syrup,27,3.0,81.0
2024-07-25,Ibuprofen 200mg,33,1.0,33.0
2024-07-25,Artemether IV,14,15.0,210.0
2024-07-25,Quinine 500mg,7,8.0,56.0
2024-07-25,Platelet Support,16,25.0,400.0
2024-07-25,Vitamin C,11,0.8,8.8
2024-07-25,Amoxicillin 250mg,32,4.0,128.0
2024-07-25,Chloramphenicol,19,6.0,114.0
2024-07-25,Ciprofloxacin 500mg,30,5.5,165.0
2024-07-25,Aspirin 325mg,2,0.8,1.6
2024-07-25,Vitamin B Complex,2,2.5,5.0
2024-07-26,Oseltamivir 75mg,21,12.0,252.0
2024-07-26,Paracetamol 500mg,55,1.5,82.5
2024-07-26,Cough Syrup,22,3.0,66.0
2024-07-26,Ibuprofen 200mg,38,1.0,38.0
2024-07-26,Artemether IV,11,15.0,165.0
2024-07-26,Quinine 500mg,15,8.0,120.0
2024-07-26,Platelet Support,15,25.0,375.0
2024-07-26,Vitamin C,18,0.8,14.4
2024-07-26,Amoxicillin 250mg,26,4.0,104.0
2024-07-26,Chloramphenicol,15,6.0,90.0
2024-07-26,Ciprofloxacin 500mg,27,5.5,148.5
2024-07-26,Vitamin B Complex,4,2.5,10.0
2024-07-27,Oseltamivir 75mg,10,12.0,120.0
2024-07-27,Paracetamol 500mg,68,1.5,102.0
2024-07-27,Cough Syrup,31,3.0,93.0
2024-07-27,Ibuprofen 200mg,45,1.0,45.0
2024-07-27,Artemether IV,13,15.0,195.0
2024-07-27,Quinine 500mg,9,8.0,72.0
2024-07-27,Platelet Support,13,25.0,325.0
2024-07-27,Vitamin C,10,0.8,8.0
2024-07-27,Amoxicillin 250mg,35,4.0,140.0
2024-07-27,Chloramphenicol,20,6.0,120.0
2024-07-27,Ciprofloxacin 500mg,24,5.5,132.0
2024-07-27,Aspirin 325mg,5,0.8,4.0
2024-07-27,Vitamin B Complex,1,2.5,2.5
2024-07-28,Oseltamivir 75mg,22,12.0,264.0
2024-07-28,Paracetamol 500mg,70,1.5,105.0
2024-07-28,Cough Syrup,27,3.0,81.0
2024-07-28,Ibuprofen 200mg,31,1.0,31.0
2024-07-28,Vitamin C,21,0.8,16.8
2024-07-28,Artemether IV,11,15.0,165.0
2024-07-28,Quinine 500mg,14,8.0,112.0
2024-07-28,Platelet Support,14,25.0,350.0
2024-07-28,Amoxicillin 250mg,30,4.0,120.0
2024-07-28,Chloramphenicol,21,6.0,126.0
2024-07-28,Ciprofloxacin 500mg,36,5.5,198.0
2024-07-28,Aspirin 325mg,4,0.8,3.2
2024-07-28,Vitamin B Complex,6,2.5,15.0
2024-07-29,Oseltamivir 75mg,8,12.0,96.0
2024-07-29,Paracetamol 500mg,53,1.5,79.5
2024-07-29,Cough Syrup,22,3.0,66.0
2024-07-29,Ibuprofen 200mg,33,1.0,33.0
2024-07-29,Artemether IV,17,15.0,255.0
2024-07-29,Quinine 500mg,18,8.0,144.0
2024-07-29,Platelet Support,17,25.0,425.0
2024-07-29,Vitamin C,10,0.8,8.0
2024-07-29,Amoxicillin 250mg,27,4.0,108.0
2024-07-29,Chloramphenicol,15,6.0,90.0
2024-07-29,Ciprofloxacin 500mg,34,5.5,187.0
2024-07-29,Aspirin 325mg,4,0.8,3.2
2024-07-29,Vitamin B Complex,4,2.5,10.0
2024-07-30,Oseltamivir 75mg,13,12.0,156.0
2024-07-30,Paracetamol 500mg,45,1.5,67.5
2024-07-30,Cough Syrup,18,3.0,54.0
2024-07-30,Ibuprofen 200mg,26,1.0,26.0
2024-07-30,Artemether IV,7,15.0,105.0
2024-07-30,Quinine 500mg,7,8.0,56.0
2024-07-30,Platelet Support,15,25.0,375.0
2024-07-30,Vitamin C,17,0.8,13.600000000000001
2024-07-30,Amoxicillin 250mg,23,4.0,92.0
2024-07-30,Chloramphenicol,20,6.0,120.0
2024-07-30,Ciprofloxacin 500mg,30,5.5,165.0
2024-07-30,Vitamin B Complex,2,2.5,5.0
2024-07-31,Oseltamivir 75mg,11,12.0,132.0
2024-07-31,Paracetamol 500mg,55,1.5,82.5
2024-07-31,Cough Syrup,17,3.0,51.0
2024-07-31,Ibuprofen 200mg,31,1.0,31.0
2024-07-31,Artemether IV,19,15.0,285.0
2024-07-31,Quinine 500mg,9,8.0,72.0
2024-07-31,Platelet Support,6,25.0,150.0
2024-07-31,Vitamin C,17,0.8,13.600000000000001
2024-07-31,Amoxicillin 250mg,23,4.0,92.0
2024-07-31,Chloramphenicol,17,6.0,102.0
2024-07-31,Ciprofloxacin 500mg,24,5.5,132.0
2024-07-31,Aspirin 325mg,2,0.8,1.6
2024-07-31,Vitamin B Complex,7,2.5,17.5
2024-08-01,Oseltamivir 75mg,19,12.0,228.0
2024-08-01,Paracetamol 500mg,63,1.5,94.5
2024-08-01,Cough Syrup,36,3.0,108.0
2024-08-01,Ibuprofen 200mg,25,1.0,25.0
2024-08-01,Vitamin C,23,0.8,18.400000000000002
2024-08-01,Artemether IV,14,15.0,210.0
2024-08-01,Quinine 500mg,14,8.0,112.0
2024-08-01,Platelet Support,16,25.0,400.0
2024-08-01,Amoxicillin 250mg,23,4.0,92.0
2024-08-01,Chloramphenicol,25,6.0,150.0
2024-08-01,Ciprofloxacin 500mg,26,5.5,143.0
2024-08-01,Aspirin 325mg,1,0.8,0.8
2024-08-01,Vitamin B Complex,2,2.5,5.0
2024-08-02,Oseltamivir 75mg,13,12.0,156.0
2024-08-02,Paracetamol 500mg,56,1.5,84.0
2024-08-02,Cough Syrup,20,3.0,60.0
2024-08-02,Ibuprofen 200mg,24,1.0,24.0
2024-08-02,Vitamin C,22,0.8,17.6
2024-08-02,Artemether IV,15,15.0,225.0
2024-08-02,Quinine 500mg,10,8.0,80.0
2024-08-02,Platelet Support,13,25.0,325.0
2024-08-02,Amoxicillin 250mg,26,4.0,104.0
2024-08-02,Chloramphenicol,13,6.0,78.0
2024-08-02,Ciprofloxacin 500mg,25,5.5,137.5
2024-08-02,Aspirin 325mg,3,0.8,2.4000000000000004
2024-08-02,Vitamin B Complex,2,2.5,5.0
2024-08-03,Oseltamivir 75mg,13,12.0,156.0
2024-08-03,Paracetamol 500mg,49,1.5,73.5
2024-08-03,Cough Syrup,21,3.0,63.0
2024-08-03,Ibuprofen 200mg,22,1.0,22.0
2024-08-03,Artemether IV,13,15.0,195.0
2024-08-03,Quinine 500mg,14,8.0,112.0
2024-08-03,Platelet Support,12,25.0,300.0
2024-08-03,Vitamin C,11,0.8,8.8
2024-08-03,Amoxicillin 250mg,18,4.0,72.0
2024-08-03,Chloramphenicol,20,6.0,120.0
2024-08-03,Ciprofloxacin 500mg,30,5.5,165.0
2024-08-03,Aspirin 325mg,3,0.8,2.4000000000000004
2024-08-03,Vitamin B Complex,3,2.5,7.5
2024-08-04,Oseltamivir 75mg,11,12.0,132.0
2024-08-04,Paracetamol 500mg,67,1.5,100.5
2024-08-04,Vitamin C,29,0.8,23.200000000000003
2024-08-04,Cough Syrup,28,3.0,84.0
2024-08-04,Artemether IV,8,15.0,120.0
2024-08-04,Quinine 500mg,23,8.0,184.0
2024-08-04,Ibuprofen 200mg,32,1.0,32.0
2024-08-04,Platelet Support,10,25.0,250.0
2024-08-04,Amoxicillin 250mg,30,4.0,120.0
2024-08-04,Chloramphenicol,10,6.0,60.0
2024-08-04,Ciprofloxacin 500mg,27,5.5,148.5
2024-08-04,Aspirin 325mg,3,0.8,2.4000000000000004
2024-08-04,Vitamin B Complex,4,2.5,10.0
2024-08-05,Oseltamivir 75mg,5,12.0,60.0
2024-08-05,Paracetamol 500mg,59,1.5,88.5
2024-08-05,Vitamin C,36,0.8,28.8
2024-08-05,Cough Syrup,34,3.0,102.0
2024-08-05,Artemether IV,12,15.0,180.0
2024-08-05,Quinine 500mg,10,8.0,80.0
2024-08-05,Ibuprofen 200mg,23,1.0,23.0
2024-08-05,Platelet Support,13,25.0,325.0
2024-08-05,Amoxicillin 250mg,27,4.0,108.0
2024-08-05,Chloramphenicol,17,6.0,102.0
2024-08-05,Ciprofloxacin 500mg,34,5.5,187.0
2024-08-05,Aspirin 325mg,4,0.8,3.2
2024-08-05,Vitamin B Complex,1,2.5,2.5
2024-08-06,Oseltamivir 75mg,18,12.0,216.0
2024-08-06,Paracetamol 500mg,68,1.5,102.0
2024-08-06,Cough Syrup,29,3.0,87.0
2024-08-06,Ibuprofen 200mg,37,1.0,37.0
2024-08-06,Vitamin C,27,0.8,21.6
2024-08-06,Artemether IV,10,15.0,150.0
2024-08-06,Quinine 500mg,6,8.0,48.0
2024-08-06,Platelet Support,11,25.0,275.0
2024-08-06,Amoxicillin 250mg,36,4.0,144.0
2024-08-06,Chloramphenicol,9,6.0,54.0
2024-08-06,Ciprofloxacin 500mg,35,5.5,192.5
2024-08-06,Aspirin 325mg,4,0.8,3.2
2024-08-06,Vitamin B Complex,4,2.5,10.0
2024-08-07,Oseltamivir 75mg,10,12.0,120.0
2024-08-07,Paracetamol 500mg,58,1.5,87.0
2024-08-07,Vitamin C,28,0.8,22.400000000000002
2024-08-07,Cough Syrup,32,3.0,96.0
2024-08-07,Artemether IV,8,15.0,120.0
2024-08-07,Quinine 500mg,10,8.0,80.0
2024-08-07,Ibuprofen 200mg,22,1.0,22.0
2024-08-07,Platelet Support,16,25.0,400.0
2024-08-07,Amoxicillin 250mg,30,4.0,120.0
2024-08-07,Chloramphenicol,19,6.0,114.0
2024-08-07,Ciprofloxacin 500mg,28,5.5,154.0
2024-08-07,Aspirin 325mg,2,0.8,1.6
2024-08-07,Vitamin B Complex,1,2.5,2.5
2024-08-08,Oseltamivir 75mg,11,12.0,132.0
2024-08-08,Paracetamol 500mg,66,1.5,99.0
2024-08-08,Vitamin C,25,0.8,20.0
2024-08-08,Cough Syrup,29,3.0,87.0
2024-08-08,Artemether IV,2,15.0,30.0
2024-08-08,Quinine 500mg,13,8.0,104.0
2024-08-08,Ibuprofen 200mg,13,1.0,13.0
2024-08-08,Platelet Support,15,25.0,375.0
2024-08-08,Amoxicillin 250mg,28,4.0,112.0
2024-08-08,Chloramphenicol,17,6.0,102.0
2024-08-08,Ciprofloxacin 500mg,34,5.5,187.0
2024-08-08,Aspirin 325mg,3,0.8,2.4000000000000004
2024-08-08,Vitamin B Complex,4,2.5,10.0
2024-08-09,Oseltamivir 75mg,9,12.0,108.0
2024-08-09,Paracetamol 500mg,53,1.5,79.5
2024-08-09,Vitamin C,19,0.8,15.200000000000001
2024-08-09,Cough Syrup,28,3.0,84.0
2024-08-09,Artemether IV,8,15.0,120.0
2024-08-09,Quinine 500mg,4,8.0,32.0
2024-08-09,Ibuprofen 200mg,16,1.0,16.0
2024-08-09,Platelet Support,10,25.0,250.0
2024-08-09,Amoxicillin 250mg,28,4.0,112.0
2024-08-09,Chloramphenicol,16,6.0,96.0
2024-08-09,Ciprofloxacin 500mg,28,5.5,154.0
2024-08-09,Aspirin 325mg,4,0.8,3.2
2024-08-09,Vitamin B Complex,4,2.5,10.0
2024-08-10,Oseltamivir 75mg,20,12.0,240.0
2024-08-10,Paracetamol 500mg,47,1.5,70.5
2024-08-10,Cough Syrup,29,3.0,87.0
2024-08-10,Ibuprofen 200mg,28,1.0,28.0
2024-08-10,Vitamin C,15,0.8,12.0
2024-08-10,Artemether IV,9,15.0,135.0
2024-08-10,Quinine 500mg,8,8.0,64.0
2024-08-10,Platelet Support,9,25.0,225.0
2024-08-10,Amoxicillin 250mg,32,4.0,128.0
2024-08-10,Chloramphenicol,10,6.0,60.0
2024-08-10,Ciprofloxacin 500mg,27,5.5,148.5
2024-08-10,Aspirin 325mg,3,0.8,2.4000000000000004
2024-08-10,Vitamin B Complex,3,2.5,7.5
2024-08-11,Oseltamivir 75mg,12,12.0,144.0
2024-08-11,Paracetamol 500mg,54,1.5,81.0
2024-08-11,Vitamin C,22,0.8,17.6
2024-08-11,Cough Syrup,22,3.0,66.0
2024-08-11,Artemether IV,9,15.0,135.0
2024-08-11,Quinine 500mg,9,8.0,72.0
2024-08-11,Ibuprofen 200mg,18,1.0,18.0
2024-08-11,Platelet Support,14,25.0,350.0
2024-08-11,Amoxicillin 250mg,22,4.0,88.0
2024-08-11,Chloramphenicol,13,6.0,78.0
2024-08-11,Ciprofloxacin 500mg,19,5.5,104.5
2024-08-11,Vitamin B Complex,7,2.5,17.5
2024-08-12,Oseltamivir 75mg,13,12.0,156.0
2024-08-12,Paracetamol 500mg,55,1.5,82.5
2024-08-12,Vitamin C,27,0.8,21.6
2024-08-12,Cough Syrup,30,3.0,90.0
2024-08-12,Artemether IV,7,15.0,105.0
2024-08-12,Quinine 500mg,7,8.0,56.0
2024-08-12,Ibuprofen 200mg,18,1.0,18.0
2024-08-12,Platelet Support,16,25.0,400.0
2024-08-12,Amoxicillin 250mg,19,4.0,76.0
2024-08-12,Chloramphenicol,9,6.0,54.0
2024-08-12,Ciprofloxacin 500mg,21,5.5,115.5
2024-08-12,Aspirin 325mg,2,0.8,1.6
2024-08-12,Vitamin B Complex,2,2.5,5.0
2024-08-13,Oseltamivir 75mg,11,12.0,132.0
2024-08-13,Paracetamol 500mg,56,1.5,84.0
2024-08-13,Vitamin C,36,0.8,28.8
2024-08-13,Cough Syrup,19,3.0,57.0
2024-08-13,Artemether IV,8,15.0,120.0
2024-08-13,Quinine 500mg,6,8.0,48.0
2024-08-13,Ibuprofen 200mg,16,1.0,16.0
2024-08-13,Platelet Support,15,25.0,375.0
2024-08-13,Amoxicillin 250mg,24,4.0,96.0
2024-08-13,Chloramphenicol,2,6.0,12.0
2024-08-13,Ciprofloxacin 500mg,24,5.5,132.0
2024-08-13,Aspirin 325mg,3,0.8,2.4000000000000004
2024-08-13,Vitamin B Complex,1,2.5,2.5
2024-08-14,Oseltamivir 75mg,25,12.0,300.0
2024-08-14,Paracetamol 500mg,44,1.5,66.0
2024-08-14,Vitamin C,32,0.8,25.6
2024-08-14,Cough Syrup,22,3.0,66.0
2024-08-14,Artemether IV,8,15.0,120.0
2024-08-14,Quinine 500mg,6,8.0,48.0
2024-08-14,Ibuprofen 200mg,22,1.0,22.0
2024-08-14,Platelet Support,13,25.0,325.0
2024-08-14,Amoxicillin 250mg,22,4.0,88.0
2024-08-14,Chloramphenicol,10,6.0,60.0
2024-08-14,Ciprofloxacin 500mg,26,5.5,143.0
2024-08-14,Aspirin 325mg,4,0.8,3.2
2024-08-15,Oseltamivir 75mg,16,12.0,192.0
2024-08-15,Paracetamol 500mg,58,1.5,87.0
2024-08-15,Vitamin C,40,0.8,32.0
2024-08-15,Cough Syrup,33,3.0,99.0
2024-08-15,Platelet Support,17,25.0,425.0
2024-08-15,Ibuprofen 200mg,21,1.0,21.0
2024-08-15,Amoxicillin 250mg,15,4.0,60.0
2024-08-15,Chloramphenicol,6,6.0,36.0
2024-08-15,Ciprofloxacin 500mg,18,5.5,99.0
2024-08-15,Aspirin 325mg,2,0.8,1.6
2024-08-15,Vitamin B Complex,4,2.5,10.0
2024-08-15,Artemether IV,2,15.0,30.0
2024-08-15,Quinine 500mg,2,8.0,16.0
2024-08-16,Oseltamivir 75mg,11,12.0,132.0
2024-08-16,Paracetamol 500mg,54,1.5,81.0
2024-08-16,Vitamin C,45,0.8,36.0
2024-08-16,Cough Syrup,43,3.0,129.0
2024-08-16,Platelet Support,21,25.0,525.0
2024-08-16,Ibuprofen 200mg,25,1.0,25.0
2024-08-16,Amoxicillin 250mg,42,4.0,168.0
2024-08-16,Chloramphenicol,10,6.0,60.0
2024-08-16,Ciprofloxacin 500mg,29,5.5,159.5
2024-08-16,Aspirin 325mg,4,0.8,3.2
2024-08-16,Vitamin B Complex,3,2.5,7.5
2024-08-16,Artemether IV,5,15.0,75.0
2024-08-16,Quinine 500mg,4,8.0,32.0
2024-08-17,Oseltamivir 75mg,27,12.0,324.0
2024-08-17,Paracetamol 500mg,69,1.5,103.5
2024-08-17,Vitamin C,36,0.8,28.8
2024-08-17,Cough Syrup,45,3.0,135.0
2024-08-17,Artemether IV,8,15.0,120.0
2024-08-17,Quinine 500mg,5,8.0,40.0
2024-08-17,Ibuprofen 200mg,27,1.0,27.0
2024-08-17,Platelet Support,14,25.0,350.0
2024-08-17,Amoxicillin 250mg,17,4.0,68.0
2024-08-17,Chloramphenicol,6,6.0,36.0
2024-08-17,Ciprofloxacin 500mg,28,5.5,154.0
2024-08-17,Aspirin 325mg,6,0.8,4.800000000000001
2024-08-17,Vitamin B Complex,5,2.5,12.5
2024-08-18,Oseltamivir 75mg,14,12.0,168.0
2024-08-18,Paracetamol 500mg,63,1.5,94.5
2024-08-18,Vitamin C,42,0.8,33.6
2024-08-18,Cough Syrup,39,3.0,117.0
2024-08-18,Platelet Support,13,25.0,325.0
2024-08-18,Ibuprofen 200mg,25,1.0,25.0
2024-08-18,Amoxicillin 250mg,14,4.0,56.0
2024-08-18,Chloramphenicol,9,6.0,54.0
2024-08-18,Ciprofloxacin 500mg,15,5.5,82.5
2024-08-18,Aspirin 325mg,3,0.8,2.4000000000000004
2024-08-18,Vitamin B Complex,5,2.5,12.5
2024-08-18,Artemether IV,1,15.0,15.0
2024-08-18,Quinine 500mg,1,8.0,8.0
2024-08-19,Oseltamivir 75mg,15,12.0,180.0
2024-08-19,Paracetamol 500mg,81,1.5,121.5
2024-08-19,Vitamin C,50,0.8,40.0
2024-08-19,Cough Syrup,34,3.0,102.0
2024-08-19,Artemether IV,7,15.0,105.0
2024-08-19,Quinine 500mg,7,8.0,56.0
2024-08-19,Ibuprofen 200mg,30,1.0,30.0
2024-08-19,Platelet Support,22,25.0,550.0
2024-08-19,Amoxicillin 250mg,12,4.0,48.0
2024-08-19,Ciprofloxacin 500mg,16,5.5,88.0
2024-08-19,Aspirin 325mg,1,0.8,0.8
2024-08-19,Chloramphenicol,1,6.0,6.0
2024-08-20,Oseltamivir 75mg,24,12.0,288.0
2024-08-20,Paracetamol 500mg,65,1.5,97.5
2024-08-20,Vitamin C,40,0.8,32.0
2024-08-20,Cough Syrup,44,3.0,132.0
2024-08-20,Artemether IV,11,15.0,165.0
2024-08-20,Quinine 500mg,13,8.0,104.0
2024-08-20,Ibuprofen 200mg,41,1.0,41.0
2024-08-20,Platelet Support,17,25.0,425.0
2024-08-20,Amoxicillin 250mg,12,4.0,48.0
2024-08-20,Ciprofloxacin 500mg,18,5.5,99.0
2024-08-20,Aspirin 325mg,4,0.8,3.2
2024-08-20,Chloramphenicol,3,6.0,18.0
2024-08-20,Vitamin B Complex,2,2.5,5.0
2024-08-21,Oseltamivir 75mg,28,12.0,336.0
2024-08-21,Paracetamol 500mg,74,1.5,111.0
2024-08-21,Cough Syrup,52,3.0,156.0
2024-08-21,Ibuprofen 200mg,62,1.0,62.0
2024-08-21,Vitamin C,44,0.8,35.2
2024-08-21,Artemether IV,22,15.0,330.0
2024-08-21,Quinine 500mg,11,8.0,88.0
2024-08-21,Platelet Support,21,25.0,525.0
2024-08-21,Amoxicillin 250mg,13,4.0,52.0
2024-08-21,Ciprofloxacin 500mg,20,5.5,110.0
2024-08-21,Aspirin 325mg,2,0.8,1.6
2024-08-21,Chloramphenicol,1,6.0,6.0
2024-08-21,Vitamin B Complex,6,2.5,15.0
2024-08-22,Oseltamivir 75mg,20,12.0,240.0
2024-08-22,Paracetamol 500mg,67,1.5,100.5
2024-08-22,Cough Syrup,44,3.0,132.0
2024-08-22,Ibuprofen 200mg,52,1.0,52.0
2024-08-22,Vitamin C,50,0.8,40.0
2024-08-22,Artemether IV,11,15.0,165.0
2024-08-22,Quinine 500mg,10,8.0,80.0
2024-08-22,Platelet Support,17,25.0,425.0
2024-08-22,Amoxicillin 250mg,18,4.0,72.0
2024-08-22,Ciprofloxacin 500mg,17,5.5,93.5
2024-08-22,Aspirin 325mg,5,0.8,4.0
2024-08-22,Chloramphenicol,5,6.0,30.0
2024-08-22,Vitamin B Complex,2,2.5,5.0
2024-08-23,Oseltamivir 75mg,29,12.0,348.0
2024-08-23,Paracetamol 500mg,74,1.5,111.0
2024-08-23,Cough Syrup,61,3.0,183.0
2024-08-23,Ibuprofen 200mg,48,1.0,48.0
2024-08-23,Vitamin C,56,0.8,44.800000000000004
2024-08-23,Artemether IV,12,15.0,180.0
2024-08-23,Quinine 500mg,15,8.0,120.0
2024-08-23,Platelet Support,12,25.0,300.0
2024-08-23,Amoxicillin 250mg,21,4.0,84.0
2024-08-23,Ciprofloxacin 500mg,17,5.5,93.5
2024-08-23,Aspirin 325mg,2,0.8,1.6
2024-08-23,Chloramphenicol,2,6.0,12.0
2024-08-23,Vitamin B Complex,4,2.5,10.0
2024-08-24,Oseltamivir 75mg,14,12.0,168.0
2024-08-24,Paracetamol 500mg,70,1.5,105.0
2024-08-24,Vitamin C,44,0.8,35.2
2024-08-24,Cough Syrup,33,3.0,99.0
2024-08-24,Artemether IV,5,15.0,75.0
2024-08-24,Quinine 500mg,9,8.0,72.0
2024-08-24,Ibuprofen 200mg,35,1.0,35.0
2024-08-24,Platelet Support,18,25.0,450.0
2024-08-24,Amoxicillin 250mg,18,4.0,72.0
2024-08-24,Ciprofloxacin 500mg,9,5.5,49.5
2024-08-24,Aspirin 325mg,6,0.8,4.800000000000001
2024-08-24,Chloramphenicol,1,6.0,6.0
2024-08-24,Vitamin B Complex,1,2.5,2.5
2024-08-25,Oseltamivir 75mg,16,12.0,192.0
2024-08-25,Paracetamol 500mg,77,1.5,115.5
2024-08-25,Vitamin C,36,0.8,28.8
2024-08-25,Cough Syrup,42,3.0,126.0
2024-08-25,Artemether IV,9,15.0,135.0
2024-08-25,Quinine 500mg,12,8.0,96.0
2024-08-25,Ibuprofen 200mg,35,1.0,35.0
2024-08-25,Platelet Support,16,25.0,400.0
2024-08-25,Amoxicillin 250mg,14,4.0,56.0
2024-08-25,Ciprofloxacin 500mg,11,5.5,60.5
2024-08-25,Aspirin 325mg,9,0.8,7.2
2024-08-25,Chloramphenicol,5,6.0,30.0
2024-08-25,Vitamin B Complex,1,2.5,2.5
2024-08-26,Oseltamivir 75mg,15,12.0,180.0
2024-08-26,Paracetamol 500mg,73,1.5,109.5
2024-08-26,Vitamin C,51,0.8,40.800000000000004
2024-08-26,Cough Syrup,41,3.0,123.0
2024-08-26,Artemether IV,2,15.0,30.0
2024-08-26,Quinine 500mg,10,8.0,80.0
2024-08-26,Ibuprofen 200mg,30,1.0,30.0
2024-08-26,Platelet Support,15,25.0,375.0
2024-08-26,Amoxicillin 250mg,21,4.0,84.0
2024-08-26,Ciprofloxacin 500mg,9,5.5,49.5
2024-08-26,Aspirin 325mg,3,0.8,2.4000000000000004
2024-08-26,Chloramphenicol,6,6.0,36.0
2024-08-26,Vitamin B Complex,3,2.5,7.5
2024-08-27,Oseltamivir 75mg,28,12.0,336.0
2024-08-27,Paracetamol 500mg,56,1.5,84.0
2024-08-27,Cough Syrup,49,3.0,147.0
2024-08-27,Ibuprofen 200mg,27,1.0,27.0
2024-08-27,Vitamin C,41,0.8,32.800000000000004
2024-08-27,Platelet Support,13,25.0,325.0
2024-08-27,Amoxicillin 250mg,14,4.0,56.0
2024-08-27,Ciprofloxacin 500mg,13,5.5,71.5
2024-08-27,Chloramphenicol,2,6.0,12.0
2024-08-27,Vitamin B Complex,4,2.5,10.0
2024-08-27,Artemether IV,3,15.0,45.0
2024-08-27,Quinine 500mg,2,8.0,16.0
2024-08-28,Oseltamivir 75mg,27,12.0,324.0
2024-08-28,Paracetamol 500mg,50,1.5,75.0
2024-08-28,Cough Syrup,30,3.0,90.0
2024-08-28,Ibuprofen 200mg,42,1.0,42.0
2024-08-28,Vitamin C,40,0.8,32.0
2024-08-28,Artemether IV,9,15.0,135.0
2024-08-28,Quinine 500mg,7,8.0,56.0
2024-08-28,Platelet Support,13,25.0,325.0
2024-08-28,Amoxicillin 250mg,7,4.0,28.0
2024-08-28,Ciprofloxacin 500mg,14,5.5,77.0
2024-08-28,Aspirin 325mg,2,0.8,1.6
2024-08-28,Chloramphenicol,3,6.0,18.0
2024-08-28,Vitamin B Complex,4,2.5,10.0
2024-08-29,Oseltamivir 75mg,28,12.0,336.0
2024-08-29,Paracetamol 500mg,45,1.5,67.5
2024-08-29,Cough Syrup,36,3.0,108.0
2024-08-29,Ibuprofen 200mg,30,1.0,30.0
2024-08-29,Vitamin C,39,0.8,31.200000000000003
2024-08-29,Artemether IV,7,15.0,105.0
2024-08-29,Quinine 500mg,7,8.0,56.0
2024-08-29,Platelet Support,20,25.0,500.0
2024-08-29,Amoxicillin 250mg,8,4.0,32.0
2024-08-29,Ciprofloxacin 500mg,11,5.5,60.5
2024-08-29,Chloramphenicol,4,6.0,24.0
2024-08-29,Vitamin B Complex,5,2.5,12.5
2024-08-30,Oseltamivir 75mg,22,12.0,264.0
2024-08-30,Paracetamol 500mg,51,1.5,76.5
2024-08-30,Cough Syrup,48,3.0,144.0
2024-08-30,Ibuprofen 200mg,27,1.0,27.0
2024-08-30,Vitamin C,40,0.8,32.0
2024-08-30,Platelet Support,11,25.0,275.0
2024-08-30,Amoxicillin 250mg,10,4.0,40.0
2024-08-30,Ciprofloxacin 500mg,14,5.5,77.0
2024-08-30,Aspirin 325mg,5,0.8,4.0
2024-08-30,Chloramphenicol,8,6.0,48.0
2024-08-30,Vitamin B Complex,4,2.5,10.0
2024-08-30,Artemether IV,4,15.0,60.0
2024-08-30,Quinine 500mg,3,8.0,24.0
2024-08-31,Oseltamivir 75mg,23,12.0,276.0
2024-08-31,Paracetamol 500mg,66,1.5,99.0
2024-08-31,Cough Syrup,50,3.0,150.0
2024-08-31,Ibuprofen 200mg,52,1.0,52.0
2024-08-31,Vitamin C,40,0.8,32.0
2024-08-31,Platelet Support,16,25.0,400.0
2024-08-31,Amoxicillin 250mg,17,4.0,68.0
2024-08-31,Ciprofloxacin 500mg,16,5.5,88.0
2024-08-31,Aspirin 325mg,4,0.8,3.2
2024-08-31,Chloramphenicol,3,6.0,18.0
2024-08-31,Vitamin B Complex,3,2.5,7.5
2024-08-31,Artemether IV,5,15.0,75.0
2024-08-31,Quinine 500mg,6,8.0,48.0
2024-09-01,Oseltamivir 75mg,27,12.0,324.0
2024-09-01,Paracetamol 500mg,62,1.5,93.0
2024-09-01,Cough Syrup,45,3.0,135.0
2024-09-01,Ibuprofen 200mg,30,1.0,30.0
2024-09-01,Vitamin C,51,0.8,40.800000000000004
2024-09-01,Platelet Support,22,25.0,550.0
2024-09-01,Amoxicillin 250mg,13,4.0,52.0
2024-09-01,Ciprofloxacin 500mg,11,5.5,60.5
2024-09-01,Aspirin 325mg,2,0.8,1.6
2024-09-01,Chloramphenicol,1,6.0,6.0
2024-09-01,Vitamin B Complex,4,2.5,10.0
2024-09-01,Artemether IV,5,15.0,75.0
2024-09-01,Quinine 500mg,3,8.0,24.0
2024-09-02,Oseltamivir 75mg,24,12.0,288.0
2024-09-02,Paracetamol 500mg,69,1.5,103.5
2024-09-02,Cough Syrup,46,3.0,138.0
2024-09-02,Ibuprofen 200mg,40,1.0,40.0
2024-09-02,Vitamin C,34,0.8,27.200000000000003
2024-09-02,Platelet Support,13,25.0,325.0
2024-09-02,Amoxicillin 250mg,20,4.0,80.0
2024-09-02,Chloramphenicol,12,6.0,72.0
2024-09-02,Ciprofloxacin 500mg,21,5.5,115.5
2024-09-02,Aspirin 325mg,5,0.8,4.0
2024-09-02,Vitamin B Complex,7,2.5,17.5
2024-09-02,Artemether IV,4,15.0,60.0
2024-09-02,Quinine 500mg,1,8.0,8.0
2024-09-03,Oseltamivir 75mg,20,12.0,240.0
2024-09-03,Paracetamol 500mg,72,1.5,108.0
2024-09-03,Cough Syrup,61,3.0,183.0
2024-09-03,Ibuprofen 200mg,33,1.0,33.0
2024-09-03,Vitamin C,39,0.8,31.200000000000003
2024-09-03,Platelet Support,19,25.0,475.0
2024-09-03,Amoxicillin 250mg,21,4.0,84.0
2024-09-03,Chloramphenicol,3,6.0,18.0
2024-09-03,Ciprofloxacin 500mg,12,5.5,66.0
2024-09-03,Aspirin 325mg,6,0.8,4.800000000000001
2024-09-03,Vitamin B Complex,1,2.5,2.5
2024-09-03,Artemether IV,5,15.0,75.0
2024-09-03,Quinine 500mg,3,8.0,24.0
2024-09-04,Oseltamivir 75mg,26,12.0,312.0
2024-09-04,Paracetamol 500mg,71,1.5,106.5
2024-09-04,Cough Syrup,53,3.0,159.0
2024-09-04,Ibuprofen 200mg,24,1.0,24.0
2024-09-04,Vitamin C,39,0.8,31.200000000000003
2024-09-04,Platelet Support,12,25.0,300.0
2024-09-04,Amoxicillin 250mg,23,4.0,92.0
2024-09-04,Chloramphenicol,7,6.0,42.0
2024-09-04,Ciprofloxacin 500mg,24,5.5,132.0
2024-09-04,Aspirin 325mg,4,0.8,3.2
2024-09-04,Vitamin B Complex,2,2.5,5.0
2024-09-04,Artemether IV,3,15.0,45.0
2024-09-04,Quinine 500mg,3,8.0,24.0
2024-09-05,Oseltamivir 75mg,22,12.0,264.0
2024-09-05,Paracetamol 500mg,74,1.5,111.0
2024-09-05,Cough Syrup,53,3.0,159.0
2024-09-05,Ibuprofen 200mg,27,1.0,27.0
2024-09-05,Vitamin C,31,0.8,24.8
2024-09-05,Platelet Support,10,25.0,250.0
2024-09-05,Amoxicillin 250mg,25,4.0,100.0
2024-09-05,Chloramphenicol,5,6.0,30.0
2024-09-05,Ciprofloxacin 500mg,30,5.5,165.0
2024-09-05,Aspirin 325mg,3,0.8,2.4000000000000004
2024-09-05,Vitamin B Complex,2,2.5,5.0
2024-09-05,Artemether IV,3,15.0,45.0
2024-09-05,Quinine 500mg,7,8.0,56.0
2024-09-06,Oseltamivir 75mg,12,12.0,144.0
2024-09-06,Paracetamol 500mg,60,1.5,90.0
2024-09-06,Cough Syrup,54,3.0,162.0
2024-09-06,Ibuprofen 200mg,32,1.0,32.0
2024-09-06,Vitamin C,39,0.8,31.200000000000003
2024-09-06,Platelet Support,12,25.0,300.0
2024-09-06,Amoxicillin 250mg,26,4.0,104.0
2024-09-06,Chloramphenicol,7,6.0,42.0
2024-09-06,Ciprofloxacin 500mg,30,5.5,165.0
2024-09-06,Aspirin 325mg,3,0.8,2.4000000000000004
2024-09-06,Vitamin B Complex,3,2.5,7.5
2024-09-06,Artemether IV,4,15.0,60.0
2024-09-06,Quinine 500mg,5,8.0,40.0
2024-09-07,Oseltamivir 75mg,21,12.0,252.0
2024-09-07,Paracetamol 500mg,70,1.5,105.0
2024-09-07,Cough Syrup,39,3.0,117.0
2024-09-07,Ibuprofen 200mg,38,1.0,38.0
2024-09-07,Vitamin C,40,0.8,32.0
2024-09-07,Platelet Support,17,25.0,425.0
2024-09-07,Amoxicillin 250mg,24,4.0,96.0
2024-09-07,Chloramphenicol,16,6.0,96.0
2024-09-07,Ciprofloxacin 500mg,22,5.5,121.0
2024-09-07,Aspirin 325mg,4,0.8,3.2
2024-09-07,Artemether IV,2,15.0,30.0
2024-09-07,Quinine 500mg,1,8.0,8.0
2024-09-08,Oseltamivir 75mg,18,12.0,216.0
2024-09-08,Paracetamol 500mg,62,1.5,93.0
2024-09-08,Vitamin C,37,0.8,29.6
2024-09-08,Cough Syrup,35,3.0,105.0
2024-09-08,Platelet Support,13,25.0,325.0
2024-09-08,Ibuprofen 200mg,32,1.0,32.0
2024-09-08,Amoxicillin 250mg,25,4.0,100.0
2024-09-08,Chloramphenicol,13,6.0,78.0
2024-09-08,Ciprofloxacin 500mg,23,5.5,126.5
2024-09-08,Aspirin 325mg,5,0.8,4.0
2024-09-08,Vitamin B Complex,6,2.5,15.0
2024-09-08,Artemether IV,4,15.0,60.0
2024-09-08,Quinine 500mg,3,8.0,24.0
2024-09-09,Oseltamivir 75mg,23,12.0,276.0
2024-09-09,Paracetamol 500mg,84,1.5,126.0
2024-09-09,Vitamin C,37,0.8,29.6
2024-09-09,Cough Syrup,46,3.0,138.0
2024-09-09,Artemether IV,12,15.0,180.0
2024-09-09,Quinine 500mg,8,8.0,64.0
2024-09-09,Ibuprofen 200mg,38,1.0,38.0
2024-09-09,Platelet Support,18,25.0,450.0
2024-09-09,Amoxicillin 250mg,17,4.0,68.0
2024-09-09,Chloramphenicol,10,6.0,60.0
2024-09-09,Ciprofloxacin 500mg,20,5.5,110.0
2024-09-09,Aspirin 325mg,3,0.8,2.4000000000000004
2024-09-09,Vitamin B Complex,2,2.5,5.0
2024-09-10,Oseltamivir 75mg,13,12.0,156.0
2024-09-10,Paracetamol 500mg,55,1.5,82.5
2024-09-10,Vitamin C,40,0.8,32.0
2024-09-10,Cough Syrup,28,3.0,84.0
2024-09-10,Platelet Support,11,25.0,275.0
2024-09-10,Ibuprofen 200mg,24,1.0,24.0
2024-09-10,Amoxicillin 250mg,26,4.0,104.0
2024-09-10,Chloramphenicol,10,6.0,60.0
2024-09-10,Ciprofloxacin 500mg,19,5.5,104.5
2024-09-10,Aspirin 325mg,1,0.8,0.8
2024-09-10,Vitamin B Complex,2,2.5,5.0
2024-09-11,Oseltamivir 75mg,14,12.0,168.0
2024-09-11,Paracetamol 500mg,70,1.5,105.0
2024-09-11,Vitamin C,47,0.8,37.6
2024-09-11,Cough Syrup,36,3.0,108.0
2024-09-11,Artemether IV,8,15.0,120.0
2024-09-11,Quinine 500mg,8,8.0,64.0
2024-09-11,Ibuprofen 200mg,24,1.0,24.0
2024-09-11,Platelet Support,12,25.0,300.0
2024-09-11,Amoxicillin 250mg,18,4.0,72.0
2024-09-11,Chloramphenicol,10,6.0,60.0
2024-09-11,Ciprofloxacin 500mg,19,5.5,104.5
2024-09-11,Aspirin 325mg,1,0.8,0.8
2024-09-11,Vitamin B Complex,3,2.5,7.5
2024-09-12,Oseltamivir 75mg,16,12.0,192.0
2024-09-12,Paracetamol 500mg,68,1.5,102.0
2024-09-12,Vitamin C,28,0.8,22.400000000000002
2024-09-12,Cough Syrup,42,3.0,126.0
2024-09-12,Artemether IV,7,15.0,105.0
2024-09-12,Quinine 500mg,10,8.0,80.0
2024-09-12,Ibuprofen 200mg,22,1.0,22.0
2024-09-12,Platelet Support,11,25.0,275.0
2024-09-12,Amoxicillin 250mg,26,4.0,104.0
2024-09-12,Chloramphenicol,13,6.0,78.0
2024-09-12,Ciprofloxacin 500mg,29,5.5,159.5
2024-09-12,Aspirin 325mg,4,0.8,3.2
2024-09-12,Vitamin B Complex,3,2.5,7.5
2024-09-13,Oseltamivir 75mg,21,12.0,252.0
2024-09-13,Paracetamol 500mg,49,1.5,73.5
2024-09-13,Cough Syrup,26,3.0,78.0
2024-09-13,Ibuprofen 200mg,18,1.0,18.0
2024-09-13,Vitamin C,14,0.8,11.200000000000001
2024-09-13,Artemether IV,7,15.0,105.0
2024-09-13,Quinine 500mg,15,8.0,120.0
2024-09-13,Platelet Support,10,25.0,250.0
2024-09-13,Amoxicillin 250mg,21,4.0,84.0
2024-09-13,Chloramphenicol,10,6.0,60.0
2024-09-13,Ciprofloxacin 500mg,18,5.5,99.0
2024-09-13,Aspirin 325mg,5,0.8,4.0
2024-09-13,Vitamin B Complex,2,2.5,5.0
2024-09-14,Oseltamivir 75mg,10,12.0,120.0
2024-09-14,Paracetamol 500mg,51,1.5,76.5
2024-09-14,Vitamin C,18,0.8,14.4
2024-09-14,Cough Syrup,30,3.0,90.0
2024-09-14,Artemether IV,7,15.0,105.0
2024-09-14,Quinine 500mg,11,8.0,88.0
2024-09-14,Ibuprofen 200mg,17,1.0,17.0
2024-09-14,Platelet Support,11,25.0,275.0
2024-09-14,Amoxicillin 250mg,26,4.0,104.0
2024-09-14,Chloramphenicol,9,6.0,54.0
2024-09-14,Ciprofloxacin 500mg,25,5.5,137.5
2024-09-14,Aspirin 325mg,4,0.8,3.2
2024-09-14,Vitamin B Complex,4,2.5,10.0
2024-09-15,Oseltamivir 75mg,10,12.0,120.0
2024-09-15,Paracetamol 500mg,50,1.5,75.0
2024-09-15,Vitamin C,19,0.8,15.200000000000001
2024-09-15,Cough Syrup,27,3.0,81.0
2024-09-15,Artemether IV,13,15.0,195.0
2024-09-15,Quinine 500mg,10,8.0,80.0
2024-09-15,Ibuprofen 200mg,28,1.0,28.0
2024-09-15,Platelet Support,19,25.0,475.0
2024-09-15,Amoxicillin 250mg,19,4.0,76.0
2024-09-15,Chloramphenicol,7,6.0,42.0
2024-09-15,Ciprofloxacin 500mg,17,5.5,93.5
2024-09-15,Aspirin 325mg,2,0.8,1.6
2024-09-15,Vitamin B Complex,6,2.5,15.0
2024-09-16,Oseltamivir 75mg,12,12.0,144.0
2024-09-16,Paracetamol 500mg,31,1.5,46.5
2024-09-16,Vitamin C,21,0.8,16.8
2024-09-16,Cough Syrup,36,3.0,108.0
2024-09-16,Artemether IV,6,15.0,90.0
2024-09-16,Quinine 500mg,14,8.0,112.0
2024-09-16,Ibuprofen 200mg,19,1.0,19.0
2024-09-16,Platelet Support,6,25.0,150.0
2024-09-16,Amoxicillin 250mg,15,4.0,60.0
2024-09-16,Ciprofloxacin 500mg,20,5.5,110.0
2024-09-16,Aspirin 325mg,5,0.8,4.0
2024-09-16,Chloramphenicol,4,6.0,24.0
2024-09-16,Vitamin B Complex,1,2.5,2.5
2024-09-17,Oseltamivir 75mg,14,12.0,168.0
2024-09-17,Paracetamol 500mg,42,1.5,63.0
2024-09-17,Vitamin C,24,0.8,19.200000000000003
2024-09-17,Cough Syrup,28,3.0,84.0
2024-09-17,Artemether IV,5,15.0,75.0
2024-09-17,Quinine 500mg,9,8.0,72.0
2024-09-17,Ibuprofen 200mg,15,1.0,15.0
2024-09-17,Platelet Support,6,25.0,150.0
2024-09-17,Amoxicillin 250mg,16,4.0,64.0
2024-09-17,Ciprofloxacin 500mg,16,5.5,88.0
2024-09-17,Chloramphenicol,7,6.0,42.0
2024-09-17,Vitamin B Complex,6,2.5,15.0
2024-09-18,Oseltamivir 75mg,12,12.0,144.0
2024-09-18,Paracetamol 500mg,39,1.5,58.5
2024-09-18,Vitamin C,18,0.8,14.4
2024-09-18,Cough Syrup,26,3.0,78.0
2024-09-18,Artemether IV,7,15.0,105.0
2024-09-18,Quinine 500mg,8,8.0,64.0
2024-09-18,Ibuprofen 200mg,15,1.0,15.0
2024-09-18,Platelet Support,7,25.0,175.0
2024-09-18,Amoxicillin 250mg,19,4.0,76.0
2024-09-18,Ciprofloxacin 500mg,16,5.5,88.0
2024-09-18,Chloramphenicol,3,6.0,18.0
2024-09-18,Vitamin B Complex,4,2.5,10.0
2024-09-19,Oseltamivir 75mg,8,12.0,96.0
2024-09-19,Paracetamol 500mg,50,1.5,75.0
2024-09-19,Vitamin C,15,0.8,12.0
2024-09-19,Cough Syrup,20,3.0,60.0
2024-09-19,Artemether IV,7,15.0,105.0
2024-09-19,Quinine 500mg,3,8.0,24.0
2024-09-19,Ibuprofen 200mg,11,1.0,11.0
2024-09-19,Platelet Support,13,25.0,325.0
2024-09-19,Amoxicillin 250mg,14,4.0,56.0
2024-09-19,Ciprofloxacin 500mg,26,5.5,143.0
2024-09-19,Aspirin 325mg,2,0.8,1.6
2024-09-19,Chloramphenicol,6,6.0,36.0
2024-09-19,Vitamin B Complex,3,2.5,7.5
2024-09-20,Oseltamivir 75mg,19,12.0,228.0
2024-09-20,Paracetamol 500mg,43,1.5,64.5
2024-09-20,Cough Syrup,34,3.0,102.0
2024-09-20,Ibuprofen 200mg,13,1.0,13.0
2024-09-20,Vitamin C,20,0.8,16.0
2024-09-20,Platelet Support,5,25.0,125.0
2024-09-20,Amoxicillin 250mg,16,4.0,64.0
2024-09-20,Ciprofloxacin 500mg,15,5.5,82.5
2024-09-20,Aspirin 325mg,4,0.8,3.2
2024-09-20,Chloramphenicol,6,6.0,36.0
2024-09-20,Vitamin B Complex,6,2.5,15.0
2024-09-20,Artemether IV,3,15.0,45.0
2024-09-20,Quinine 500mg,3,8.0,24.0
2024-09-21,Oseltamivir 75mg,8,12.0,96.0
2024-09-21,Paracetamol 500mg,30,1.5,45.0
2024-09-21,Cough Syrup,30,3.0,90.0
2024-09-21,Ibuprofen 200mg,19,1.0,19.0
2024-09-21,Vitamin C,14,0.8,11.200000000000001
2024-09-21,Platelet Support,5,25.0,125.0
2024-09-21,Amoxicillin 250mg,17,4.0,68.0
2024-09-21,Ciprofloxacin 500mg,13,5.5,71.5
2024-09-21,Aspirin 325mg,4,0.8,3.2
2024-09-21,Chloramphenicol,3,6.0,18.0
2024-09-21,Vitamin B Complex,4,2.5,10.0
2024-09-21,Artemether IV,2,15.0,30.0
2024-09-21,Quinine 500mg,2,8.0,16.0
2024-09-22,Oseltamivir 75mg,21,12.0,252.0
2024-09-22,Paracetamol 500mg,40,1.5,60.0
2024-09-22,Cough Syrup,33,3.0,99.0
2024-09-22,Ibuprofen 200mg,20,1.0,20.0
2024-09-22,Vitamin C,20,0.8,16.0
2024-09-22,Platelet Support,11,25.0,275.0
2024-09-22,Amoxicillin 250mg,15,4.0,60.0
2024-09-22,Ciprofloxacin 500mg,18,5.5,99.0
2024-09-22,Aspirin 325mg,4,0.8,3.2
2024-09-22,Chloramphenicol,2,6.0,12.0
2024-09-22,Vitamin B Complex,3,2.5,7.5
2024-09-22,Artemether IV,2,15.0,30.0
2024-09-22,Quinine 500mg,5,8.0,40.0
2024-09-23,Oseltamivir 75mg,27,12.0,324.0
2024-09-23,Paracetamol 500mg,32,1.5,48.0
2024-09-23,Cough Syrup,29,3.0,87.0
2024-09-23,Ibuprofen 200mg,21,1.0,21.0
2024-09-23,Vitamin C,26,0.8,20.8
2024-09-23,Platelet Support,13,25.0,325.0
2024-09-23,Amoxicillin 250mg,23,4.0,92.0
2024-09-23,Chloramphenicol,5,6.0,30.0
2024-09-23,Ciprofloxacin 500mg,23,5.5,126.5
2024-09-23,Aspirin 325mg,4,0.8,3.2
2024-09-23,Vitamin B Complex,3,2.5,7.5
2024-09-23,Artemether IV,5,15.0,75.0
2024-09-23,Quinine 500mg,2,8.0,16.0
2024-09-24,Oseltamivir 75mg,25,12.0,300.0
2024-09-24,Paracetamol 500mg,40,1.5,60.0
2024-09-24,Cough Syrup,36,3.0,108.0
2024-09-24,Ibuprofen 200mg,17,1.0,17.0
2024-09-24,Vitamin C,20,0.8,16.0
2024-09-24,Platelet Support,8,25.0,200.0
2024-09-24,Amoxicillin 250mg,13,4.0,52.0
2024-09-24,Chloramphenicol,10,6.0,60.0
2024-09-24,Ciprofloxacin 500mg,21,5.5,115.5
2024-09-24,Vitamin B Complex,3,2.5,7.5
2024-09-24,Quinine 500mg,3,8.0,24.0
2024-09-25,Oseltamivir 75mg,20,12.0,240.0
2024-09-25,Paracetamol 500mg,47,1.5,70.5
2024-09-25,Cough Syrup,33,3.0,99.0
2024-09-25,Ibuprofen 200mg,25,1.0,25.0
2024-09-25,Vitamin C,28,0.8,22.400000000000002
2024-09-25,Platelet Support,16,25.0,400.0
2024-09-25,Amoxicillin 250mg,7,4.0,28.0
2024-09-25,Ciprofloxacin 500mg,8,5.5,44.0
2024-09-25,Aspirin 325mg,4,0.8,3.2
2024-09-25,Chloramphenicol,4,6.0,24.0
2024-09-25,Vitamin B Complex,5,2.5,12.5
2024-09-25,Artemether IV,5,15.0,75.0
2024-09-25,Quinine 500mg,3,8.0,24.0
2024-09-26,Oseltamivir 75mg,16,12.0,192.0
2024-09-26,Paracetamol 500mg,48,1.5,72.0
2024-09-26,Cough Syrup,25,3.0,75.0
2024-09-26,Ibuprofen 200mg,20,1.0,20.0
2024-09-26,Vitamin C,34,0.8,27.200000000000003
2024-09-26,Platelet Support,15,25.0,375.0
2024-09-26,Amoxicillin 250mg,7,4.0,28.0
2024-09-26,Ciprofloxacin 500mg,12,5.5,66.0
2024-09-26,Aspirin 325mg,6,0.8,4.800000000000001
2024-09-26,Chloramphenicol,3,6.0,18.0
2024-09-26,Vitamin B Complex,2,2.5,5.0
2024-09-26,Artemether IV,2,15.0,30.0
2024-09-26,Quinine 500mg,3,8.0,24.0
2024-09-27,Oseltamivir 75mg,25,12.0,300.0
2024-09-27,Paracetamol 500mg,49,1.5,73.5
2024-09-27,Cough Syrup,19,3.0,57.0
2024-09-27,Ibuprofen 200mg,27,1.0,27.0
2024-09-27,Vitamin C,27,0.8,21.6
2024-09-27,Artemether IV,11,15.0,165.0
2024-09-27,Quinine 500mg,8,8.0,64.0
2024-09-27,Platelet Support,19,25.0,475.0
2024-09-27,Amoxicillin 250mg,13,4.0,52.0
2024-09-27,Chloramphenicol,10,6.0,60.0
2024-09-27,Ciprofloxacin 500mg,10,5.5,55.0
2024-09-27,Aspirin 325mg,2,0.8,1.6
2024-09-27,Vitamin B Complex,3,2.5,7.5
2024-09-28,Oseltamivir 75mg,21,12.0,252.0
2024-09-28,Paracetamol 500mg,59,1.5,88.5
2024-09-28,Cough Syrup,30,3.0,90.0
2024-09-28,Ibuprofen 200mg,18,1.0,18.0
2024-09-28,Vitamin C,25,0.8,20.0
2024-09-28,Platelet Support,19,25.0,475.0
2024-09-28,Amoxicillin 250mg,16,4.0,64.0
2024-09-28,Chloramphenicol,12,6.0,72.0
2024-09-28,Ciprofloxacin 500mg,21,5.5,115.5
2024-09-28,Aspirin 325mg,3,0.8,2.4000000000000004
2024-09-28,Vitamin B Complex,5,2.5,12.5
2024-09-28,Artemether IV,5,15.0,75.0
2024-09-28,Quinine 500mg,3,8.0,24.0
2024-09-29,Oseltamivir 75mg,32,12.0,384.0
2024-09-29,Paracetamol 500mg,53,1.5,79.5
2024-09-29,Cough Syrup,27,3.0,81.0
2024-09-29,Ibuprofen 200mg,25,1.0,25.0
2024-09-29,Vitamin C,19,0.8,15.200000000000001
2024-09-29,Platelet Support,8,25.0,200.0
2024-09-29,Amoxicillin 250mg,28,4.0,112.0
2024-09-29,Chloramphenicol,20,6.0,120.0
2024-09-29,Ciprofloxacin 500mg,31,5.5,170.5
2024-09-29,Vitamin B Complex,3,2.5,7.5
2024-09-29,Artemether IV,1,15.0,15.0
2024-09-29,Quinine 500mg,4,8.0,32.0
2024-09-30,Oseltamivir 75mg,25,12.0,300.0
2024-09-30,Paracetamol 500mg,49,1.5,73.5
2024-09-30,Cough Syrup,32,3.0,96.0
2024-09-30,Ibuprofen 200mg,34,1.0,34.0
2024-09-30,Vitamin C,25,0.8,20.0
2024-09-30,Artemether IV,7,15.0,105.0
2024-09-30,Quinine 500mg,9,8.0,72.0
2024-09-30,Platelet Support,10,25.0,250.0
2024-09-30,Amoxicillin 250mg,22,4.0,88.0
2024-09-30,Chloramphenicol,24,6.0,144.0
2024-09-30,Ciprofloxacin 500mg,26,5.5,143.0
2024-09-30,Aspirin 325mg,3,0.8,2.4000000000000004
2024-09-30,Vitamin B Complex,2,2.5,5.0
2024-10-01,Oseltamivir 75mg,29,12.0,348.0
2024-10-01,Paracetamol 500mg,65,1.5,97.5
2024-10-01,Cough Syrup,37,3.0,111.0
2024-10-01,Ibuprofen 200mg,32,1.0,32.0
2024-10-01,Vitamin C,29,0.8,23.200000000000003
2024-10-01,Artemether IV,3,15.0,45.0
2024-10-01,Quinine 500mg,4,8.0,32.0
2024-10-01,Platelet Support,15,25.0,375.0
2024-10-01,Amoxicillin 250mg,25,4.0,100.0
2024-10-01,Chloramphenicol,13,6.0,78.0
2024-10-01,Ciprofloxacin 500mg,24,5.5,132.0
2024-10-01,Aspirin 325mg,2,0.8,1.6
2024-10-01,Vitamin B Complex,3,2.5,7.5
2024-10-02,Oseltamivir 75mg,33,12.0,396.0
2024-10-02,Paracetamol 500mg,57,1.5,85.5
2024-10-02,Cough Syrup,34,3.0,102.0
2024-10-02,Ibuprofen 200mg,30,1.0,30.0
2024-10-02,Vitamin C,25,0.8,20.0
2024-10-02,Platelet Support,18,25.0,450.0
2024-10-02,Amoxicillin 250mg,21,4.0,84.0
2024-10-02,Chloramphenicol,19,6.0,114.0
2024-10-02,Ciprofloxacin 500mg,41,5.5,225.5
2024-10-02,Vitamin B Complex,1,2.5,2.5
2024-10-02,Quinine 500mg,4,8.0,32.0
2024-10-03,Oseltamivir 75mg,30,12.0,360.0
2024-10-03,Paracetamol 500mg,55,1.5,82.5
2024-10-03,Cough Syrup,39,3.0,117.0
2024-10-03,Ibuprofen 200mg,21,1.0,21.0
2024-10-03,Vitamin C,29,0.8,23.200000000000003
2024-10-03,Platelet Support,13,25.0,325.0
2024-10-03,Amoxicillin 250mg,17,4.0,68.0
2024-10-03,Chloramphenicol,14,6.0,84.0
2024-10-03,Ciprofloxacin 500mg,27,5.5,148.5
2024-10-03,Aspirin 325mg,2,0.8,1.6
2024-10-03,Vitamin B Complex,1,2.5,2.5
2024-10-03,Artemether IV,3,15.0,45.0
2024-10-03,Quinine 500mg,4,8.0,32.0
2024-10-04,Oseltamivir 75mg,19,12.0,228.0
2024-10-04,Paracetamol 500mg,67,1.5,100.5
2024-10-04,Cough Syrup,30,3.0,90.0
2024-10-04,Ibuprofen 200mg,14,1.0,14.0
2024-10-04,Vitamin C,26,0.8,20.8
2024-10-04,Platelet Support,5,25.0,125.0
2024-10-04,Amoxicillin 250mg,24,4.0,96.0
2024-10-04,Chloramphenicol,20,6.0,120.0
2024-10-04,Ciprofloxacin 500mg,31,5.5,170.5
2024-10-04,Aspirin 325mg,6,0.8,4.800000000000001
2024-10-04,Vitamin B Complex,2,2.5,5.0
2024-10-04,Artemether IV,3,15.0,45.0
2024-10-04,Quinine 500mg,2,8.0,16.0
2024-10-05,Oseltamivir 75mg,17,12.0,204.0
2024-10-05,Paracetamol 500mg,54,1.5,81.0
2024-10-05,Cough Syrup,35,3.0,105.0
2024-10-05,Ibuprofen 200mg,25,1.0,25.0
2024-10-05,Vitamin C,36,0.8,28.8
2024-10-05,Platelet Support,14,25.0,350.0
2024-10-05,Amoxicillin 250mg,18,4.0,72.0
2024-10-05,Chloramphenicol,19,6.0,114.0
2024-10-05,Ciprofloxacin 500mg,28,5.5,154.0
2024-10-05,Aspirin 325mg,2,0.8,1.6
2024-10-05,Vitamin B Complex,1,2.5,2.5
2024-10-05,Artemether IV,1,15.0,15.0
2024-10-05,Quinine 500mg,4,8.0,32.0
2024-10-06,Oseltamivir 75mg,23,12.0,276.0
2024-10-06,Paracetamol 500mg,54,1.5,81.0
2024-10-06,Cough Syrup,42,3.0,126.0
2024-10-06,Ibuprofen 200mg,18,1.0,18.0
2024-10-06,Vitamin C,18,0.8,14.4
2024-10-06,Platelet Support,6,25.0,150.0
2024-10-06,Amoxicillin 250mg,35,4.0,140.0
2024-10-06,Chloramphenicol,9,6.0,54.0
2024-10-06,Ciprofloxacin 500mg,29,5.5,159.5
2024-10-06,Aspirin 325mg,5,0.8,4.0
2024-10-06,Vitamin B Complex,4,2.5,10.0
2024-10-06,Quinine 500mg,4,8.0,32.0
2024-10-07,Oseltamivir 75mg,28,12.0,336.0
2024-10-07,Paracetamol 500mg,54,1.5,81.0
2024-10-07,Cough Syrup,40,3.0,120.0
2024-10-07,Ibuprofen 200mg,32,1.0,32.0
2024-10-07,Vitamin C,32,0.8,25.6
2024-10-07,Platelet Support,11,25.0,275.0
2024-10-07,Amoxicillin 250mg,17,4.0,68.0
2024-10-07,Chloramphenicol,19,6.0,114.0
2024-10-07,Ciprofloxacin 500mg,28,5.5,154.0
2024-10-07,Aspirin 325mg,6,0.8,4.800000000000001
2024-10-07,Vitamin B Complex,9,2.5,22.5
2024-10-07,Artemether IV,2,15.0,30.0
2024-10-07,Quinine 500mg,5,8.0,40.0
2024-10-08,Oseltamivir 75mg,21,12.0,252.0
2024-10-08,Paracetamol 500mg,54,1.5,81.0
2024-10-08,Cough Syrup,37,3.0,111.0
2024-10-08,Ibuprofen 200mg,21,1.0,21.0
2024-10-08,Vitamin C,17,0.8,13.600000000000001
2024-10-08,Amoxicillin 250mg,25,4.0,100.0
2024-10-08,Chloramphenicol,15,6.0,90.0
2024-10-08,Ciprofloxacin 500mg,13,5.5,71.5
2024-10-08,Aspirin 325mg,5,0.8,4.0
2024-10-08,Vitamin B Complex,1,2.5,2.5
2024-10-08,Artemether IV,4,15.0,60.0
2024-10-08,Quinine 500mg,4,8.0,32.0
2024-10-08,Platelet Support,3,25.0,75.0
2024-10-09,Oseltamivir 75mg,31,12.0,372.0
2024-10-09,Paracetamol 500mg,44,1.5,66.0
2024-10-09,Cough Syrup,46,3.0,138.0
2024-10-09,Ibuprofen 200mg,28,1.0,28.0
2024-10-09,Vitamin C,22,0.8,17.6
2024-10-09,Amoxicillin 250mg,39,4.0,156.0
2024-10-09,Chloramphenicol,17,6.0,102.0
2024-10-09,Ciprofloxacin 500mg,29,5.5,159.5
2024-10-09,Aspirin 325mg,3,0.8,2.4000000000000004
2024-10-09,Vitamin B Complex,6,2.5,15.0
2024-10-09,Artemether IV,2,15.0,30.0
2024-10-09,Quinine 500mg,2,8.0,16.0
2024-10-09,Platelet Support,4,25.0,100.0
2024-10-10,Oseltamivir 75mg,28,12.0,336.0
2024-10-10,Paracetamol 500mg,50,1.5,75.0
2024-10-10,Cough Syrup,33,3.0,99.0
2024-10-10,Ibuprofen 200mg,28,1.0,28.0
2024-10-10,Vitamin C,35,0.8,28.0
2024-10-10,Platelet Support,11,25.0,275.0
2024-10-10,Amoxicillin 250mg,25,4.0,100.0
2024-10-10,Chloramphenicol,10,6.0,60.0
2024-10-10,Ciprofloxacin 500mg,28,5.5,154.0
2024-10-10,Aspirin 325mg,4,0.8,3.2
2024-10-10,Vitamin B Complex,5,2.5,12.5
2024-10-10,Artemether IV,9,15.0,135.0
2024-10-10,Quinine 500mg,2,8.0,16.0
2024-10-11,Oseltamivir 75mg,25,12.0,300.0
2024-10-11,Paracetamol 500mg,43,1.5,64.5
2024-10-11,Cough Syrup,34,3.0,102.0
2024-10-11,Ibuprofen 200mg,24,1.0,24.0
2024-10-11,Vitamin C,25,0.8,20.0
2024-10-11,Amoxicillin 250mg,29,4.0,116.0
2024-10-11,Chloramphenicol,16,6.0,96.0
2024-10-11,Ciprofloxacin 500mg,41,5.5,225.5
2024-10-11,Aspirin 325mg,5,0.8,4.0
2024-10-11,Vitamin B Complex,4,2.5,10.0
2024-10-11,Artemether IV,1,15.0,15.0
2024-10-11,Quinine 500mg,2,8.0,16.0
2024-10-11,Platelet Support,3,25.0,75.0
2024-10-12,Oseltamivir 75mg,27,12.0,324.0
2024-10-12,Paracetamol 500mg,55,1.5,82.5
2024-10-12,Cough Syrup,44,3.0,132.0
2024-10-12,Ibuprofen 200mg,17,1.0,17.0
2024-10-12,Vitamin C,22,0.8,17.6
2024-10-12,Platelet Support,9,25.0,225.0
2024-10-12,Amoxicillin 250mg,21,4.0,84.0
2024-10-12,Chloramphenicol,15,6.0,90.0
2024-10-12,Ciprofloxacin 500mg,30,5.5,165.0
2024-10-12,Aspirin 325mg,3,0.8,2.4000000000000004
2024-10-12,Vitamin B Complex,1,2.5,2.5
2024-10-12,Artemether IV,3,15.0,45.0
2024-10-12,Quinine 500mg,4,8.0,32.0
2024-10-13,Oseltamivir 75mg,30,12.0,360.0
2024-10-13,Paracetamol 500mg,48,1.5,72.0
2024-10-13,Cough Syrup,37,3.0,111.0
2024-10-13,Ibuprofen 200mg,26,1.0,26.0
2024-10-13,Vitamin C,23,0.8,18.400000000000002
2024-10-13,Platelet Support,12,25.0,300.0
2024-10-13,Amoxicillin 250mg,28,4.0,112.0
2024-10-13,Chloramphenicol,16,6.0,96.0
2024-10-13,Ciprofloxacin 500mg,32,5.5,176.0
2024-10-13,Aspirin 325mg,2,0.8,1.6
2024-10-13,Vitamin B Complex,1,2.5,2.5
2024-10-13,Artemether IV,4,15.0,60.0
2024-10-13,Quinine 500mg,2,8.0,16.0
2024-10-14,Oseltamivir 75mg,24,12.0,288.0
2024-10-14,Paracetamol 500mg,65,1.5,97.5
2024-10-14,Cough Syrup,49,3.0,147.0
2024-10-14,Ibuprofen 200mg,32,1.0,32.0
2024-10-14,Vitamin C,23,0.8,18.400000000000002
2024-10-14,Platelet Support,13,25.0,325.0
2024-10-14,Amoxicillin 250mg,21,4.0,84.0
2024-10-14,Chloramphenicol,15,6.0,90.0
2024-10-14,Ciprofloxacin 500mg,20,5.5,110.0
2024-10-14,Aspirin 325mg,3,0.8,2.4000000000000004
2024-10-14,Vitamin B Complex,3,2.5,7.5
2024-10-14,Artemether IV,5,15.0,75.0
2024-10-14,Quinine 500mg,4,8.0,32.0
2024-10-15,Oseltamivir 75mg,27,12.0,324.0
2024-10-15,Paracetamol 500mg,46,1.5,69.0
2024-10-15,Cough Syrup,29,3.0,87.0
2024-10-15,Ibuprofen 200mg,13,1.0,13.0
2024-10-15,Vitamin C,33,0.8,26.400000000000002
2024-10-15,Amoxicillin 250mg,13,4.0,52.0
2024-10-15,Chloramphenicol,22,6.0,132.0
2024-10-15,Ciprofloxacin 500mg,17,5.5,93.5
2024-10-15,Aspirin 325mg,2,0.8,1.6
2024-10-15,Vitamin B Complex,2,2.5,5.0
2024-10-15,Quinine 500mg,2,8.0,16.0
2024-10-15,Platelet Support,4,25.0,100.0
2024-10-16,Oseltamivir 75mg,29,12.0,348.0
2024-10-16,Paracetamol 500mg,52,1.5,78.0
2024-10-16,Cough Syrup,43,3.0,129.0
2024-10-16,Ibuprofen 200mg,19,1.0,19.0
2024-10-16,Vitamin C,13,0.8,10.4
2024-10-16,Amoxicillin 250mg,14,4.0,56.0
2024-10-16,Chloramphenicol,21,6.0,126.0
2024-10-16,Ciprofloxacin 500mg,19,5.5,104.5
2024-10-16,Aspirin 325mg,3,0.8,2.4000000000000004
2024-10-16,Vitamin B Complex,3,2.5,7.5
2024-10-16,Artemether IV,2,15.0,30.0
2024-10-16,Quinine 500mg,5,8.0,40.0
2024-10-16,Platelet Support,3,25.0,75.0
2024-10-17,Oseltamivir 75mg,31,12.0,372.0
2024-10-17,Paracetamol 500mg,45,1.5,67.5
2024-10-17,Cough Syrup,32,3.0,96.0
2024-10-17,Ibuprofen 200mg,18,1.0,18.0
2024-10-17,Vitamin C,20,0.8,16.0
2024-10-17,Amoxicillin 250mg,20,4.0,80.0
2024-10-17,Chloramphenicol,21,6.0,126.0
2024-10-17,Ciprofloxacin 500mg,19,5.5,104.5
2024-10-17,Aspirin 325mg,2,0.8,1.6
2024-10-17,Vitamin B Complex,2,2.5,5.0
2024-10-17,Artemether IV,1,15.0,15.0
2024-10-17,Quinine 500mg,7,8.0,56.0
2024-10-17,Platelet Support,3,25.0,75.0
2024-10-18,Oseltamivir 75mg,22,12.0,264.0
2024-10-18,Paracetamol 500mg,34,1.5,51.0
2024-10-18,Cough Syrup,30,3.0,90.0
2024-10-18,Ibuprofen 200mg,7,1.0,7.0
2024-10-18,Vitamin C,18,0.8,14.4
2024-10-18,Amoxicillin 250mg,13,4.0,52.0
2024-10-18,Chloramphenicol,13,6.0,78.0
2024-10-18,Ciprofloxacin 500mg,24,5.5,132.0
2024-10-18,Aspirin 325mg,1,0.8,0.8
2024-10-18,Vitamin B Complex,4,2.5,10.0
2024-10-18,Artemether IV,1,15.0,15.0
2024-10-18,Quinine 500mg,1,8.0,8.0
2024-10-18,Platelet Support,2,25.0,50.0
2024-10-19,Oseltamivir 75mg,37,12.0,444.0
2024-10-19,Paracetamol 500mg,35,1.5,52.5
2024-10-19,Cough Syrup,30,3.0,90.0
2024-10-19,Ibuprofen 200mg,6,1.0,6.0
2024-10-19,Vitamin C,19,0.8,15.200000000000001
2024-10-19,Amoxicillin 250mg,15,4.0,60.0
2024-10-19,Chloramphenicol,12,6.0,72.0
2024-10-19,Ciprofloxacin 500mg,23,5.5,126.5
2024-10-19,Aspirin 325mg,6,0.8,4.800000000000001
2024-10-19,Vitamin B Complex,2,2.5,5.0
2024-10-19,Artemether IV,1,15.0,15.0
2024-10-19,Quinine 500mg,1,8.0,8.0
2024-10-19,Platelet Support,9,25.0,225.0
2024-10-20,Oseltamivir 75mg,35,12.0,420.0
2024-10-20,Paracetamol 500mg,35,1.5,52.5
2024-10-20,Cough Syrup,25,3.0,75.0
2024-10-20,Ibuprofen 200mg,11,1.0,11.0
2024-10-20,Vitamin C,22,0.8,17.6
2024-10-20,Amoxicillin 250mg,18,4.0,72.0
2024-10-20,Chloramphenicol,14,6.0,84.0
2024-10-20,Ciprofloxacin 500mg,16,5.5,88.0
2024-10-20,Aspirin 325mg,2,0.8,1.6
2024-10-20,Vitamin B Complex,3,2.5,7.5
2024-10-20,Artemether IV,1,15.0,15.0
2024-10-20,Quinine 500mg,4,8.0,32.0
2024-10-20,Platelet Support,2,25.0,50.0
2024-10-21,Oseltamivir 75mg,28,12.0,336.0
2024-10-21,Paracetamol 500mg,31,1.5,46.5
2024-10-21,Cough Syrup,27,3.0,81.0
2024-10-21,Ibuprofen 200mg,10,1.0,10.0
2024-10-21,Vitamin C,24,0.8,19.200000000000003
2024-10-21,Platelet Support,10,25.0,250.0
2024-10-21,Amoxicillin 250mg,18,4.0,72.0
2024-10-21,Chloramphenicol,12,6.0,72.0
2024-10-21,Ciprofloxacin 500mg,20,5.5,110.0
2024-10-21,Vitamin B Complex,8,2.5,20.0
2024-10-21,Artemether IV,2,15.0,30.0
2024-10-21,Quinine 500mg,7,8.0,56.0
2024-10-22,Oseltamivir 75mg,24,12.0,288.0
2024-10-22,Paracetamol 500mg,28,1.5,42.0
2024-10-22,Cough Syrup,29,3.0,87.0
2024-10-22,Ibuprofen 200mg,13,1.0,13.0
2024-10-22,Vitamin C,25,0.8,20.0
2024-10-22,Amoxicillin 250mg,21,4.0,84.0
2024-10-22,Chloramphenicol,12,6.0,72.0
2024-10-22,Ciprofloxacin 500mg,15,5.5,82.5
2024-10-22,Aspirin 325mg,1,0.8,0.8
2024-10-22,Vitamin B Complex,2,2.5,5.0
2024-10-22,Artemether IV,1,15.0,15.0
2024-10-22,Quinine 500mg,1,8.0,8.0
2024-10-22,Platelet Support,3,25.0,75.0
2024-10-23,Oseltamivir 75mg,29,12.0,348.0
2024-10-23,Paracetamol 500mg,32,1.5,48.0
2024-10-23,Cough Syrup,33,3.0,99.0
2024-10-23,Ibuprofen 200mg,19,1.0,19.0
2024-10-23,Vitamin C,23,0.8,18.400000000000002
2024-10-23,Platelet Support,14,25.0,350.0
2024-10-23,Amoxicillin 250mg,8,4.0,32.0
2024-10-23,Chloramphenicol,13,6.0,78.0
2024-10-23,Ciprofloxacin 500mg,17,5.5,93.5
2024-10-23,Aspirin 325mg,4,0.8,3.2
2024-10-23,Artemether IV,3,15.0,45.0
2024-10-23,Quinine 500mg,3,8.0,24.0
2024-10-24,Oseltamivir 75mg,27,12.0,324.0
2024-10-24,Paracetamol 500mg,40,1.5,60.0
2024-10-24,Cough Syrup,35,3.0,105.0
2024-10-24,Ibuprofen 200mg,19,1.0,19.0
2024-10-24,Vitamin C,20,0.8,16.0
2024-10-24,Amoxicillin 250mg,12,4.0,48.0
2024-10-24,Chloramphenicol,18,6.0,108.0
2024-10-24,Ciprofloxacin 500mg,12,5.5,66.0
2024-10-24,Aspirin 325mg,3,0.8,2.4000000000000004
2024-10-24,Vitamin B Complex,2,2.5,5.0
2024-10-24,Artemether IV,4,15.0,60.0
2024-10-24,Quinine 500mg,3,8.0,24.0
2024-10-24,Platelet Support,1,25.0,25.0
2024-10-25,Oseltamivir 75mg,19,12.0,228.0
2024-10-25,Paracetamol 500mg,45,1.5,67.5
2024-10-25,Cough Syrup,34,3.0,102.0
2024-10-25,Ibuprofen 200mg,15,1.0,15.0
2024-10-25,Vitamin C,18,0.8,14.4
2024-10-25,Amoxicillin 250mg,12,4.0,48.0
2024-10-25,Chloramphenicol,6,6.0,36.0
2024-10-25,Ciprofloxacin 500mg,14,5.5,77.0
2024-10-25,Aspirin 325mg,2,0.8,1.6
2024-10-25,Vitamin B Complex,5,2.5,12.5
2024-10-25,Artemether IV,2,15.0,30.0
2024-10-25,Quinine 500mg,3,8.0,24.0
2024-10-25,Platelet Support,3,25.0,75.0
2024-10-26,Oseltamivir 75mg,24,12.0,288.0
2024-10-26,Paracetamol 500mg,32,1.5,48.0
2024-10-26,Vitamin C,34,0.8,27.200000000000003
2024-10-26,Cough Syrup,30,3.0,90.0
2024-10-26,Amoxicillin 250mg,10,4.0,40.0
2024-10-26,Chloramphenicol,13,6.0,78.0
2024-10-26,Ciprofloxacin 500mg,21,5.5,115.5
2024-10-26,Ibuprofen 200mg,15,1.0,15.0
2024-10-26,Aspirin 325mg,3,0.8,2.4000000000000004
2024-10-26,Vitamin B Complex,2,2.5,5.0
2024-10-26,Artemether IV,1,15.0,15.0
2024-10-26,Quinine 500mg,1,8.0,8.0
2024-10-26,Platelet Support,2,25.0,50.0
2024-10-27,Oseltamivir 75mg,19,12.0,228.0
2024-10-27,Paracetamol 500mg,22,1.5,33.0
2024-10-27,Vitamin C,14,0.8,11.200000000000001
2024-10-27,Cough Syrup,21,3.0,63.0
2024-10-27,Amoxicillin 250mg,11,4.0,44.0
2024-10-27,Chloramphenicol,10,6.0,60.0
2024-10-27,Ciprofloxacin 500mg,13,5.5,71.5
2024-10-27,Ibuprofen 200mg,10,1.0,10.0
2024-10-27,Aspirin 325mg,4,0.8,3.2
2024-10-27,Vitamin B Complex,5,2.5,12.5
2024-10-27,Artemether IV,2,15.0,30.0
2024-10-27,Quinine 500mg,2,8.0,16.0
2024-10-27,Platelet Support,4,25.0,100.0
2024-10-28,Oseltamivir 75mg,19,12.0,228.0
2024-10-28,Paracetamol 500mg,39,1.5,58.5
2024-10-28,Cough Syrup,22,3.0,66.0
2024-10-28,Ibuprofen 200mg,10,1.0,10.0
2024-10-28,Vitamin C,31,0.8,24.8
2024-10-28,Amoxicillin 250mg,6,4.0,24.0
2024-10-28,Chloramphenicol,13,6.0,78.0
2024-10-28,Ciprofloxacin 500mg,11,5.5,60.5
2024-10-28,Aspirin 325mg,4,0.8,3.2
2024-10-28,Vitamin B Complex,3,2.5,7.5
2024-10-28,Artemether IV,2,15.0,30.0
2024-10-28,Quinine 500mg,4,8.0,32.0
2024-10-28,Platelet Support,2,25.0,50.0
2024-10-29,Oseltamivir 75mg,15,12.0,180.0
2024-10-29,Paracetamol 500mg,24,1.5,36.0
2024-10-29,Vitamin C,12,0.8,9.600000000000001
2024-10-29,Cough Syrup,21,3.0,63.0
2024-10-29,Amoxicillin 250mg,12,4.0,48.0
2024-10-29,Chloramphenicol,6,6.0,36.0
2024-10-29,Ciprofloxacin 500mg,5,5.5,27.5
2024-10-29,Ibuprofen 200mg,8,1.0,8.0
2024-10-29,Aspirin 325mg,3,0.8,2.4000000000000004
2024-10-29,Vitamin B Complex,3,2.5,7.5
2024-10-29,Artemether IV,3,15.0,45.0
2024-10-29,Quinine 500mg,2,8.0,16.0
2024-10-29,Platelet Support,2,25.0,50.0
2024-10-30,Oseltamivir 75mg,19,12.0,228.0
2024-10-30,Paracetamol 500mg,19,1.5,28.5
2024-10-30,Vitamin C,13,0.8,10.4
2024-10-30,Cough Syrup,15,3.0,45.0
2024-10-30,Ibuprofen 200mg,7,1.0,7.0
2024-10-30,Aspirin 325mg,2,0.8,1.6
2024-10-30,Amoxicillin 250mg,1,4.0,4.0
2024-10-30,Ciprofloxacin 500mg,3,5.5,16.5
2024-10-30,Chloramphenicol,3,6.0,18.0
2024-10-30,Vitamin B Complex,5,2.5,12.5
2024-10-30,Artemether IV,1,15.0,15.0
2024-10-30,Quinine 500mg,3,8.0,24.0
2024-10-30,Platelet Support,4,25.0,100.0
2024-10-31,Oseltamivir 75mg,16,12.0,192.0
2024-10-31,Paracetamol 500mg,34,1.5,51.0
2024-10-31,Vitamin C,22,0.8,17.6
2024-10-31,Cough Syrup,17,3.0,51.0
2024-10-31,Platelet Support,7,25.0,175.0
2024-10-31,Ibuprofen 200mg,18,1.0,18.0
2024-10-31,Aspirin 325mg,1,0.8,0.8
2024-10-31,Amoxicillin 250mg,3,4.0,12.0
2024-10-31,Ciprofloxacin 500mg,2,5.5,11.0
2024-10-31,Chloramphenicol,4,6.0,24.0
2024-10-31,Vitamin B Complex,4,2.5,10.0
2024-10-31,Artemether IV,6,15.0,90.0
2024-10-31,Quinine 500mg,1,8.0,8.0
2024-11-01,Oseltamivir 75mg,11,12.0,132.0
2024-11-01,Paracetamol 500mg,25,1.5,37.5
2024-11-01,Vitamin C,38,0.8,30.400000000000002
2024-11-01,Cough Syrup,21,3.0,63.0
2024-11-01,Platelet Support,14,25.0,350.0
2024-11-01,Ibuprofen 200mg,21,1.0,21.0
2024-11-01,Aspirin 325mg,6,0.8,4.800000000000001
2024-11-01,Amoxicillin 250mg,1,4.0,4.0
2024-11-01,Ciprofloxacin 500mg,6,5.5,33.0
2024-11-01,Vitamin B Complex,2,2.5,5.0
2024-11-01,Artemether IV,4,15.0,60.0
2024-11-01,Quinine 500mg,6,8.0,48.0
2024-11-02,Oseltamivir 75mg,21,12.0,252.0
2024-11-02,Paracetamol 500mg,19,1.5,28.5
2024-11-02,Vitamin C,21,0.8,16.8
2024-11-02,Cough Syrup,10,3.0,30.0
2024-11-02,Platelet Support,9,25.0,225.0
2024-11-02,Ibuprofen 200mg,12,1.0,12.0
2024-11-02,Aspirin 325mg,3,0.8,2.4000000000000004
2024-11-02,Amoxicillin 250mg,1,4.0,4.0
2024-11-02,Ciprofloxacin 500mg,5,5.5,27.5
2024-11-02,Chloramphenicol,5,6.0,30.0
2024-11-02,Vitamin B Complex,3,2.5,7.5
2024-11-02,Artemether IV,1,15.0,15.0
2024-11-02,Quinine 500mg,6,8.0,48.0
2024-11-03,Oseltamivir 75mg,12,12.0,144.0
2024-11-03,Paracetamol 500mg,36,1.5,54.0
2024-11-03,Vitamin C,22,0.8,17.6
2024-11-03,Cough Syrup,22,3.0,66.0
2024-11-03,Platelet Support,16,25.0,400.0
2024-11-03,Ibuprofen 200mg,15,1.0,15.0
2024-11-03,Amoxicillin 250mg,4,4.0,16.0
2024-11-03,Chloramphenicol,9,6.0,54.0
2024-11-03,Ciprofloxacin 500mg,3,5.5,16.5
2024-11-03,Aspirin 325mg,3,0.8,2.4000000000000004
2024-11-03,Vitamin B Complex,2,2.5,5.0
2024-11-03,Artemether IV,2,15.0,30.0
2024-11-03,Quinine 500mg,3,8.0,24.0
2024-11-04,Oseltamivir 75mg,11,12.0,132.0
2024-11-04,Paracetamol 500mg,39,1.5,58.5
2024-11-04,Vitamin C,25,0.8,20.0
2024-11-04,Cough Syrup,21,3.0,63.0
2024-11-04,Platelet Support,13,25.0,325.0
2024-11-04,Ibuprofen 200mg,9,1.0,9.0
2024-11-04,Amoxicillin 250mg,11,4.0,44.0
2024-11-04,Chloramphenicol,9,6.0,54.0
2024-11-04,Ciprofloxacin 500mg,7,5.5,38.5
2024-11-04,Aspirin 325mg,4,0.8,3.2
2024-11-04,Vitamin B Complex,5,2.5,12.5
2024-11-04,Artemether IV,2,15.0,30.0
2024-11-04,Quinine 500mg,2,8.0,16.0
2024-11-05,Oseltamivir 75mg,20,12.0,240.0
2024-11-05,Paracetamol 500mg,19,1.5,28.5
2024-11-05,Vitamin C,22,0.8,17.6
2024-11-05,Cough Syrup,14,3.0,42.0
2024-11-05,Platelet Support,8,25.0,200.0
2024-11-05,Ibuprofen 200mg,8,1.0,8.0
2024-11-05,Amoxicillin 250mg,11,4.0,44.0
2024-11-05,Chloramphenicol,4,6.0,24.0
2024-11-05,Ciprofloxacin 500mg,11,5.5,60.5
2024-11-05,Aspirin 325mg,2,0.8,1.6
2024-11-05,Vitamin B Complex,3,2.5,7.5
2024-11-05,Artemether IV,5,15.0,75.0
2024-11-06,Oseltamivir 75mg,22,12.0,264.0
2024-11-06,Paracetamol 500mg,27,1.5,40.5
2024-11-06,Vitamin C,25,0.8,20.0
2024-11-06,Cough Syrup,9,3.0,27.0
2024-11-06,Platelet Support,11,25.0,275.0
2024-11-06,Ibuprofen 200mg,13,1.0,13.0
2024-11-06,Amoxicillin 250mg,20,4.0,80.0
2024-11-06,Chloramphenicol,8,6.0,48.0
2024-11-06,Ciprofloxacin 500mg,10,5.5,55.0
2024-11-06,Aspirin 325mg,1,0.8,0.8
2024-11-06,Vitamin B Complex,3,2.5,7.5
2024-11-06,Artemether IV,9,15.0,135.0
2024-11-06,Quinine 500mg,1,8.0,8.0
2024-11-07,Oseltamivir 75mg,15,12.0,180.0
2024-11-07,Paracetamol 500mg,48,1.5,72.0
2024-11-07,Vitamin C,37,0.8,29.6
2024-11-07,Cough Syrup,21,3.0,63.0
2024-11-07,Platelet Support,7,25.0,175.0
2024-11-07,Ibuprofen 200mg,18,1.0,18.0
2024-11-07,Amoxicillin 250mg,21,4.0,84.0
2024-11-07,Chloramphenicol,7,6.0,42.0
2024-11-07,Ciprofloxacin 500mg,17,5.5,93.5
2024-11-07,Aspirin 325mg,5,0.8,4.0
2024-11-07,Vitamin B Complex,3,2.5,7.5
2024-11-07,Artemether IV,4,15.0,60.0
2024-11-07,Quinine 500mg,1,8.0,8.0
2024-11-08,Oseltamivir 75mg,17,12.0,204.0
2024-11-08,Paracetamol 500mg,34,1.5,51.0
2024-11-08,Vitamin C,38,0.8,30.400000000000002
2024-11-08,Cough Syrup,29,3.0,87.0
2024-11-08,Platelet Support,15,25.0,375.0
2024-11-08,Ibuprofen 200mg,11,1.0,11.0
2024-11-08,Amoxicillin 250mg,7,4.0,28.0
2024-11-08,Ciprofloxacin 500mg,6,5.5,33.0
2024-11-08,Aspirin 325mg,1,0.8,0.8
2024-11-08,Chloramphenicol,2,6.0,12.0
2024-11-08,Vitamin B Complex,1,2.5,2.5
2024-11-08,Artemether IV,7,15.0,105.0
2024-11-08,Quinine 500mg,1,8.0,8.0
2024-11-09,Oseltamivir 75mg,14,12.0,168.0
2024-11-09,Paracetamol 500mg,40,1.5,60.0
2024-11-09,Vitamin C,47,0.8,37.6
2024-11-09,Cough Syrup,34,3.0,102.0
2024-11-09,Platelet Support,18,25.0,450.0
2024-11-09,Ibuprofen 200mg,29,1.0,29.0
2024-11-09,Amoxicillin 250mg,4,4.0,16.0
2024-11-09,Ciprofloxacin 500mg,9,5.5,49.5
2024-11-09,Aspirin 325mg,1,0.8,0.8
2024-11-09,Chloramphenicol,1,6.0,6.0
2024-11-09,Vitamin B Complex,2,2.5,5.0
2024-11-09,Artemether IV,1,15.0,15.0
2024-11-09,Quinine 500mg,4,8.0,32.0
2024-11-10,Oseltamivir 75mg,13,12.0,156.0
2024-11-10,Paracetamol 500mg,42,1.5,63.0
2024-11-10,Vitamin C,31,0.8,24.8
2024-11-10,Cough Syrup,21,3.0,63.0
2024-11-10,Platelet Support,22,25.0,550.0
2024-11-10,Ibuprofen 200mg,21,1.0,21.0
2024-11-10,Aspirin 325mg,3,0.8,2.4000000000000004
2024-11-10,Amoxicillin 250mg,5,4.0,20.0
2024-11-10,Ciprofloxacin 500mg,3,5.5,16.5
2024-11-10,Chloramphenicol,3,6.0,18.0
2024-11-10,Vitamin B Complex,5,2.5,12.5
2024-11-10,Artemether IV,2,15.0,30.0
2024-11-10,Quinine 500mg,2,8.0,16.0
2024-11-11,Oseltamivir 75mg,21,12.0,252.0
2024-11-11,Paracetamol 500mg,44,1.5,66.0
2024-11-11,Vitamin C,39,0.8,31.200000000000003
2024-11-11,Cough Syrup,25,3.0,75.0
2024-11-11,Platelet Support,18,25.0,450.0
2024-11-11,Ibuprofen 200mg,21,1.0,21.0
2024-11-11,Aspirin 325mg,2,0.8,1.6
2024-11-11,Amoxicillin 250mg,4,4.0,16.0
2024-11-11,Ciprofloxacin 500mg,3,5.5,16.5
2024-11-11,Chloramphenicol,4,6.0,24.0
2024-11-11,Vitamin B Complex,5,2.5,12.5
2024-11-11,Artemether IV,3,15.0,45.0
2024-11-11,Quinine 500mg,3,8.0,24.0
2024-11-12,Oseltamivir 75mg,16,12.0,192.0
2024-11-12,Paracetamol 500mg,29,1.5,43.5
2024-11-12,Vitamin C,40,0.8,32.0
2024-11-12,Cough Syrup,34,3.0,102.0
2024-11-12,Platelet Support,9,25.0,225.0
2024-11-12,Ibuprofen 200mg,23,1.0,23.0
2024-11-12,Amoxicillin 250mg,13,4.0,52.0
2024-11-12,Ciprofloxacin 500mg,6,5.5,33.0
2024-11-12,Aspirin 325mg,2,0.8,1.6
2024-11-12,Chloramphenicol,3,6.0,18.0
2024-11-12,Vitamin B Complex,2,2.5,5.0
2024-11-12,Artemether IV,1,15.0,15.0
2024-11-12,Quinine 500mg,2,8.0,16.0
2024-11-13,Oseltamivir 75mg,19,12.0,228.0
2024-11-13,Paracetamol 500mg,34,1.5,51.0
2024-11-13,Vitamin C,59,0.8,47.2
2024-11-13,Cough Syrup,30,3.0,90.0
2024-11-13,Platelet Support,24,25.0,600.0
2024-11-13,Ibuprofen 200mg,24,1.0,24.0
2024-11-13,Aspirin 325mg,4,0.8,3.2
2024-11-13,Ciprofloxacin 500mg,5,5.5,27.5
2024-11-13,Chloramphenicol,6,6.0,36.0
2024-11-13,Vitamin B Complex,5,2.5,12.5
2024-11-13,Artemether IV,4,15.0,60.0
2024-11-13,Quinine 500mg,2,8.0,16.0
2024-11-14,Oseltamivir 75mg,20,12.0,240.0
2024-11-14,Paracetamol 500mg,37,1.5,55.5
2024-11-14,Vitamin C,40,0.8,32.0
2024-11-14,Cough Syrup,26,3.0,78.0
2024-11-14,Platelet Support,11,25.0,275.0
2024-11-14,Ibuprofen 200mg,26,1.0,26.0
2024-11-14,Aspirin 325mg,3,0.8,2.4000000000000004
2024-11-14,Amoxicillin 250mg,2,4.0,8.0
2024-11-14,Ciprofloxacin 500mg,2,5.5,11.0
2024-11-14,Chloramphenicol,4,6.0,24.0
2024-11-14,Artemether IV,3,15.0,45.0
2024-11-14,Quinine 500mg,4,8.0,32.0
2024-11-15,Oseltamivir 75mg,13,12.0,156.0
2024-11-15,Paracetamol 500mg,54,1.5,81.0
2024-11-15,Vitamin C,34,0.8,27.200000000000003
2024-11-15,Cough Syrup,23,3.0,69.0
2024-11-15,Platelet Support,12,25.0,300.0
2024-11-15,Ibuprofen 200mg,31,1.0,31.0
2024-11-15,Amoxicillin 250mg,11,4.0,44.0
2024-11-15,Chloramphenicol,13,6.0,78.0
2024-11-15,Ciprofloxacin 500mg,24,5.5,132.0
2024-11-15,Aspirin 325mg,2,0.8,1.6
2024-11-15,Vitamin B Complex,2,2.5,5.0
2024-11-15,Artemether IV,2,15.0,30.0
2024-11-15,Quinine 500mg,5,8.0,40.0
2024-11-16,Oseltamivir 75mg,15,12.0,180.0
2024-11-16,Paracetamol 500mg,59,1.5,88.5
2024-11-16,Vitamin C,34,0.8,27.200000000000003
2024-11-16,Cough Syrup,33,3.0,99.0
2024-11-16,Platelet Support,14,25.0,350.0
2024-11-16,Ibuprofen 200mg,26,1.0,26.0
2024-11-16,Amoxicillin 250mg,12,4.0,48.0
2024-11-16,Chloramphenicol,14,6.0,84.0
2024-11-16,Ciprofloxacin 500mg,19,5.5,104.5
2024-11-16,Aspirin 325mg,1,0.8,0.8
2024-11-16,Vitamin B Complex,3,2.5,7.5
2024-11-16,Artemether IV,3,15.0,45.0
2024-11-16,Quinine 500mg,2,8.0,16.0
2024-11-17,Oseltamivir 75mg,12,12.0,144.0
2024-11-17,Paracetamol 500mg,46,1.5,69.0
2024-11-17,Vitamin C,46,0.8,36.800000000000004
2024-11-17,Cough Syrup,34,3.0,102.0
2024-11-17,Platelet Support,19,25.0,475.0
2024-11-17,Ibuprofen 200mg,26,1.0,26.0
2024-11-17,Amoxicillin 250mg,15,4.0,60.0
2024-11-17,Chloramphenicol,6,6.0,36.0
2024-11-17,Ciprofloxacin 500mg,10,5.5,55.0
2024-11-17,Aspirin 325mg,2,0.8,1.6
2024-11-17,Vitamin B Complex,3,2.5,7.5
2024-11-17,Artemether IV,2,15.0,30.0
2024-11-17,Quinine 500mg,2,8.0,16.0
2024-11-18,Oseltamivir 75mg,7,12.0,84.0
2024-11-18,Paracetamol 500mg,43,1.5,64.5
2024-11-18,Vitamin C,36,0.8,28.8
2024-11-18,Cough Syrup,33,3.0,99.0
2024-11-18,Platelet Support,21,25.0,525.0
2024-11-18,Ibuprofen 200mg,29,1.0,29.0
2024-11-18,Amoxicillin 250mg,13,4.0,52.0
2024-11-18,Chloramphenicol,11,6.0,66.0
2024-11-18,Ciprofloxacin 500mg,15,5.5,82.5
2024-11-18,Vitamin B Complex,2,2.5,5.0
2024-11-18,Artemether IV,2,15.0,30.0
2024-11-18,Quinine 500mg,1,8.0,8.0
2024-11-19,Oseltamivir 75mg,11,12.0,132.0
2024-11-19,Paracetamol 500mg,40,1.5,60.0
2024-11-19,Vitamin C,33,0.8,26.400000000000002
2024-11-19,Cough Syrup,27,3.0,81.0
2024-11-19,Platelet Support,16,25.0,400.0
2024-11-19,Ibuprofen 200mg,28,1.0,28.0
2024-11-19,Amoxicillin 250mg,16,4.0,64.0
2024-11-19,Ciprofloxacin 500mg,9,5.5,49.5
2024-11-19,Aspirin 325mg,6,0.8,4.800000000000001
2024-11-19,Chloramphenicol,2,6.0,12.0
2024-11-19,Vitamin B Complex,6,2.5,15.0
2024-11-19,Artemether IV,3,15.0,45.0
2024-11-19,Quinine 500mg,1,8.0,8.0
2024-11-20,Oseltamivir 75mg,16,12.0,192.0
2024-11-20,Paracetamol 500mg,34,1.5,51.0
2024-11-20,Vitamin C,29,0.8,23.200000000000003
2024-11-20,Cough Syrup,35,3.0,105.0
2024-11-20,Platelet Support,15,25.0,375.0
2024-11-20,Ibuprofen 200mg,17,1.0,17.0
2024-11-20,Amoxicillin 250mg,9,4.0,36.0
2024-11-20,Ciprofloxacin 500mg,11,5.5,60.5
2024-11-20,Aspirin 325mg,4,0.8,3.2
2024-11-20,Vitamin B Complex,5,2.5,12.5
2024-11-20,Artemether IV,4,15.0,60.0
2024-11-21,Oseltamivir 75mg,13,12.0,156.0
2024-11-21,Paracetamol 500mg,51,1.5,76.5
2024-11-21,Vitamin C,29,0.8,23.200000000000003
2024-11-21,Cough Syrup,32,3.0,96.0
2024-11-21,Platelet Support,13,25.0,325.0
2024-11-21,Ibuprofen 200mg,28,1.0,28.0
2024-11-21,Amoxicillin 250mg,15,4.0,60.0
2024-11-21,Chloramphenicol,10,6.0,60.0
2024-11-21,Ciprofloxacin 500mg,10,5.5,55.0
2024-11-21,Aspirin 325mg,1,0.8,0.8
2024-11-21,Vitamin B Complex,4,2.5,10.0
2024-11-21,Artemether IV,4,15.0,60.0
2024-11-21,Quinine 500mg,3,8.0,24.0
2024-11-22,Oseltamivir 75mg,13,12.0,156.0
2024-11-22,Paracetamol 500mg,55,1.5,82.5
2024-11-22,Vitamin C,49,0.8,39.2
2024-11-22,Cough Syrup,23,3.0,69.0
2024-11-22,Platelet Support,18,25.0,450.0
2024-11-22,Ibuprofen 200mg,28,1.0,28.0
2024-11-22,Amoxicillin 250mg,14,4.0,56.0
2024-11-22,Chloramphenicol,5,6.0,30.0
2024-11-22,Ciprofloxacin 500mg,19,5.5,104.5
2024-11-22,Aspirin 325mg,4,0.8,3.2
2024-11-22,Vitamin B Complex,3,2.5,7.5
2024-11-22,Artemether IV,6,15.0,90.0
2024-11-22,Quinine 500mg,1,8.0,8.0
2024-11-23,Oseltamivir 75mg,19,12.0,228.0
2024-11-23,Paracetamol 500mg,46,1.5,69.0
2024-11-23,Vitamin C,47,0.8,37.6
2024-11-23,Cough Syrup,38,3.0,114.0
2024-11-23,Platelet Support,14,25.0,350.0
2024-11-23,Ibuprofen 200mg,26,1.0,26.0
2024-11-23,Amoxicillin 250mg,14,4.0,56.0
2024-11-23,Chloramphenicol,16,6.0,96.0
2024-11-23,Ciprofloxacin 500mg,7,5.5,38.5
2024-11-23,Aspirin 325mg,2,0.8,1.6
2024-11-23,Vitamin B Complex,1,2.5,2.5
2024-11-23,Artemether IV,4,15.0,60.0
2024-11-24,Oseltamivir 75mg,9,12.0,108.0
2024-11-24,Paracetamol 500mg,47,1.5,70.5
2024-11-24,Vitamin C,37,0.8,29.6
2024-11-24,Cough Syrup,32,3.0,96.0
2024-11-24,Platelet Support,16,25.0,400.0
2024-11-24,Ibuprofen 200mg,37,1.0,37.0
2024-11-24,Amoxicillin 250mg,9,4.0,36.0
2024-11-24,Chloramphenicol,7,6.0,42.0
2024-11-24,Ciprofloxacin 500mg,23,5.5,126.5
2024-11-24,Aspirin 325mg,2,0.8,1.6
2024-11-24,Vitamin B Complex,4,2.5,10.0
2024-11-24,Artemether IV,6,15.0,90.0
2024-11-24,Quinine 500mg,2,8.0,16.0
2024-11-25,Oseltamivir 75mg,10,12.0,120.0
2024-11-25,Paracetamol 500mg,60,1.5,90.0
2024-11-25,Vitamin C,40,0.8,32.0
2024-11-25,Cough Syrup,37,3.0,111.0
2024-11-25,Platelet Support,17,25.0,425.0
2024-11-25,Ibuprofen 200mg,31,1.0,31.0
2024-11-25,Amoxicillin 250mg,15,4.0,60.0
2024-11-25,Chloramphenicol,8,6.0,48.0
2024-11-25,Ciprofloxacin 500mg,14,5.5,77.0
2024-11-25,Vitamin B Complex,3,2.5,7.5
2024-11-25,Quinine 500mg,3,8.0,24.0
2024-11-26,Oseltamivir 75mg,12,12.0,144.0
2024-11-26,Paracetamol 500mg,48,1.5,72.0
2024-11-26,Vitamin C,32,0.8,25.6
2024-11-26,Cough Syrup,28,3.0,84.0
2024-11-26,Platelet Support,21,25.0,525.0
2024-11-26,Ibuprofen 200mg,29,1.0,29.0
2024-11-26,Amoxicillin 250mg,7,4.0,28.0
2024-11-26,Ciprofloxacin 500mg,4,5.5,22.0
2024-11-26,Aspirin 325mg,4,0.8,3.2
2024-11-26,Chloramphenicol,3,6.0,18.0
2024-11-26,Vitamin B Complex,1,2.5,2.5
2024-11-26,Artemether IV,4,15.0,60.0
2024-11-26,Quinine 500mg,2,8.0,16.0
2024-11-27,Oseltamivir 75mg,8,12.0,96.0
2024-11-27,Paracetamol 500mg,55,1.5,82.5
2024-11-27,Vitamin C,41,0.8,32.800000000000004
2024-11-27,Cough Syrup,35,3.0,105.0
2024-11-27,Platelet Support,17,25.0,425.0
2024-11-27,Ibuprofen 200mg,35,1.0,35.0
2024-11-27,Amoxicillin 250mg,12,4.0,48.0
2024-11-27,Ciprofloxacin 500mg,9,5.5,49.5
2024-11-27,Aspirin 325mg,4,0.8,3.2
2024-11-27,Chloramphenicol,5,6.0,30.0
2024-11-27,Vitamin B Complex,3,2.5,7.5
2024-11-27,Artemether IV,4,15.0,60.0
2024-11-27,Quinine 500mg,1,8.0,8.0
2024-11-28,Oseltamivir 75mg,12,12.0,144.0
2024-11-28,Paracetamol 500mg,47,1.5,70.5
2024-11-28,Vitamin C,44,0.8,35.2
2024-11-28,Cough Syrup,39,3.0,117.0
2024-11-28,Platelet Support,13,25.0,325.0
2024-11-28,Ibuprofen 200mg,19,1.0,19.0
2024-11-28,Amoxicillin 250mg,24,4.0,96.0
2024-11-28,Chloramphenicol,7,6.0,42.0
2024-11-28,Ciprofloxacin 500mg,17,5.5,93.5
2024-11-28,Aspirin 325mg,2,0.8,1.6
2024-11-28,Vitamin B Complex,2,2.5,5.0
2024-11-28,Artemether IV,5,15.0,75.0
2024-11-28,Quinine 500mg,4,8.0,32.0
2024-11-29,Oseltamivir 75mg,15,12.0,180.0
2024-11-29,Paracetamol 500mg,59,1.5,88.5
2024-11-29,Vitamin C,34,0.8,27.200000000000003
2024-11-29,Cough Syrup,15,3.0,45.0
2024-11-29,Artemether IV,7,15.0,105.0
2024-11-29,Quinine 500mg,3,8.0,24.0
2024-11-29,Ibuprofen 200mg,24,1.0,24.0
2024-11-29,Platelet Support,10,25.0,250.0
2024-11-29,Amoxicillin 250mg,7,4.0,28.0
2024-11-29,Chloramphenicol,10,6.0,60.0
2024-11-29,Ciprofloxacin 500mg,21,5.5,115.5
2024-11-29,Aspirin 325mg,6,0.8,4.800000000000001
2024-11-30,Oseltamivir 75mg,22,12.0,264.0
2024-11-30,Paracetamol 500mg,53,1.5,79.5
2024-11-30,Cough Syrup,28,3.0,84.0
2024-11-30,Ibuprofen 200mg,38,1.0,38.0
2024-11-30,Vitamin C,30,0.8,24.0
2024-11-30,Artemether IV,5,15.0,75.0
2024-11-30,Quinine 500mg,7,8.0,56.0
2024-11-30,Platelet Support,16,25.0,400.0
2024-11-30,Amoxicillin 250mg,10,4.0,40.0
2024-11-30,Ciprofloxacin 500mg,9,5.5,49.5
2024-11-30,Aspirin 325mg,2,0.8,1.6
2024-11-30,Chloramphenicol,2,6.0,12.0
2024-11-30,Vitamin B Complex,4,2.5,10.0
2024-12-01,Oseltamivir 75mg,26,12.0,312.0
2024-12-01,Paracetamol 500mg,55,1.5,82.5
2024-12-01,Cough Syrup,32,3.0,96.0
2024-12-01,Ibuprofen 200mg,25,1.0,25.0
2024-12-01,Vitamin C,32,0.8,25.6
2024-12-01,Artemether IV,9,15.0,135.0
2024-12-01,Quinine 500mg,6,8.0,48.0
2024-12-01,Platelet Support,22,25.0,550.0
2024-12-01,Amoxicillin 250mg,13,4.0,52.0
2024-12-01,Chloramphenicol,15,6.0,90.0
2024-12-01,Ciprofloxacin 500mg,11,5.5,60.5
2024-12-01,Aspirin 325mg,6,0.8,4.800000000000001
2024-12-01,Vitamin B Complex,2,2.5,5.0
2024-12-02,Oseltamivir 75mg,26,12.0,312.0
2024-12-02,Paracetamol 500mg,59,1.5,88.5
2024-12-02,Cough Syrup,33,3.0,99.0
2024-12-02,Ibuprofen 200mg,32,1.0,32.0
2024-12-02,Vitamin C,31,0.8,24.8
2024-12-02,Artemether IV,10,15.0,150.0
2024-12-02,Quinine 500mg,6,8.0,48.0
2024-12-02,Platelet Support,15,25.0,375.0
2024-12-02,Amoxicillin 250mg,14,4.0,56.0
2024-12-02,Chloramphenicol,7,6.0,42.0
2024-12-02,Ciprofloxacin 500mg,12,5.5,66.0
2024-12-02,Aspirin 325mg,3,0.8,2.4000000000000004
2024-12-02,Vitamin B Complex,2,2.5,5.0
2024-12-03,Oseltamivir 75mg,18,12.0,216.0
2024-12-03,Paracetamol 500mg,74,1.5,111.0
2024-12-03,Cough Syrup,51,3.0,153.0
2024-12-03,Ibuprofen 200mg,41,1.0,41.0
2024-12-03,Vitamin C,42,0.8,33.6
2024-12-03,Artemether IV,12,15.0,180.0
2024-12-03,Quinine 500mg,14,8.0,112.0
2024-12-03,Platelet Support,12,25.0,300.0
2024-12-03,Amoxicillin 250mg,17,4.0,68.0
2024-12-03,Chloramphenicol,7,6.0,42.0
2024-12-03,Ciprofloxacin 500mg,17,5.5,93.5
2024-12-03,Aspirin 325mg,4,0.8,3.2
2024-12-03,Vitamin B Complex,4,2.5,10.0
2024-12-04,Oseltamivir 75mg,26,12.0,312.0
2024-12-04,Paracetamol 500mg,63,1.5,94.5
2024-12-04,Cough Syrup,31,3.0,93.0
2024-12-04,Ibuprofen 200mg,39,1.0,39.0
2024-12-04,Vitamin C,36,0.8,28.8
2024-12-04,Artemether IV,11,15.0,165.0
2024-12-04,Quinine 500mg,13,8.0,104.0
2024-12-04,Platelet Support,17,25.0,425.0
2024-12-04,Amoxicillin 250mg,4,4.0,16.0
2024-12-04,Chloramphenicol,6,6.0,36.0
2024-12-04,Ciprofloxacin 500mg,9,5.5,49.5
2024-12-04,Aspirin 325mg,1,0.8,0.8
2024-12-04,Vitamin B Complex,2,2.5,5.0
2024-12-05,Oseltamivir 75mg,16,12.0,192.0
2024-12-05,Paracetamol 500mg,63,1.5,94.5
2024-12-05,Vitamin C,53,0.8,42.400000000000006
2024-12-05,Cough Syrup,35,3.0,105.0
2024-12-05,Artemether IV,8,15.0,120.0
2024-12-05,Quinine 500mg,9,8.0,72.0
2024-12-05,Ibuprofen 200mg,33,1.0,33.0
2024-12-05,Platelet Support,21,25.0,525.0
2024-12-05,Amoxicillin 250mg,16,4.0,64.0
2024-12-05,Chloramphenicol,9,6.0,54.0
2024-12-05,Ciprofloxacin 500mg,5,5.5,27.5
2024-12-05,Aspirin 325mg,1,0.8,0.8
2024-12-05,Vitamin B Complex,2,2.5,5.0
2024-12-06,Oseltamivir 75mg,19,12.0,228.0
2024-12-06,Paracetamol 500mg,38,1.5,57.0
2024-12-06,Vitamin C,38,0.8,30.400000000000002
2024-12-06,Cough Syrup,27,3.0,81.0
2024-12-06,Platelet Support,14,25.0,350.0
2024-12-06,Ibuprofen 200mg,31,1.0,31.0
2024-12-06,Aspirin 325mg,5,0.8,4.0
2024-12-06,Ciprofloxacin 500mg,3,5.5,16.5
2024-12-06,Chloramphenicol,1,6.0,6.0
2024-12-06,Vitamin B Complex,2,2.5,5.0
2024-12-06,Artemether IV,5,15.0,75.0
2024-12-06,Quinine 500mg,2,8.0,16.0
2024-12-07,Oseltamivir 75mg,27,12.0,324.0
2024-12-07,Paracetamol 500mg,54,1.5,81.0
2024-12-07,Vitamin C,37,0.8,29.6
2024-12-07,Cough Syrup,35,3.0,105.0
2024-12-07,Artemether IV,7,15.0,105.0
2024-12-07,Quinine 500mg,7,8.0,56.0
2024-12-07,Ibuprofen 200mg,22,1.0,22.0
2024-12-07,Platelet Support,12,25.0,300.0
2024-12-07,Amoxicillin 250mg,12,4.0,48.0
2024-12-07,Ciprofloxacin 500mg,8,5.5,44.0
2024-12-07,Aspirin 325mg,7,0.8,5.6000000000000005
2024-12-07,Chloramphenicol,4,6.0,24.0
2024-12-07,Vitamin B Complex,5,2.5,12.5
2024-12-08,Oseltamivir 75mg,15,12.0,180.0
2024-12-08,Paracetamol 500mg,42,1.5,63.0
2024-12-08,Vitamin C,44,0.8,35.2
2024-12-08,Cough Syrup,30,3.0,90.0
2024-12-08,Artemether IV,8,15.0,120.0
2024-12-08,Quinine 500mg,10,8.0,80.0
2024-12-08,Ibuprofen 200mg,20,1.0,20.0
2024-12-08,Platelet Support,15,25.0,375.0
2024-12-08,Amoxicillin 250mg,10,4.0,40.0
2024-12-08,Ciprofloxacin 500mg,13,5.5,71.5
2024-12-08,Aspirin 325mg,8,0.8,6.4
2024-12-08,Chloramphenicol,2,6.0,12.0
2024-12-08,Vitamin B Complex,2,2.5,5.0
2024-12-09,Oseltamivir 75mg,25,12.0,300.0
2024-12-09,Paracetamol 500mg,60,1.5,90.0
2024-12-09,Vitamin C,36,0.8,28.8
2024-12-09,Cough Syrup,35,3.0,105.0
2024-12-09,Artemether IV,7,15.0,105.0
2024-12-09,Quinine 500mg,7,8.0,56.0
2024-12-09,Ibuprofen 200mg,29,1.0,29.0
2024-12-09,Platelet Support,10,25.0,250.0
2024-12-09,Amoxicillin 250mg,9,4.0,36.0
2024-12-09,Ciprofloxacin 500mg,9,5.5,49.5
2024-12-09,Aspirin 325mg,3,0.8,2.4000000000000004
2024-12-09,Chloramphenicol,1,6.0,6.0
2024-12-09,Vitamin B Complex,2,2.5,5.0
2024-12-10,Oseltamivir 75mg,13,12.0,156.0
2024-12-10,Paracetamol 500mg,40,1.5,60.0
2024-12-10,Vitamin C,23,0.8,18.400000000000002
2024-12-10,Cough Syrup,30,3.0,90.0
2024-12-10,Artemether IV,13,15.0,195.0
2024-12-10,Quinine 500mg,14,8.0,112.0
2024-12-10,Ibuprofen 200mg,21,1.0,21.0
2024-12-10,Amoxicillin 250mg,12,4.0,48.0
2024-12-10,Chloramphenicol,6,6.0,36.0
2024-12-10,Ciprofloxacin 500mg,12,5.5,66.0
2024-12-10,Aspirin 325mg,3,0.8,2.4000000000000004
2024-12-10,Vitamin B Complex,2,2.5,5.0
2024-12-10,Platelet Support,4,25.0,100.0
2024-12-11,Oseltamivir 75mg,11,12.0,132.0
2024-12-11,Paracetamol 500mg,33,1.5,49.5
2024-12-11,Vitamin C,22,0.8,17.6
2024-12-11,Cough Syrup,20,3.0,60.0
2024-12-11,Artemether IV,8,15.0,120.0
2024-12-11,Quinine 500mg,11,8.0,88.0
2024-12-11,Ibuprofen 200mg,13,1.0,13.0
2024-12-11,Amoxicillin 250mg,9,4.0,36.0
2024-12-11,Chloramphenicol,8,6.0,48.0
2024-12-11,Ciprofloxacin 500mg,9,5.5,49.5
2024-12-11,Aspirin 325mg,5,0.8,4.0
2024-12-11,Vitamin B Complex,3,2.5,7.5
2024-12-11,Platelet Support,9,25.0,225.0
2024-12-12,Oseltamivir 75mg,18,12.0,216.0
2024-12-12,Paracetamol 500mg,54,1.5,81.0
2024-12-12,Cough Syrup,30,3.0,90.0
2024-12-12,Ibuprofen 200mg,19,1.0,19.0
2024-12-12,Vitamin C,22,0.8,17.6
2024-12-12,Artemether IV,10,15.0,150.0
2024-12-12,Quinine 500mg,7,8.0,56.0
2024-12-12,Amoxicillin 250mg,6,4.0,24.0
2024-12-12,Chloramphenicol,7,6.0,42.0
2024-12-12,Ciprofloxacin 500mg,8,5.5,44.0
2024-12-12,Aspirin 325mg,5,0.8,4.0
2024-12-12,Vitamin B Complex,1,2.5,2.5
2024-12-12,Platelet Support,2,25.0,50.0
2024-12-13,Oseltamivir 75mg,9,12.0,108.0
2024-12-13,Paracetamol 500mg,32,1.5,48.0
2024-12-13,Vitamin C,25,0.8,20.0
2024-12-13,Cough Syrup,19,3.0,57.0
2024-12-13,Artemether IV,12,15.0,180.0
2024-12-13,Quinine 500mg,14,8.0,112.0
2024-12-13,Ibuprofen 200mg,15,1.0,15.0
2024-12-13,Amoxicillin 250mg,5,4.0,20.0
2024-12-13,Chloramphenicol,9,6.0,54.0
2024-12-13,Ciprofloxacin 500mg,3,5.5,16.5
2024-12-13,Aspirin 325mg,2,0.8,1.6
2024-12-13,Vitamin B Complex,1,2.5,2.5
2024-12-13,Platelet Support,2,25.0,50.0
2024-12-14,Oseltamivir 75mg,14,12.0,168.0
2024-12-14,Paracetamol 500mg,51,1.5,76.5
2024-12-14,Vitamin C,25,0.8,20.0
2024-12-14,Cough Syrup,26,3.0,78.0
2024-12-14,Artemether IV,10,15.0,150.0
2024-12-14,Quinine 500mg,24,8.0,192.0
2024-12-14,Ibuprofen 200mg,20,1.0,20.0
2024-12-14,Amoxicillin 250mg,12,4.0,48.0
2024-12-14,Chloramphenicol,10,6.0,60.0
2024-12-14,Ciprofloxacin 500mg,6,5.5,33.0
2024-12-14,Aspirin 325mg,2,0.8,1.6
2024-12-14,Vitamin B Complex,1,2.5,2.5
2024-12-14,Platelet Support,2,25.0,50.0
2024-12-15,Oseltamivir 75mg,19,12.0,228.0
2024-12-15,Paracetamol 500mg,35,1.5,52.5
2024-12-15,Vitamin C,22,0.8,17.6
2024-12-15,Cough Syrup,29,3.0,87.0
2024-12-15,Artemether IV,13,15.0,195.0
2024-12-15,Quinine 500mg,11,8.0,88.0
2024-12-15,Ibuprofen 200mg,19,1.0,19.0
2024-12-15,Amoxicillin 250mg,11,4.0,44.0
2024-12-15,Chloramphenicol,9,6.0,54.0
2024-12-15,Ciprofloxacin 500mg,3,5.5,16.5
2024-12-15,Aspirin 325mg,2,0.8,1.6
2024-12-15,Vitamin B Complex,7,2.5,17.5
2024-12-15,Platelet Support,4,25.0,100.0
2024-12-16,Oseltamivir 75mg,12,12.0,144.0
2024-12-16,Paracetamol 500mg,49,1.5,73.5
2024-12-16,Vitamin C,27,0.8,21.6
2024-12-16,Cough Syrup,35,3.0,105.0
2024-12-16,Artemether IV,6,15.0,90.0
2024-12-16,Quinine 500mg,12,8.0,96.0
2024-12-16,Ibuprofen 200mg,32,1.0,32.0
2024-12-16,Amoxicillin 250mg,16,4.0,64.0
2024-12-16,Chloramphenicol,13,6.0,78.0
2024-12-16,Ciprofloxacin 500mg,12,5.5,66.0
2024-12-16,Aspirin 325mg,2,0.8,1.6
2024-12-16,Platelet Support,4,25.0,100.0
2024-12-17,Artemether IV,8,15.0,120.0
2024-12-17,Paracetamol 500mg,34,1.5,51.0
2024-12-17,Quinine 500mg,11,8.0,88.0
2024-12-17,Ibuprofen 200mg,27,1.0,27.0
2024-12-17,Amoxicillin 250mg,6,4.0,24.0
2024-12-17,Chloramphenicol,15,6.0,90.0
2024-12-17,Ciprofloxacin 500mg,8,5.5,44.0
2024-12-17,Cough Syrup,10,3.0,30.0
2024-12-17,Vitamin C,10,0.8,8.0
2024-12-17,Aspirin 325mg,5,0.8,4.0
2024-12-17,Oseltamivir 75mg,2,12.0,24.0
2024-12-17,Vitamin B Complex,5,2.5,12.5
2024-12-17,Platelet Support,4,25.0,100.0
2024-12-18,Artemether IV,4,15.0,60.0
2024-12-18,Paracetamol 500mg,30,1.5,45.0
2024-12-18,Quinine 500mg,13,8.0,104.0
2024-12-18,Ibuprofen 200mg,17,1.0,17.0
2024-12-18,Amoxicillin 250mg,12,4.0,48.0
2024-12-18,Chloramphenicol,9,6.0,54.0
2024-12-18,Ciprofloxacin 500mg,22,5.5,121.0
2024-12-18,Cough Syrup,16,3.0,48.0
2024-12-18,Vitamin C,15,0.8,12.0
2024-12-18,Aspirin 325mg,2,0.8,1.6
2024-12-18,Oseltamivir 75mg,3,12.0,36.0
2024-12-18,Vitamin B Complex,2,2.5,5.0
2024-12-18,Platelet Support,6,25.0,150.0
2024-12-19,Artemether IV,13,15.0,195.0
2024-12-19,Paracetamol 500mg,46,1.5,69.0
2024-12-19,Quinine 500mg,11,8.0,88.0
2024-12-19,Ibuprofen 200mg,39,1.0,39.0
2024-12-19,Platelet Support,12,25.0,300.0
2024-12-19,Vitamin C,19,0.8,15.200000000000001
2024-12-19,Amoxicillin 250mg,19,4.0,76.0
2024-12-19,Chloramphenicol,14,6.0,84.0
2024-12-19,Ciprofloxacin 500mg,17,5.5,93.5
2024-12-19,Cough Syrup,23,3.0,69.0
2024-12-19,Aspirin 325mg,2,0.8,1.6
2024-12-19,Oseltamivir 75mg,3,12.0,36.0
2024-12-19,Vitamin B Complex,1,2.5,2.5
2024-12-20,Artemether IV,10,15.0,150.0
2024-12-20,Paracetamol 500mg,43,1.5,64.5
2024-12-20,Quinine 500mg,12,8.0,96.0
2024-12-20,Ibuprofen 200mg,34,1.0,34.0
2024-12-20,Platelet Support,5,25.0,125.0
2024-12-20,Vitamin C,21,0.8,16.8
2024-12-20,Amoxicillin 250mg,13,4.0,52.0
2024-12-20,Chloramphenicol,11,6.0,66.0
2024-12-20,Ciprofloxacin 500mg,20,5.5,110.0
2024-12-20,Cough Syrup,18,3.0,54.0
2024-12-20,Aspirin 325mg,2,0.8,1.6
2024-12-20,Oseltamivir 75mg,1,12.0,12.0
2024-12-20,Vitamin B Complex,3,2.5,7.5
2024-12-21,Oseltamivir 75mg,8,12.0,96.0
2024-12-21,Paracetamol 500mg,53,1.5,79.5
2024-12-21,Vitamin C,34,0.8,27.200000000000003
2024-12-21,Cough Syrup,25,3.0,75.0
2024-12-21,Artemether IV,17,15.0,255.0
2024-12-21,Quinine 500mg,16,8.0,128.0
2024-12-21,Ibuprofen 200mg,34,1.0,34.0
2024-12-21,Platelet Support,8,25.0,200.0
2024-12-21,Amoxicillin 250mg,17,4.0,68.0
2024-12-21,Chloramphenicol,8,6.0,48.0
2024-12-21,Ciprofloxacin 500mg,13,5.5,71.5
2024-12-21,Aspirin 325mg,6,0.8,4.800000000000001
2024-12-21,Vitamin B Complex,4,2.5,10.0
2024-12-22,Oseltamivir 75mg,10,12.0,120.0
2024-12-22,Paracetamol 500mg,57,1.5,85.5
2024-12-22,Vitamin C,34,0.8,27.200000000000003
2024-12-22,Cough Syrup,22,3.0,66.0
2024-12-22,Artemether IV,18,15.0,270.0
2024-12-22,Quinine 500mg,9,8.0,72.0
2024-12-22,Ibuprofen 200mg,32,1.0,32.0
2024-12-22,Platelet Support,10,25.0,250.0
2024-12-22,Amoxicillin 250mg,12,4.0,48.0
2024-12-22,Chloramphenicol,16,6.0,96.0
2024-12-22,Ciprofloxacin 500mg,13,5.5,71.5
2024-12-22,Aspirin 325mg,3,0.8,2.4000000000000004
2024-12-22,Vitamin B Complex,2,2.5,5.0
2024-12-23,Oseltamivir 75mg,6,12.0,72.0
2024-12-23,Paracetamol 500mg,44,1.5,66.0
2024-12-23,Vitamin C,26,0.8,20.8
2024-12-23,Cough Syrup,23,3.0,69.0
2024-12-23,Artemether IV,10,15.0,150.0
2024-12-23,Quinine 500mg,16,8.0,128.0
2024-12-23,Ibuprofen 200mg,39,1.0,39.0
2024-12-23,Platelet Support,5,25.0,125.0
2024-12-23,Amoxicillin 250mg,12,4.0,48.0
2024-12-23,Chloramphenicol,10,6.0,60.0
2024-12-23,Ciprofloxacin 500mg,11,5.5,60.5
2024-12-23,Aspirin 325mg,4,0.8,3.2
2024-12-23,Vitamin B Complex,4,2.5,10.0
2024-12-24,Oseltamivir 75mg,12,12.0,144.0
2024-12-24,Paracetamol 500mg,46,1.5,69.0
2024-12-24,Vitamin C,29,0.8,23.200000000000003
2024-12-24,Cough Syrup,33,3.0,99.0
2024-12-24,Artemether IV,17,15.0,255.0
2024-12-24,Quinine 500mg,21,8.0,168.0
2024-12-24,Ibuprofen 200mg,35,1.0,35.0
2024-12-24,Platelet Support,2,25.0,50.0
2024-12-24,Amoxicillin 250mg,19,4.0,76.0
2024-12-24,Chloramphenicol,12,6.0,72.0
2024-12-24,Ciprofloxacin 500mg,11,5.5,60.5
2024-12-24,Aspirin 325mg,2,0.8,1.6
2024-12-24,Vitamin B Complex,5,2.5,12.5
2024-12-25,Oseltamivir 75mg,10,12.0,120.0
2024-12-25,Paracetamol 500mg,62,1.5,93.0
2024-12-25,Vitamin C,22,0.8,17.6
2024-12-25,Cough Syrup,27,3.0,81.0
2024-12-25,Artemether IV,21,15.0,315.0
2024-12-25,Quinine 500mg,15,8.0,120.0
2024-12-25,Ibuprofen 200mg,39,1.0,39.0
2024-12-25,Platelet Support,11,25.0,275.0
2024-12-25,Amoxicillin 250mg,14,4.0,56.0
2024-12-25,Chloramphenicol,6,6.0,36.0
2024-12-25,Ciprofloxacin 500mg,8,5.5,44.0
2024-12-25,Aspirin 325mg,4,0.8,3.2
2024-12-25,Vitamin B Complex,3,2.5,7.5
2024-12-26,Oseltamivir 75mg,13,12.0,156.0
2024-12-26,Paracetamol 500mg,57,1.5,85.5
2024-12-26,Cough Syrup,38,3.0,114.0
2024-12-26,Ibuprofen 200mg,48,1.0,48.0
2024-12-26,Vitamin C,31,0.8,24.8
2024-12-26,Artemether IV,20,15.0,300.0
2024-12-26,Quinine 500mg,8,8.0,64.0
2024-12-26,Platelet Support,9,25.0,225.0
2024-12-26,Amoxicillin 250mg,8,4.0,32.0
2024-12-26,Chloramphenicol,8,6.0,48.0
2024-12-26,Ciprofloxacin 500mg,9,5.5,49.5
2024-12-26,Aspirin 325mg,3,0.8,2.4000000000000004
2024-12-26,Vitamin B Complex,3,2.5,7.5
2024-12-27,Oseltamivir 75mg,19,12.0,228.0
2024-12-27,Paracetamol 500mg,59,1.5,88.5
2024-12-27,Cough Syrup,35,3.0,105.0
2024-12-27,Ibuprofen 200mg,39,1.0,39.0
2024-12-27,Vitamin C,23,0.8,18.400000000000002
2024-12-27,Artemether IV,20,15.0,300.0
2024-12-27,Quinine 500mg,12,8.0,96.0
2024-12-27,Platelet Support,11,25.0,275.0
2024-12-27,Amoxicillin 250mg,15,4.0,60.0
2024-12-27,Chloramphenicol,8,6.0,48.0
2024-12-27,Ciprofloxacin 500mg,4,5.5,22.0
2024-12-27,Vitamin B Complex,4,2.5,10.0
2024-12-28,Oseltamivir 75mg,24,12.0,288.0
2024-12-28,Paracetamol 500mg,63,1.5,94.5
2024-12-28,Cough Syrup,38,3.0,114.0
2024-12-28,Ibuprofen 200mg,37,1.0,37.0
2024-12-28,Vitamin C,30,0.8,24.0
2024-12-28,Artemether IV,14,15.0,210.0
2024-12-28,Quinine 500mg,16,8.0,128.0
2024-12-28,Platelet Support,12,25.0,300.0
2024-12-28,Amoxicillin 250mg,12,4.0,48.0
2024-12-28,Chloramphenicol,13,6.0,78.0
2024-12-28,Ciprofloxacin 500mg,9,5.5,49.5
2024-12-28,Vitamin B Complex,3,2.5,7.5
2024-12-29,Oseltamivir 75mg,20,12.0,240.0
2024-12-29,Paracetamol 500mg,60,1.5,90.0
2024-12-29,Cough Syrup,33,3.0,99.0
2024-12-29,Ibuprofen 200mg,46,1.0,46.0
2024-12-29,Vitamin C,37,0.8,29.6
2024-12-29,Artemether IV,17,15.0,255.0
2024-12-29,Quinine 500mg,14,8.0,112.0
2024-12-29,Amoxicillin 250mg,13,4.0,52.0
2024-12-29,Chloramphenicol,8,6.0,48.0
2024-12-29,Ciprofloxacin 500mg,13,5.5,71.5
2024-12-29,Aspirin 325mg,3,0.8,2.4000000000000004
2024-12-29,Vitamin B Complex,2,2.5,5.0
2024-12-29,Platelet Support,5,25.0,125.0
2024-12-30,Oseltamivir 75mg,21,12.0,252.0
2024-12-30,Paracetamol 500mg,42,1.5,63.0
2024-12-30,Cough Syrup,35,3.0,105.0
2024-12-30,Ibuprofen 200mg,41,1.0,41.0
2024-12-30,Vitamin C,27,0.8,21.6
2024-12-30,Artemether IV,17,15.0,255.0
2024-12-30,Quinine 500mg,24,8.0,192.0
2024-12-30,Amoxicillin 250mg,10,4.0,40.0
2024-12-30,Chloramphenicol,11,6.0,66.0
2024-12-30,Ciprofloxacin 500mg,12,5.5,66.0
2024-12-30,Aspirin 325mg,3,0.8,2.4000000000000004
2024-12-30,Vitamin B Complex,4,2.5,10.0
2024-12-30,Platelet Support,4,25.0,100.0
2024-12-31,Oseltamivir 75mg,24,12.0,288.0
2024-12-31,Paracetamol 500mg,53,1.5,79.5
2024-12-31,Cough Syrup,30,3.0,90.0
2024-12-31,Ibuprofen 200mg,46,1.0,46.0
2024-12-31,Vitamin C,26,0.8,20.8
2024-12-31,Artemether IV,20,15.0,300.0
2024-12-31,Quinine 500mg,15,8.0,120.0
2024-12-31,Platelet Support,10,25.0,250.0
2024-12-31,Amoxicillin 250mg,12,4.0,48.0
2024-12-31,Chloramphenicol,20,6.0,120.0
2024-12-31,Ciprofloxacin 500mg,15,5.5,82.5
2024-12-31,Aspirin 325mg,6,0.8,4.800000000000001
2024-12-31,Vitamin B Complex,1,2.5,2.5
2025-01-01,Oseltamivir 75mg,21,12.0,252.0
2025-01-01,Paracetamol 500mg,72,1.5,108.0
2025-01-01,Cough Syrup,33,3.0,99.0
2025-01-01,Ibuprofen 200mg,36,1.0,36.0
2025-01-01,Vitamin C,30,0.8,24.0
2025-01-01,Artemether IV,15,15.0,225.0
2025-01-01,Quinine 500mg,19,8.0,152.0
2025-01-01,Platelet Support,7,25.0,175.0
2025-01-01,Amoxicillin 250mg,13,4.0,52.0
2025-01-01,Chloramphenicol,11,6.0,66.0
2025-01-01,Ciprofloxacin 500mg,9,5.5,49.5
2025-01-01,Aspirin 325mg,1,0.8,0.8
2025-01-01,Vitamin B Complex,1,2.5,2.5
2025-01-02,Oseltamivir 75mg,21,12.0,252.0
2025-01-02,Paracetamol 500mg,47,1.5,70.5
2025-01-02,Cough Syrup,30,3.0,90.0
2025-01-02,Ibuprofen 200mg,28,1.0,28.0
2025-01-02,Vitamin C,28,0.8,22.400000000000002
2025-01-02,Artemether IV,7,15.0,105.0
2025-01-02,Quinine 500mg,11,8.0,88.0
2025-01-02,Amoxicillin 250mg,11,4.0,44.0
2025-01-02,Chloramphenicol,15,6.0,90.0
2025-01-02,Ciprofloxacin 500mg,14,5.5,77.0
2025-01-02,Aspirin 325mg,3,0.8,2.4000000000000004
2025-01-02,Vitamin B Complex,2,2.5,5.0
2025-01-02,Platelet Support,3,25.0,75.0
2025-01-03,Oseltamivir 75mg,16,12.0,192.0
2025-01-03,Paracetamol 500mg,51,1.5,76.5
2025-01-03,Cough Syrup,27,3.0,81.0
2025-01-03,Ibuprofen 200mg,34,1.0,34.0
2025-01-03,Vitamin C,28,0.8,22.400000000000002
2025-01-03,Artemether IV,8,15.0,120.0
2025-01-03,Quinine 500mg,19,8.0,152.0
2025-01-03,Amoxicillin 250mg,12,4.0,48.0
2025-01-03,Chloramphenicol,10,6.0,60.0
2025-01-03,Ciprofloxacin 500mg,10,5.5,55.0
2025-01-03,Vitamin B Complex,3,2.5,7.5
2025-01-03,Platelet Support,3,25.0,75.0
2025-01-04,Oseltamivir 75mg,25,12.0,300.0
2025-01-04,Paracetamol 500mg,77,1.5,115.5
2025-01-04,Cough Syrup,30,3.0,90.0
2025-01-04,Ibuprofen 200mg,39,1.0,39.0
2025-01-04,Vitamin C,27,0.8,21.6
2025-01-04,Artemether IV,18,15.0,270.0
2025-01-04,Quinine 500mg,18,8.0,144.0
2025-01-04,Platelet Support,7,25.0,175.0
2025-01-04,Amoxicillin 250mg,24,4.0,96.0
2025-01-04,Chloramphenicol,13,6.0,78.0
2025-01-04,Ciprofloxacin 500mg,22,5.5,121.0
2025-01-04,Aspirin 325mg,6,0.8,4.800000000000001
2025-01-04,Vitamin B Complex,3,2.5,7.5
2025-01-05,Oseltamivir 75mg,24,12.0,288.0
2025-01-05,Paracetamol 500mg,78,1.5,117.0
2025-01-05,Cough Syrup,21,3.0,63.0
2025-01-05,Ibuprofen 200mg,33,1.0,33.0
2025-01-05,Vitamin C,30,0.8,24.0
2025-01-05,Artemether IV,15,15.0,225.0
2025-01-05,Quinine 500mg,15,8.0,120.0
2025-01-05,Platelet Support,4,25.0,100.0
2025-01-05,Amoxicillin 250mg,13,4.0,52.0
2025-01-05,Chloramphenicol,14,6.0,84.0
2025-01-05,Ciprofloxacin 500mg,23,5.5,126.5
2025-01-05,Vitamin B Complex,2,2.5,5.0
2025-01-06,Oseltamivir 75mg,21,12.0,252.0
2025-01-06,Paracetamol 500mg,67,1.5,100.5
2025-01-06,Cough Syrup,46,3.0,138.0
2025-01-06,Ibuprofen 200mg,37,1.0,37.0
2025-01-06,Vitamin C,30,0.8,24.0
2025-01-06,Artemether IV,18,15.0,270.0
2025-01-06,Quinine 500mg,14,8.0,112.0
2025-01-06,Amoxicillin 250mg,20,4.0,80.0
2025-01-06,Chloramphenicol,8,6.0,48.0
2025-01-06,Ciprofloxacin 500mg,16,5.5,88.0
2025-01-06,Aspirin 325mg,3,0.8,2.4000000000000004
2025-01-06,Vitamin B Complex,1,2.5,2.5
2025-01-06,Platelet Support,2,25.0,50.0
2025-01-07,Oseltamivir 75mg,29,12.0,348.0
2025-01-07,Paracetamol 500mg,74,1.5,111.0
2025-01-07,Cough Syrup,37,3.0,111.0
2025-01-07,Ibuprofen 200mg,40,1.0,40.0
2025-01-07,Vitamin C,28,0.8,22.400000000000002
2025-01-07,Artemether IV,21,15.0,315.0
2025-01-07,Quinine 500mg,16,8.0,128.0
2025-01-07,Amoxicillin 250mg,6,4.0,24.0
2025-01-07,Ciprofloxacin 500mg,7,5.5,38.5
2025-01-07,Aspirin 325mg,4,0.8,3.2
2025-01-07,Chloramphenicol,3,6.0,18.0
2025-01-07,Vitamin B Complex,6,2.5,15.0
2025-01-07,Platelet Support,4,25.0,100.0
2025-01-08,Oseltamivir 75mg,31,12.0,372.0
2025-01-08,Paracetamol 500mg,64,1.5,96.0
2025-01-08,Cough Syrup,31,3.0,93.0
2025-01-08,Ibuprofen 200mg,35,1.0,35.0
2025-01-08,Vitamin C,22,0.8,17.6
2025-01-08,Artemether IV,11,15.0,165.0
2025-01-08,Quinine 500mg,16,8.0,128.0
2025-01-08,Amoxicillin 250mg,11,4.0,44.0
2025-01-08,Chloramphenicol,8,6.0,48.0
2025-01-08,Ciprofloxacin 500mg,6,5.5,33.0
2025-01-08,Aspirin 325mg,3,0.8,2.4000000000000004
2025-01-08,Vitamin B Complex,2,2.5,5.0
2025-01-08,Platelet Support,1,25.0,25.0
2025-01-09,Oseltamivir 75mg,19,12.0,228.0
2025-01-09,Paracetamol 500mg,58,1.5,87.0
2025-01-09,Cough Syrup,45,3.0,135.0
2025-01-09,Ibuprofen 200mg,39,1.0,39.0
2025-01-09,Vitamin C,35,0.8,28.0
2025-01-09,Artemether IV,21,15.0,315.0
2025-01-09,Quinine 500mg,14,8.0,112.0
2025-01-09,Amoxicillin 250mg,11,4.0,44.0
2025-01-09,Chloramphenicol,5,6.0,30.0
2025-01-09,Ciprofloxacin 500mg,8,5.5,44.0
2025-01-09,Aspirin 325mg,3,0.8,2.4000000000000004
2025-01-09,Vitamin B Complex,2,2.5,5.0
2025-01-09,Platelet Support,4,25.0,100.0
2025-01-10,Oseltamivir 75mg,23,12.0,276.0
2025-01-10,Paracetamol 500mg,44,1.5,66.0
2025-01-10,Cough Syrup,37,3.0,111.0
2025-01-10,Ibuprofen 200mg,42,1.0,42.0
2025-01-10,Vitamin C,22,0.8,17.6
2025-01-10,Artemether IV,18,15.0,270.0
2025-01-10,Quinine 500mg,11,8.0,88.0
2025-01-10,Amoxicillin 250mg,14,4.0,56.0
2025-01-10,Chloramphenicol,15,6.0,90.0
2025-01-10,Ciprofloxacin 500mg,9,5.5,49.5
2025-01-10,Aspirin 325mg,3,0.8,2.4000000000000004
2025-01-10,Platelet Support,2,25.0,50.0
2025-01-11,Oseltamivir 75mg,20,12.0,240.0
2025-01-11,Paracetamol 500mg,46,1.5,69.0
2025-01-11,Cough Syrup,32,3.0,96.0
2025-01-11,Ibuprofen 200mg,43,1.0,43.0
2025-01-11,Vitamin C,20,0.8,16.0
2025-01-11,Artemether IV,15,15.0,225.0
2025-01-11,Quinine 500mg,13,8.0,104.0
2025-01-11,Amoxicillin 250mg,13,4.0,52.0
2025-01-11,Chloramphenicol,12,6.0,72.0
2025-01-11,Ciprofloxacin 500mg,19,5.5,104.5
2025-01-11,Aspirin 325mg,4,0.8,3.2
2025-01-11,Vitamin B Complex,3,2.5,7.5
2025-01-11,Platelet Support,2,25.0,50.0
2025-01-12,Oseltamivir 75mg,22,12.0,264.0
2025-01-12,Paracetamol 500mg,71,1.5,106.5
2025-01-12,Cough Syrup,36,3.0,108.0
2025-01-12,Ibuprofen 200mg,37,1.0,37.0
2025-01-12,Vitamin C,26,0.8,20.8
2025-01-12,Artemether IV,18,15.0,270.0
2025-01-12,Quinine 500mg,13,8.0,104.0
2025-01-12,Amoxicillin 250mg,12,4.0,48.0
2025-01-12,Chloramphenicol,9,6.0,54.0
2025-01-12,Ciprofloxacin 500mg,16,5.5,88.0
2025-01-12,Aspirin 325mg,3,0.8,2.4000000000000004
2025-01-12,Vitamin B Complex,2,2.5,5.0
2025-01-12,Platelet Support,7,25.0,175.0
2025-01-13,Oseltamivir 75mg,22,12.0,264.0
2025-01-13,Paracetamol 500mg,62,1.5,93.0
2025-01-13,Cough Syrup,35,3.0,105.0
2025-01-13,Ibuprofen 200mg,29,1.0,29.0
2025-01-13,Vitamin C,29,0.8,23.200000000000003
2025-01-13,Artemether IV,13,15.0,195.0
2025-01-13,Quinine 500mg,18,8.0,144.0
2025-01-13,Amoxicillin 250mg,16,4.0,64.0
2025-01-13,Chloramphenicol,7,6.0,42.0
2025-01-13,Ciprofloxacin 500mg,18,5.5,99.0
2025-01-13,Aspirin 325mg,1,0.8,0.8
2025-01-13,Vitamin B Complex,3,2.5,7.5
2025-01-13,Platelet Support,3,25.0,75.0
2025-01-14,Oseltamivir 75mg,17,12.0,204.0
2025-01-14,Paracetamol 500mg,73,1.5,109.5
2025-01-14,Cough Syrup,39,3.0,117.0
2025-01-14,Ibuprofen 200mg,43,1.0,43.0
2025-01-14,Vitamin C,18,0.8,14.4
2025-01-14,Artemether IV,22,15.0,330.0
2025-01-14,Quinine 500mg,12,8.0,96.0
2025-01-14,Amoxicillin 250mg,11,4.0,44.0
2025-01-14,Chloramphenicol,11,6.0,66.0
2025-01-14,Ciprofloxacin 500mg,6,5.5,33.0
2025-01-14,Aspirin 325mg,3,0.8,2.4000000000000004
2025-01-14,Vitamin B Complex,3,2.5,7.5
2025-01-14,Platelet Support,4,25.0,100.0
2025-01-15,Oseltamivir 75mg,26,12.0,312.0
2025-01-15,Paracetamol 500mg,72,1.5,108.0
2025-01-15,Cough Syrup,34,3.0,102.0
2025-01-15,Ibuprofen 200mg,45,1.0,45.0
2025-01-15,Vitamin C,29,0.8,23.200000000000003
2025-01-15,Artemether IV,17,15.0,255.0
2025-01-15,Quinine 500mg,14,8.0,112.0
2025-01-15,Amoxicillin 250mg,17,4.0,68.0
2025-01-15,Chloramphenicol,12,6.0,72.0
2025-01-15,Ciprofloxacin 500mg,14,5.5,77.0
2025-01-15,Aspirin 325mg,3,0.8,2.4000000000000004
2025-01-15,Vitamin B Complex,5,2.5,12.5
2025-01-15,Platelet Support,4,25.0,100.0
2025-01-16,Oseltamivir 75mg,25,12.0,300.0
2025-01-16,Paracetamol 500mg,61,1.5,91.5
2025-01-16,Cough Syrup,34,3.0,102.0
2025-01-16,Ibuprofen 200mg,43,1.0,43.0
2025-01-16,Vitamin C,18,0.8,14.4
2025-01-16,Artemether IV,19,15.0,285.0
2025-01-16,Quinine 500mg,15,8.0,120.0
2025-01-16,Amoxicillin 250mg,8,4.0,32.0
2025-01-16,Chloramphenicol,7,6.0,42.0
2025-01-16,Ciprofloxacin 500mg,7,5.5,38.5
2025-01-16,Aspirin 325mg,4,0.8,3.2
2025-01-16,Vitamin B Complex,3,2.5,7.5
2025-01-16,Platelet Support,1,25.0,25.0
2025-01-17,Oseltamivir 75mg,29,12.0,348.0
2025-01-17,Paracetamol 500mg,69,1.5,103.5
2025-01-17,Cough Syrup,37,3.0,111.0
2025-01-17,Ibuprofen 200mg,48,1.0,48.0
2025-01-17,Vitamin C,22,0.8,17.6
2025-01-17,Artemether IV,19,15.0,285.0
2025-01-17,Quinine 500mg,16,8.0,128.0
2025-01-17,Amoxicillin 250mg,5,4.0,20.0
2025-01-17,Ciprofloxacin 500mg,3,5.5,16.5
2025-01-17,Chloramphenicol,2,6.0,12.0
2025-01-17,Vitamin B Complex,2,2.5,5.0
2025-01-17,Platelet Support,2,25.0,50.0
2025-01-18,Oseltamivir 75mg,23,12.0,276.0
2025-01-18,Paracetamol 500mg,46,1.5,69.0
2025-01-18,Cough Syrup,32,3.0,96.0
2025-01-18,Ibuprofen 200mg,34,1.0,34.0
2025-01-18,Vitamin C,19,0.8,15.200000000000001
2025-01-18,Artemether IV,17,15.0,255.0
2025-01-18,Quinine 500mg,13,8.0,104.0
2025-01-18,Amoxicillin 250mg,12,4.0,48.0
2025-01-18,Ciprofloxacin 500mg,4,5.5,22.0
2025-01-18,Aspirin 325mg,1,0.8,0.8
2025-01-18,Chloramphenicol,4,6.0,24.0
2025-01-18,Vitamin B Complex,3,2.5,7.5
2025-01-18,Platelet Support,1,25.0,25.0
2025-01-19,Oseltamivir 75mg,26,12.0,312.0
2025-01-19,Paracetamol 500mg,60,1.5,90.0
2025-01-19,Cough Syrup,36,3.0,108.0
2025-01-19,Ibuprofen 200mg,31,1.0,31.0
2025-01-19,Vitamin C,22,0.8,17.6
2025-01-19,Artemether IV,11,15.0,165.0
2025-01-19,Quinine 500mg,16,8.0,128.0
2025-01-19,Amoxicillin 250mg,22,4.0,88.0
2025-01-19,Chloramphenicol,7,6.0,42.0
2025-01-19,Ciprofloxacin 500mg,23,5.5,126.5
2025-01-19,Vitamin B Complex,2,2.5,5.0
2025-01-19,Platelet Support,2,25.0,50.0
2025-01-20,Oseltamivir 75mg,25,12.0,300.0
2025-01-20,Paracetamol 500mg,57,1.5,85.5
2025-01-20,Cough Syrup,48,3.0,144.0
2025-01-20,Ibuprofen 200mg,42,1.0,42.0
2025-01-20,Vitamin C,24,0.8,19.200000000000003
2025-01-20,Artemether IV,11,15.0,165.0
2025-01-20,Quinine 500mg,26,8.0,208.0
2025-01-20,Amoxicillin 250mg,15,4.0,60.0
2025-01-20,Ciprofloxacin 500mg,13,5.5,71.5
2025-01-20,Aspirin 325mg,2,0.8,1.6
2025-01-20,Chloramphenicol,2,6.0,12.0
2025-01-20,Vitamin B Complex,2,2.5,5.0
2025-01-21,Oseltamivir 75mg,18,12.0,216.0
2025-01-21,Paracetamol 500mg,45,1.5,67.5
2025-01-21,Cough Syrup,36,3.0,108.0
2025-01-21,Ibuprofen 200mg,48,1.0,48.0
2025-01-21,Vitamin C,24,0.8,19.200000000000003
2025-01-21,Artemether IV,20,15.0,300.0
2025-01-21,Quinine 500mg,22,8.0,176.0
2025-01-21,Amoxicillin 250mg,6,4.0,24.0
2025-01-21,Ciprofloxacin 500mg,13,5.5,71.5
2025-01-21,Aspirin 325mg,5,0.8,4.0
2025-01-21,Chloramphenicol,1,6.0,6.0
2025-01-21,Vitamin B Complex,6,2.5,15.0
2025-01-21,Platelet Support,1,25.0,25.0
2025-01-22,Oseltamivir 75mg,32,12.0,384.0
2025-01-22,Paracetamol 500mg,44,1.5,66.0
2025-01-22,Cough Syrup,37,3.0,111.0
2025-01-22,Ibuprofen 200mg,34,1.0,34.0
2025-01-22,Vitamin C,21,0.8,16.8
2025-01-22,Artemether IV,15,15.0,225.0
2025-01-22,Quinine 500mg,20,8.0,160.0
2025-01-22,Amoxicillin 250mg,9,4.0,36.0
2025-01-22,Chloramphenicol,10,6.0,60.0
2025-01-22,Ciprofloxacin 500mg,16,5.5,88.0
2025-01-22,Aspirin 325mg,2,0.8,1.6
2025-01-22,Vitamin B Complex,3,2.5,7.5
2025-01-22,Platelet Support,3,25.0,75.0
2025-01-23,Oseltamivir 75mg,38,12.0,456.0
2025-01-23,Paracetamol 500mg,69,1.5,103.5
2025-01-23,Cough Syrup,46,3.0,138.0
2025-01-23,Ibuprofen 200mg,34,1.0,34.0
2025-01-23,Vitamin C,21,0.8,16.8
2025-01-23,Artemether IV,18,15.0,270.0
2025-01-23,Quinine 500mg,14,8.0,112.0
2025-01-23,Amoxicillin 250mg,13,4.0,52.0
2025-01-23,Chloramphenicol,11,6.0,66.0
2025-01-23,Ciprofloxacin 500mg,18,5.5,99.0
2025-01-23,Aspirin 325mg,3,0.8,2.4000000000000004
2025-01-23,Vitamin B Complex,5,2.5,12.5
2025-01-24,Oseltamivir 75mg,32,12.0,384.0
2025-01-24,Paracetamol 500mg,64,1.5,96.0
2025-01-24,Cough Syrup,34,3.0,102.0
2025-01-24,Ibuprofen 200mg,28,1.0,28.0
2025-01-24,Vitamin C,15,0.8,12.0
2025-01-24,Artemether IV,10,15.0,150.0
2025-01-24,Quinine 500mg,9,8.0,72.0
2025-01-24,Amoxicillin 250mg,7,4.0,28.0
2025-01-24,Chloramphenicol,8,6.0,48.0
2025-01-24,Ciprofloxacin 500mg,12,5.5,66.0
2025-01-24,Aspirin 325mg,4,0.8,3.2
2025-01-24,Vitamin B Complex,5,2.5,12.5
2025-01-24,Platelet Support,5,25.0,125.0
2025-01-25,Oseltamivir 75mg,25,12.0,300.0
2025-01-25,Paracetamol 500mg,70,1.5,105.0
2025-01-25,Cough Syrup,41,3.0,123.0
2025-01-25,Ibuprofen 200mg,41,1.0,41.0
2025-01-25,Vitamin C,23,0.8,18.400000000000002
2025-01-25,Artemether IV,10,15.0,150.0
2025-01-25,Quinine 500mg,7,8.0,56.0
2025-01-25,Amoxicillin 250mg,20,4.0,80.0
2025-01-25,Chloramphenicol,11,6.0,66.0
2025-01-25,Ciprofloxacin 500mg,10,5.5,55.0
2025-01-25,Aspirin 325mg,3,0.8,2.4000000000000004
2025-01-25,Platelet Support,4,25.0,100.0
2025-01-26,Oseltamivir 75mg,25,12.0,300.0
2025-01-26,Paracetamol 500mg,86,1.5,129.0
2025-01-26,Cough Syrup,41,3.0,123.0
2025-01-26,Ibuprofen 200mg,37,1.0,37.0
2025-01-26,Vitamin C,35,0.8,28.0
2025-01-26,Artemether IV,7,15.0,105.0
2025-01-26,Quinine 500mg,16,8.0,128.0
2025-01-26,Platelet Support,7,25.0,175.0
2025-01-26,Amoxicillin 250mg,21,4.0,84.0
2025-01-26,Chloramphenicol,16,6.0,96.0
2025-01-26,Ciprofloxacin 500mg,21,5.5,115.5
2025-01-26,Aspirin 325mg,2,0.8,1.6
2025-01-26,Vitamin B Complex,4,2.5,10.0
2025-01-27,Oseltamivir 75mg,22,12.0,264.0
2025-01-27,Paracetamol 500mg,53,1.5,79.5
2025-01-27,Cough Syrup,39,3.0,117.0
2025-01-27,Ibuprofen 200mg,42,1.0,42.0
2025-01-27,Vitamin C,18,0.8,14.4
2025-01-27,Artemether IV,7,15.0,105.0
2025-01-27,Quinine 500mg,12,8.0,96.0
2025-01-27,Amoxicillin 250mg,24,4.0,96.0
2025-01-27,Chloramphenicol,11,6.0,66.0
2025-01-27,Ciprofloxacin 500mg,20,5.5,110.0
2025-01-27,Aspirin 325mg,2,0.8,1.6
2025-01-27,Vitamin B Complex,5,2.5,12.5
2025-01-27,Platelet Support,3,25.0,75.0
2025-01-28,Oseltamivir 75mg,29,12.0,348.0
2025-01-28,Paracetamol 500mg,70,1.5,105.0
2025-01-28,Cough Syrup,50,3.0,150.0
2025-01-28,Ibuprofen 200mg,22,1.0,22.0
2025-01-28,Vitamin C,24,0.8,19.200000000000003
2025-01-28,Artemether IV,17,15.0,255.0
2025-01-28,Quinine 500mg,15,8.0,120.0
2025-01-28,Amoxicillin 250mg,26,4.0,104.0
2025-01-28,Chloramphenicol,11,6.0,66.0
2025-01-28,Ciprofloxacin 500mg,22,5.5,121.0
2025-01-28,Aspirin 325mg,2,0.8,1.6
2025-01-28,Vitamin B Complex,2,2.5,5.0
2025-01-28,Platelet Support,2,25.0,50.0
2025-01-29,Oseltamivir 75mg,23,12.0,276.0
2025-01-29,Paracetamol 500mg,70,1.5,105.0
2025-01-29,Cough Syrup,44,3.0,132.0
2025-01-29,Ibuprofen 200mg,29,1.0,29.0
2025-01-29,Vitamin C,21,0.8,16.8
2025-01-29,Artemether IV,13,15.0,195.0
2025-01-29,Quinine 500mg,12,8.0,96.0
2025-01-29,Amoxicillin 250mg,20,4.0,80.0
2025-01-29,Chloramphenicol,15,6.0,90.0
2025-01-29,Ciprofloxacin 500mg,21,5.5,115.5
2025-01-29,Aspirin 325mg,2,0.8,1.6
2025-01-29,Vitamin B Complex,4,2.5,10.0
2025-01-29,Platelet Support,4,25.0,100.0
2025-01-30,Oseltamivir 75mg,29,12.0,348.0
2025-01-30,Paracetamol 500mg,73,1.5,109.5
2025-01-30,Cough Syrup,46,3.0,138.0
2025-01-30,Ibuprofen 200mg,37,1.0,37.0
2025-01-30,Vitamin C,21,0.8,16.8
2025-01-30,Artemether IV,15,15.0,225.0
2025-01-30,Quinine 500mg,14,8.0,112.0
2025-01-30,Amoxicillin 250mg,20,4.0,80.0
2025-01-30,Chloramphenicol,13,6.0,78.0
2025-01-30,Ciprofloxacin 500mg,14,5.5,77.0
2025-01-30,Aspirin 325mg,2,0.8,1.6
2025-01-30,Vitamin B Complex,3,2.5,7.5
2025-01-31,Oseltamivir 75mg,34,12.0,408.0
2025-01-31,Paracetamol 500mg,49,1.5,73.5
2025-01-31,Cough Syrup,49,3.0,147.0
2025-01-31,Ibuprofen 200mg,40,1.0,40.0
2025-01-31,Vitamin C,29,0.8,23.200000000000003
2025-01-31,Artemether IV,11,15.0,165.0
2025-01-31,Quinine 500mg,16,8.0,128.0
2025-01-31,Amoxicillin 250mg,11,4.0,44.0
2025-01-31,Chloramphenicol,4,6.0,24.0
2025-01-31,Ciprofloxacin 500mg,25,5.5,137.5
2025-01-31,Aspirin 325mg,5,0.8,4.0
2025-01-31,Vitamin B Complex,8,2.5,20.0
2025-01-31,Platelet Support,4,25.0,100.0
2025-02-01,Oseltamivir 75mg,28,12.0,336.0
2025-02-01,Paracetamol 500mg,80,1.5,120.0
2025-02-01,Cough Syrup,49,3.0,147.0
2025-02-01,Ibuprofen 200mg,36,1.0,36.0
2025-02-01,Vitamin C,39,0.8,31.200000000000003
2025-02-01,Artemether IV,23,15.0,345.0
2025-02-01,Quinine 500mg,19,8.0,152.0
2025-02-01,Platelet Support,8,25.0,200.0
2025-02-01,Amoxicillin 250mg,11,4.0,44.0
2025-02-01,Ciprofloxacin 500mg,15,5.5,82.5
2025-02-01,Aspirin 325mg,2,0.8,1.6
2025-02-01,Vitamin B Complex,4,2.5,10.0
2025-02-02,Oseltamivir 75mg,21,12.0,252.0
2025-02-02,Paracetamol 500mg,53,1.5,79.5
2025-02-02,Cough Syrup,46,3.0,138.0
2025-02-02,Ibuprofen 200mg,37,1.0,37.0
2025-02-02,Vitamin C,34,0.8,27.200000000000003
2025-02-02,Artemether IV,11,15.0,165.0
2025-02-02,Quinine 500mg,9,8.0,72.0
2025-02-02,Amoxicillin 250mg,6,4.0,24.0
2025-02-02,Ciprofloxacin 500mg,11,5.5,60.5
2025-02-02,Aspirin 325mg,2,0.8,1.6
2025-02-02,Chloramphenicol,3,6.0,18.0
2025-02-02,Vitamin B Complex,4,2.5,10.0
2025-02-02,Platelet Support,1,25.0,25.0
2025-02-03,Oseltamivir 75mg,15,12.0,180.0
2025-02-03,Paracetamol 500mg,57,1.5,85.5
2025-02-03,Cough Syrup,47,3.0,141.0
2025-02-03,Ibuprofen 200mg,45,1.0,45.0
2025-02-03,Vitamin C,38,0.8,30.400000000000002
2025-02-03,Artemether IV,14,15.0,210.0
2025-02-03,Quinine 500mg,9,8.0,72.0
2025-02-03,Platelet Support,4,25.0,100.0
2025-02-03,Amoxicillin 250mg,11,4.0,44.0
2025-02-03,Chloramphenicol,8,6.0,48.0
2025-02-03,Ciprofloxacin 500mg,11,5.5,60.5
2025-02-03,Aspirin 325mg,2,0.8,1.6
2025-02-03,Vitamin B Complex,3,2.5,7.5
2025-02-04,Oseltamivir 75mg,23,12.0,276.0
2025-02-04,Paracetamol 500mg,65,1.5,97.5
2025-02-04,Cough Syrup,49,3.0,147.0
2025-02-04,Ibuprofen 200mg,48,1.0,48.0
2025-02-04,Vitamin C,30,0.8,24.0
2025-02-04,Artemether IV,9,15.0,135.0
2025-02-04,Quinine 500mg,12,8.0,96.0
2025-02-04,Platelet Support,11,25.0,275.0
2025-02-04,Amoxicillin 250mg,17,4.0,68.0
2025-02-04,Chloramphenicol,8,6.0,48.0
2025-02-04,Ciprofloxacin 500mg,12,5.5,66.0
2025-02-04,Aspirin 325mg,4,0.8,3.2
2025-02-04,Vitamin B Complex,2,2.5,5.0
2025-02-05,Oseltamivir 75mg,17,12.0,204.0
2025-02-05,Paracetamol 500mg,59,1.5,88.5
2025-02-05,Cough Syrup,37,3.0,111.0
2025-02-05,Ibuprofen 200mg,48,1.0,48.0
2025-02-05,Vitamin C,27,0.8,21.6
2025-02-05,Artemether IV,11,15.0,165.0
2025-02-05,Quinine 500mg,14,8.0,112.0
2025-02-05,Amoxicillin 250mg,15,4.0,60.0
2025-02-05,Chloramphenicol,11,6.0,66.0
2025-02-05,Ciprofloxacin 500mg,12,5.5,66.0
2025-02-05,Aspirin 325mg,5,0.8,4.0
2025-02-05,Vitamin B Complex,2,2.5,5.0
2025-02-05,Platelet Support,6,25.0,150.0
2025-02-06,Oseltamivir 75mg,24,12.0,288.0
2025-02-06,Paracetamol 500mg,71,1.5,106.5
2025-02-06,Cough Syrup,42,3.0,126.0
2025-02-06,Ibuprofen 200mg,42,1.0,42.0
2025-02-06,Vitamin C,25,0.8,20.0
2025-02-06,Artemether IV,12,15.0,180.0
2025-02-06,Quinine 500mg,5,8.0,40.0
2025-02-06,Amoxicillin 250mg,17,4.0,68.0
2025-02-06,Chloramphenicol,7,6.0,42.0
2025-02-06,Ciprofloxacin 500mg,17,5.5,93.5
2025-02-06,Aspirin 325mg,1,0.8,0.8
2025-02-06,Vitamin B Complex,3,2.5,7.5
2025-02-06,Platelet Support,4,25.0,100.0
2025-02-07,Oseltamivir 75mg,23,12.0,276.0
2025-02-07,Paracetamol 500mg,63,1.5,94.5
2025-02-07,Cough Syrup,58,3.0,174.0
2025-02-07,Ibuprofen 200mg,33,1.0,33.0
2025-02-07,Vitamin C,32,0.8,25.6
2025-02-07,Artemether IV,19,15.0,285.0
2025-02-07,Quinine 500mg,13,8.0,104.0
2025-02-07,Amoxicillin 250mg,33,4.0,132.0
2025-02-07,Chloramphenicol,14,6.0,84.0
2025-02-07,Ciprofloxacin 500mg,23,5.5,126.5
2025-02-07,Aspirin 325mg,4,0.8,3.2
2025-02-07,Vitamin B Complex,1,2.5,2.5
2025-02-07,Platelet Support,4,25.0,100.0
2025-02-08,Oseltamivir 75mg,25,12.0,300.0
2025-02-08,Paracetamol 500mg,72,1.5,108.0
2025-02-08,Cough Syrup,46,3.0,138.0
2025-02-08,Ibuprofen 200mg,43,1.0,43.0
2025-02-08,Vitamin C,34,0.8,27.200000000000003
2025-02-08,Artemether IV,9,15.0,135.0
2025-02-08,Quinine 500mg,8,8.0,64.0
2025-02-08,Amoxicillin 250mg,15,4.0,60.0
2025-02-08,Chloramphenicol,12,6.0,72.0
2025-02-08,Ciprofloxacin 500mg,30,5.5,165.0
2025-02-08,Aspirin 325mg,4,0.8,3.2
2025-02-08,Vitamin B Complex,5,2.5,12.5
2025-02-09,Oseltamivir 75mg,28,12.0,336.0
2025-02-09,Paracetamol 500mg,69,1.5,103.5
2025-02-09,Cough Syrup,47,3.0,141.0
2025-02-09,Ibuprofen 200mg,40,1.0,40.0
2025-02-09,Vitamin C,26,0.8,20.8
2025-02-09,Artemether IV,11,15.0,165.0
2025-02-09,Quinine 500mg,11,8.0,88.0
2025-02-09,Amoxicillin 250mg,19,4.0,76.0
2025-02-09,Chloramphenicol,12,6.0,72.0
2025-02-09,Ciprofloxacin 500mg,17,5.5,93.5
2025-02-09,Vitamin B Complex,5,2.5,12.5
2025-02-09,Platelet Support,2,25.0,50.0
2025-02-10,Oseltamivir 75mg,34,12.0,408.0
2025-02-10,Paracetamol 500mg,66,1.5,99.0
2025-02-10,Cough Syrup,48,3.0,144.0
2025-02-10,Ibuprofen 200mg,40,1.0,40.0
2025-02-10,Vitamin C,29,0.8,23.200000000000003
2025-02-10,Artemether IV,16,15.0,240.0
2025-02-10,Quinine 500mg,14,8.0,112.0
2025-02-10,Amoxicillin 250mg,18,4.0,72.0
2025-02-10,Chloramphenicol,19,6.0,114.0
2025-02-10,Ciprofloxacin 500mg,24,5.5,132.0
2025-02-10,Vitamin B Complex,4,2.5,10.0
2025-02-10,Platelet Support,4,25.0,100.0
2025-02-11,Oseltamivir 75mg,33,12.0,396.0
2025-02-11,Paracetamol 500mg,67,1.5,100.5
2025-02-11,Cough Syrup,47,3.0,141.0
2025-02-11,Ibuprofen 200mg,35,1.0,35.0
2025-02-11,Vitamin C,28,0.8,22.400000000000002
2025-02-11,Artemether IV,13,15.0,195.0
2025-02-11,Quinine 500mg,12,8.0,96.0
2025-02-11,Amoxicillin 250mg,29,4.0,116.0
2025-02-11,Chloramphenicol,14,6.0,84.0
2025-02-11,Ciprofloxacin 500mg,22,5.5,121.0
2025-02-11,Aspirin 325mg,3,0.8,2.4000000000000004
2025-02-11,Vitamin B Complex,5,2.5,12.5
2025-02-11,Platelet Support,3,25.0,75.0
2025-02-12,Oseltamivir 75mg,37,12.0,444.0
2025-02-12,Paracetamol 500mg,58,1.5,87.0
2025-02-12,Cough Syrup,54,3.0,162.0
2025-02-12,Ibuprofen 200mg,40,1.0,40.0
2025-02-12,Vitamin C,28,0.8,22.400000000000002
2025-02-12,Artemether IV,9,15.0,135.0
2025-02-12,Quinine 500mg,14,8.0,112.0
2025-02-12,Amoxicillin 250mg,26,4.0,104.0
2025-02-12,Chloramphenicol,18,6.0,108.0
2025-02-12,Ciprofloxacin 500mg,24,5.5,132.0
2025-02-12,Aspirin 325mg,6,0.8,4.800000000000001
2025-02-12,Vitamin B Complex,3,2.5,7.5
2025-02-12,Platelet Support,2,25.0,50.0
2025-02-13,Oseltamivir 75mg,22,12.0,264.0
2025-02-13,Paracetamol 500mg,94,1.5,141.0
2025-02-13,Cough Syrup,54,3.0,162.0
2025-02-13,Ibuprofen 200mg,46,1.0,46.0
2025-02-13,Vitamin C,37,0.8,29.6
2025-02-13,Artemether IV,19,15.0,285.0
2025-02-13,Quinine 500mg,10,8.0,80.0
2025-02-13,Amoxicillin 250mg,24,4.0,96.0
2025-02-13,Chloramphenicol,21,6.0,126.0
2025-02-13,Ciprofloxacin 500mg,24,5.5,132.0
2025-02-13,Aspirin 325mg,4,0.8,3.2
2025-02-13,Vitamin B Complex,3,2.5,7.5
2025-02-13,Platelet Support,1,25.0,25.0
2025-02-14,Oseltamivir 75mg,34,12.0,408.0
2025-02-14,Paracetamol 500mg,80,1.5,120.0
2025-02-14,Cough Syrup,40,3.0,120.0
2025-02-14,Ibuprofen 200mg,43,1.0,43.0
2025-02-14,Vitamin C,46,0.8,36.800000000000004
2025-02-14,Artemether IV,16,15.0,240.0
2025-02-14,Quinine 500mg,21,8.0,168.0
2025-02-14,Amoxicillin 250mg,23,4.0,92.0
2025-02-14,Chloramphenicol,18,6.0,108.0
2025-02-14,Ciprofloxacin 500mg,26,5.5,143.0
2025-02-14,Aspirin 325mg,5,0.8,4.0
2025-02-14,Vitamin B Complex,3,2.5,7.5
2025-02-14,Platelet Support,4,25.0,100.0
2025-02-15,Oseltamivir 75mg,27,12.0,324.0
2025-02-15,Paracetamol 500mg,75,1.5,112.5
2025-02-15,Cough Syrup,59,3.0,177.0
2025-02-15,Ibuprofen 200mg,35,1.0,35.0
2025-02-15,Vitamin C,34,0.8,27.200000000000003
2025-02-15,Artemether IV,11,15.0,165.0
2025-02-15,Quinine 500mg,21,8.0,168.0
2025-02-15,Amoxicillin 250mg,20,4.0,80.0
2025-02-15,Chloramphenicol,20,6.0,120.0
2025-02-15,Ciprofloxacin 500mg,18,5.5,99.0
2025-02-15,Aspirin 325mg,2,0.8,1.6
2025-02-15,Vitamin B Complex,1,2.5,2.5
2025-02-15,Platelet Support,2,25.0,50.0
2025-02-16,Oseltamivir 75mg,31,12.0,372.0
2025-02-16,Paracetamol 500mg,71,1.5,106.5
2025-02-16,Cough Syrup,32,3.0,96.0
2025-02-16,Ibuprofen 200mg,48,1.0,48.0
2025-02-16,Vitamin C,34,0.8,27.200000000000003
2025-02-16,Artemether IV,28,15.0,420.0
2025-02-16,Quinine 500mg,20,8.0,160.0
2025-02-16,Amoxicillin 250mg,21,4.0,84.0
2025-02-16,Chloramphenicol,14,6.0,84.0
2025-02-16,Ciprofloxacin 500mg,21,5.5,115.5
2025-02-16,Aspirin 325mg,2,0.8,1.6
2025-02-16,Vitamin B Complex,2,2.5,5.0
2025-02-16,Platelet Support,3,25.0,75.0
2025-02-17,Oseltamivir 75mg,38,12.0,456.0
2025-02-17,Paracetamol 500mg,66,1.5,99.0
2025-02-17,Cough Syrup,34,3.0,102.0
2025-02-17,Ibuprofen 200mg,52,1.0,52.0
2025-02-17,Vitamin C,29,0.8,23.200000000000003
2025-02-17,Artemether IV,23,15.0,345.0
2025-02-17,Quinine 500mg,22,8.0,176.0
2025-02-17,Amoxicillin 250mg,15,4.0,60.0
2025-02-17,Chloramphenicol,18,6.0,108.0
2025-02-17,Ciprofloxacin 500mg,25,5.5,137.5
2025-02-17,Aspirin 325mg,4,0.8,3.2
2025-02-17,Vitamin B Complex,3,2.5,7.5
2025-02-17,Platelet Support,3,25.0,75.0
2025-02-18,Oseltamivir 75mg,32,12.0,384.0
2025-02-18,Paracetamol 500mg,56,1.5,84.0
2025-02-18,Cough Syrup,46,3.0,138.0
2025-02-18,Ibuprofen 200mg,34,1.0,34.0
2025-02-18,Vitamin C,27,0.8,21.6
2025-02-18,Artemether IV,23,15.0,345.0
2025-02-18,Quinine 500mg,18,8.0,144.0
2025-02-18,Amoxicillin 250mg,18,4.0,72.0
2025-02-18,Chloramphenicol,20,6.0,120.0
2025-02-18,Ciprofloxacin 500mg,17,5.5,93.5
2025-02-18,Aspirin 325mg,2,0.8,1.6
2025-02-18,Vitamin B Complex,4,2.5,10.0
2025-02-18,Platelet Support,2,25.0,50.0
2025-02-19,Oseltamivir 75mg,29,12.0,348.0
2025-02-19,Paracetamol 500mg,54,1.5,81.0
2025-02-19,Cough Syrup,42,3.0,126.0
2025-02-19,Ibuprofen 200mg,53,1.0,53.0
2025-02-19,Vitamin C,34,0.8,27.200000000000003
2025-02-19,Artemether IV,13,15.0,195.0
2025-02-19,Quinine 500mg,16,8.0,128.0
2025-02-19,Amoxicillin 250mg,28,4.0,112.0
2025-02-19,Chloramphenicol,18,6.0,108.0
2025-02-19,Ciprofloxacin 500mg,23,5.5,126.5
2025-02-19,Aspirin 325mg,2,0.8,1.6
2025-02-19,Vitamin B Complex,4,2.5,10.0
2025-02-19,Platelet Support,4,25.0,100.0
2025-02-20,Oseltamivir 75mg,37,12.0,444.0
2025-02-20,Paracetamol 500mg,49,1.5,73.5
2025-02-20,Cough Syrup,50,3.0,150.0
2025-02-20,Ibuprofen 200mg,38,1.0,38.0
2025-02-20,Vitamin C,29,0.8,23.200000000000003
2025-02-20,Artemether IV,19,15.0,285.0
2025-02-20,Quinine 500mg,21,8.0,168.0
2025-02-20,Amoxicillin 250mg,18,4.0,72.0
2025-02-20,Chloramphenicol,25,6.0,150.0
2025-02-20,Ciprofloxacin 500mg,18,5.5,99.0
2025-02-20,Aspirin 325mg,6,0.8,4.800000000000001
2025-02-20,Vitamin B Complex,5,2.5,12.5
2025-02-20,Platelet Support,4,25.0,100.0
2025-02-21,Oseltamivir 75mg,23,12.0,276.0
2025-02-21,Paracetamol 500mg,83,1.5,124.5
2025-02-21,Cough Syrup,45,3.0,135.0
2025-02-21,Ibuprofen 200mg,33,1.0,33.0
2025-02-21,Vitamin C,30,0.8,24.0
2025-02-21,Artemether IV,22,15.0,330.0
2025-02-21,Quinine 500mg,20,8.0,160.0
2025-02-21,Amoxicillin 250mg,17,4.0,68.0
2025-02-21,Chloramphenicol,22,6.0,132.0
2025-02-21,Ciprofloxacin 500mg,11,5.5,60.5
2025-02-21,Aspirin 325mg,7,0.8,5.6000000000000005
2025-02-21,Vitamin B Complex,3,2.5,7.5
2025-02-21,Platelet Support,2,25.0,50.0
2025-02-22,Oseltamivir 75mg,41,12.0,492.0
2025-02-22,Paracetamol 500mg,74,1.5,111.0
2025-02-22,Cough Syrup,30,3.0,90.0
2025-02-22,Ibuprofen 200mg,48,1.0,48.0
2025-02-22,Vitamin C,32,0.8,25.6
2025-02-22,Artemether IV,11,15.0,165.0
2025-02-22,Quinine 500mg,17,8.0,136.0
2025-02-22,Amoxicillin 250mg,20,4.0,80.0
2025-02-22,Chloramphenicol,16,6.0,96.0
2025-02-22,Ciprofloxacin 500mg,20,5.5,110.0
2025-02-22,Aspirin 325mg,2,0.8,1.6
2025-02-22,Vitamin B Complex,1,2.5,2.5
2025-02-22,Platelet Support,2,25.0,50.0
2025-02-23,Oseltamivir 75mg,26,12.0,312.0
2025-02-23,Paracetamol 500mg,67,1.5,100.5
2025-02-23,Cough Syrup,44,3.0,132.0
2025-02-23,Ibuprofen 200mg,37,1.0,37.0
2025-02-23,Vitamin C,28,0.8,22.400000000000002
2025-02-23,Artemether IV,18,15.0,270.0
2025-02-23,Quinine 500mg,13,8.0,104.0
2025-02-23,Amoxicillin 250mg,24,4.0,96.0
2025-02-23,Chloramphenicol,16,6.0,96.0
2025-02-23,Ciprofloxacin 500mg,14,5.5,77.0
2025-02-23,Aspirin 325mg,4,0.8,3.2
2025-02-23,Vitamin B Complex,3,2.5,7.5
2025-02-23,Platelet Support,3,25.0,75.0
2025-02-24,Oseltamivir 75mg,22,12.0,264.0
2025-02-24,Paracetamol 500mg,71,1.5,106.5
2025-02-24,Cough Syrup,38,3.0,114.0
2025-02-24,Ibuprofen 200mg,47,1.0,47.0
2025-02-24,Vitamin C,22,0.8,17.6
2025-02-24,Artemether IV,12,15.0,180.0
2025-02-24,Quinine 500mg,12,8.0,96.0
2025-02-24,Amoxicillin 250mg,21,4.0,84.0
2025-02-24,Chloramphenicol,17,6.0,102.0
2025-02-24,Ciprofloxacin 500mg,20,5.5,110.0
2025-02-24,Aspirin 325mg,1,0.8,0.8
2025-02-24,Vitamin B Complex,3,2.5,7.5
2025-02-24,Platelet Support,3,25.0,75.0
2025-02-25,Oseltamivir 75mg,32,12.0,384.0
2025-02-25,Paracetamol 500mg,61,1.5,91.5
2025-02-25,Cough Syrup,45,3.0,135.0
2025-02-25,Ibuprofen 200mg,38,1.0,38.0
2025-02-25,Vitamin C,26,0.8,20.8
2025-02-25,Artemether IV,15,15.0,225.0
2025-02-25,Quinine 500mg,17,8.0,136.0
2025-02-25,Amoxicillin 250mg,21,4.0,84.0
2025-02-25,Chloramphenicol,21,6.0,126.0
2025-02-25,Ciprofloxacin 500mg,16,5.5,88.0
2025-02-25,Aspirin 325mg,1,0.8,0.8
2025-02-25,Vitamin B Complex,1,2.5,2.5
2025-02-25,Platelet Support,3,25.0,75.0
2025-02-26,Oseltamivir 75mg,26,12.0,312.0
2025-02-26,Paracetamol 500mg,56,1.5,84.0
2025-02-26,Cough Syrup,42,3.0,126.0
2025-02-26,Ibuprofen 200mg,31,1.0,31.0
2025-02-26,Vitamin C,31,0.8,24.8
2025-02-26,Artemether IV,12,15.0,180.0
2025-02-26,Quinine 500mg,14,8.0,112.0
2025-02-26,Amoxicillin 250mg,12,4.0,48.0
2025-02-26,Chloramphenicol,12,6.0,72.0
2025-02-26,Ciprofloxacin 500mg,17,5.5,93.5
2025-02-26,Aspirin 325mg,2,0.8,1.6
2025-02-26,Vitamin B Complex,7,2.5,17.5
2025-02-26,Platelet Support,4,25.0,100.0
2025-02-27,Oseltamivir 75mg,42,12.0,504.0
2025-02-27,Paracetamol 500mg,85,1.5,127.5
2025-02-27,Cough Syrup,38,3.0,114.0
2025-02-27,Ibuprofen 200mg,36,1.0,36.0
2025-02-27,Vitamin C,38,0.8,30.400000000000002
2025-02-27,Artemether IV,11,15.0,165.0
2025-02-27,Quinine 500mg,9,8.0,72.0
2025-02-27,Amoxicillin 250mg,12,4.0,48.0
2025-02-27,Chloramphenicol,12,6.0,72.0
2025-02-27,Ciprofloxacin 500mg,16,5.5,88.0
2025-02-27,Aspirin 325mg,2,0.8,1.6
2025-02-27,Vitamin B Complex,2,2.5,5.0
2025-02-27,Platelet Support,3,25.0,75.0
2025-02-28,Oseltamivir 75mg,27,12.0,324.0
2025-02-28,Paracetamol 500mg,72,1.5,108.0
2025-02-28,Cough Syrup,53,3.0,159.0
2025-02-28,Ibuprofen 200mg,40,1.0,40.0
2025-02-28,Vitamin C,27,0.8,21.6
2025-02-28,Artemether IV,13,15.0,195.0
2025-02-28,Quinine 500mg,12,8.0,96.0
2025-02-28,Amoxicillin 250mg,16,4.0,64.0
2025-02-28,Chloramphenicol,18,6.0,108.0
2025-02-28,Ciprofloxacin 500mg,13,5.5,71.5
2025-02-28,Aspirin 325mg,2,0.8,1.6
2025-02-28,Vitamin B Complex,2,2.5,5.0
2025-02-28,Platelet Support,2,25.0,50.0
2025-03-01,Oseltamivir 75mg,22,12.0,264.0
2025-03-01,Paracetamol 500mg,64,1.5,96.0
2025-03-01,Cough Syrup,39,3.0,117.0
2025-03-01,Ibuprofen 200mg,36,1.0,36.0
2025-03-01,Vitamin C,35,0.8,28.0
2025-03-01,Artemether IV,11,15.0,165.0
2025-03-01,Quinine 500mg,8,8.0,64.0
2025-03-01,Amoxicillin 250mg,12,4.0,48.0
2025-03-01,Chloramphenicol,18,6.0,108.0
2025-03-01,Ciprofloxacin 500mg,12,5.5,66.0
2025-03-01,Aspirin 325mg,1,0.8,0.8
2025-03-01,Vitamin B Complex,3,2.5,7.5
2025-03-01,Platelet Support,2,25.0,50.0
2025-03-02,Oseltamivir 75mg,22,12.0,264.0
2025-03-02,Paracetamol 500mg,69,1.5,103.5
2025-03-02,Cough Syrup,46,3.0,138.0
2025-03-02,Ibuprofen 200mg,32,1.0,32.0
2025-03-02,Vitamin C,37,0.8,29.6
2025-03-02,Artemether IV,6,15.0,90.0
2025-03-02,Quinine 500mg,8,8.0,64.0
2025-03-02,Amoxicillin 250mg,18,4.0,72.0
2025-03-02,Chloramphenicol,21,6.0,126.0
2025-03-02,Ciprofloxacin 500mg,12,5.5,66.0
2025-03-02,Aspirin 325mg,2,0.8,1.6
2025-03-02,Vitamin B Complex,3,2.5,7.5
2025-03-02,Platelet Support,4,25.0,100.0
2025-03-03,Oseltamivir 75mg,31,12.0,372.0
2025-03-03,Paracetamol 500mg,56,1.5,84.0
2025-03-03,Cough Syrup,40,3.0,120.0
2025-03-03,Ibuprofen 200mg,32,1.0,32.0
2025-03-03,Vitamin C,24,0.8,19.200000000000003
2025-03-03,Artemether IV,13,15.0,195.0
2025-03-03,Quinine 500mg,15,8.0,120.0
2025-03-03,Amoxicillin 250mg,15,4.0,60.0
2025-03-03,Chloramphenicol,16,6.0,96.0
2025-03-03,Ciprofloxacin 500mg,19,5.5,104.5
2025-03-03,Aspirin 325mg,3,0.8,2.4000000000000004
2025-03-03,Vitamin B Complex,4,2.5,10.0
2025-03-04,Oseltamivir 75mg,30,12.0,360.0
2025-03-04,Paracetamol 500mg,65,1.5,97.5
2025-03-04,Cough Syrup,41,3.0,123.0
2025-03-04,Ibuprofen 200mg,35,1.0,35.0
2025-03-04,Vitamin C,35,0.8,28.0
2025-03-04,Artemether IV,12,15.0,180.0
2025-03-04,Quinine 500mg,11,8.0,88.0
2025-03-04,Amoxicillin 250mg,19,4.0,76.0
2025-03-04,Chloramphenicol,16,6.0,96.0
2025-03-04,Ciprofloxacin 500mg,19,5.5,104.5
2025-03-04,Aspirin 325mg,4,0.8,3.2
2025-03-04,Vitamin B Complex,3,2.5,7.5
2025-03-04,Platelet Support,3,25.0,75.0
2025-03-05,Oseltamivir 75mg,34,12.0,408.0
2025-03-05,Paracetamol 500mg,60,1.5,90.0
2025-03-05,Cough Syrup,40,3.0,120.0
2025-03-05,Ibuprofen 200mg,36,1.0,36.0
2025-03-05,Vitamin C,35,0.8,28.0
2025-03-05,Artemether IV,16,15.0,240.0
2025-03-05,Quinine 500mg,6,8.0,48.0
2025-03-05,Amoxicillin 250mg,21,4.0,84.0
2025-03-05,Chloramphenicol,23,6.0,138.0
2025-03-05,Ciprofloxacin 500mg,14,5.5,77.0
2025-03-05,Aspirin 325mg,1,0.8,0.8
2025-03-05,Vitamin B Complex,2,2.5,5.0
2025-03-05,Platelet Support,2,25.0,50.0
2025-03-06,Oseltamivir 75mg,31,12.0,372.0
2025-03-06,Paracetamol 500mg,68,1.5,102.0
2025-03-06,Cough Syrup,46,3.0,138.0
2025-03-06,Ibuprofen 200mg,35,1.0,35.0
2025-03-06,Vitamin C,24,0.8,19.200000000000003
2025-03-06,Artemether IV,16,15.0,240.0
2025-03-06,Quinine 500mg,17,8.0,136.0
2025-03-06,Amoxicillin 250mg,21,4.0,84.0
2025-03-06,Chloramphenicol,11,6.0,66.0
2025-03-06,Ciprofloxacin 500mg,18,5.5,99.0
2025-03-06,Aspirin 325mg,5,0.8,4.0
2025-03-06,Vitamin B Complex,4,2.5,10.0
2025-03-06,Platelet Support,4,25.0,100.0
2025-03-07,Oseltamivir 75mg,38,12.0,456.0
2025-03-07,Paracetamol 500mg,73,1.5,109.5
2025-03-07,Cough Syrup,55,3.0,165.0
2025-03-07,Ibuprofen 200mg,45,1.0,45.0
2025-03-07,Vitamin C,28,0.8,22.400000000000002
2025-03-07,Artemether IV,16,15.0,240.0
2025-03-07,Quinine 500mg,12,8.0,96.0
2025-03-07,Amoxicillin 250mg,21,4.0,84.0
2025-03-07,Chloramphenicol,18,6.0,108.0
2025-03-07,Ciprofloxacin 500mg,20,5.5,110.0
2025-03-07,Aspirin 325mg,2,0.8,1.6
2025-03-07,Vitamin B Complex,7,2.5,17.5
2025-03-07,Platelet Support,4,25.0,100.0
2025-03-08,Oseltamivir 75mg,30,12.0,360.0
2025-03-08,Paracetamol 500mg,81,1.5,121.5
2025-03-08,Cough Syrup,49,3.0,147.0
2025-03-08,Ibuprofen 200mg,40,1.0,40.0
2025-03-08,Vitamin C,30,0.8,24.0
2025-03-08,Artemether IV,7,15.0,105.0
2025-03-08,Quinine 500mg,12,8.0,96.0
2025-03-08,Amoxicillin 250mg,27,4.0,108.0
2025-03-08,Chloramphenicol,23,6.0,138.0
2025-03-08,Ciprofloxacin 500mg,20,5.5,110.0
2025-03-08,Aspirin 325mg,1,0.8,0.8
2025-03-08,Vitamin B Complex,4,2.5,10.0
2025-03-08,Platelet Support,1,25.0,25.0
2025-03-09,Oseltamivir 75mg,25,12.0,300.0
2025-03-09,Paracetamol 500mg,81,1.5,121.5
2025-03-09,Cough Syrup,63,3.0,189.0
2025-03-09,Ibuprofen 200mg,40,1.0,40.0
2025-03-09,Vitamin C,38,0.8,30.400000000000002
2025-03-09,Artemether IV,15,15.0,225.0
2025-03-09,Quinine 500mg,13,8.0,104.0
2025-03-09,Amoxicillin 250mg,20,4.0,80.0
2025-03-09,Chloramphenicol,19,6.0,114.0
2025-03-09,Ciprofloxacin 500mg,25,5.5,137.5
2025-03-09,Aspirin 325mg,6,0.8,4.800000000000001
2025-03-09,Vitamin B Complex,5,2.5,12.5
2025-03-09,Platelet Support,4,25.0,100.0
2025-03-10,Oseltamivir 75mg,35,12.0,420.0
2025-03-10,Paracetamol 500mg,69,1.5,103.5
2025-03-10,Cough Syrup,64,3.0,192.0
2025-03-10,Ibuprofen 200mg,51,1.0,51.0
2025-03-10,Vitamin C,40,0.8,32.0
2025-03-10,Artemether IV,18,15.0,270.0
2025-03-10,Quinine 500mg,16,8.0,128.0
2025-03-10,Amoxicillin 250mg,25,4.0,100.0
2025-03-10,Chloramphenicol,15,6.0,90.0
2025-03-10,Ciprofloxacin 500mg,25,5.5,137.5
2025-03-10,Aspirin 325mg,6,0.8,4.800000000000001
2025-03-10,Vitamin B Complex,4,2.5,10.0
2025-03-10,Platelet Support,3,25.0,75.0
2025-03-11,Oseltamivir 75mg,34,12.0,408.0
2025-03-11,Paracetamol 500mg,77,1.5,115.5
2025-03-11,Cough Syrup,59,3.0,177.0
2025-03-11,Ibuprofen 200mg,35,1.0,35.0
2025-03-11,Vitamin C,33,0.8,26.400000000000002
2025-03-11,Artemether IV,10,15.0,150.0
2025-03-11,Quinine 500mg,12,8.0,96.0
2025-03-11,Amoxicillin 250mg,25,4.0,100.0
2025-03-11,Chloramphenicol,12,6.0,72.0
2025-03-11,Ciprofloxacin 500mg,22,5.5,121.0
2025-03-11,Aspirin 325mg,4,0.8,3.2
2025-03-11,Vitamin B Complex,2,2.5,5.0
2025-03-11,Platelet Support,2,25.0,50.0
2025-03-12,Oseltamivir 75mg,19,12.0,228.0
2025-03-12,Paracetamol 500mg,90,1.5,135.0
2025-03-12,Cough Syrup,58,3.0,174.0
2025-03-12,Ibuprofen 200mg,46,1.0,46.0
2025-03-12,Vitamin C,22,0.8,17.6
2025-03-12,Artemether IV,8,15.0,120.0
2025-03-12,Quinine 500mg,15,8.0,120.0
2025-03-12,Amoxicillin 250mg,19,4.0,76.0
2025-03-12,Chloramphenicol,12,6.0,72.0
2025-03-12,Ciprofloxacin 500mg,28,5.5,154.0
2025-03-12,Aspirin 325mg,6,0.8,4.800000000000001
2025-03-12,Vitamin B Complex,5,2.5,12.5
2025-03-12,Platelet Support,3,25.0,75.0
2025-03-13,Oseltamivir 75mg,28,12.0,336.0
2025-03-13,Paracetamol 500mg,81,1.5,121.5
2025-03-13,Cough Syrup,57,3.0,171.0
2025-03-13,Ibuprofen 200mg,48,1.0,48.0
2025-03-13,Vitamin C,29,0.8,23.200000000000003
2025-03-13,Artemether IV,13,15.0,195.0
2025-03-13,Quinine 500mg,12,8.0,96.0
2025-03-13,Amoxicillin 250mg,19,4.0,76.0
2025-03-13,Chloramphenicol,18,6.0,108.0
2025-03-13,Ciprofloxacin 500mg,27,5.5,148.5
2025-03-13,Aspirin 325mg,4,0.8,3.2
2025-03-13,Vitamin B Complex,3,2.5,7.5
2025-03-13,Platelet Support,4,25.0,100.0
2025-03-14,Oseltamivir 75mg,32,12.0,384.0
2025-03-14,Paracetamol 500mg,78,1.5,117.0
2025-03-14,Cough Syrup,46,3.0,138.0
2025-03-14,Ibuprofen 200mg,29,1.0,29.0
2025-03-14,Vitamin C,29,0.8,23.200000000000003
2025-03-14,Artemether IV,10,15.0,150.0
2025-03-14,Quinine 500mg,9,8.0,72.0
2025-03-14,Amoxicillin 250mg,30,4.0,120.0
2025-03-14,Chloramphenicol,10,6.0,60.0
2025-03-14,Ciprofloxacin 500mg,27,5.5,148.5
2025-03-14,Aspirin 325mg,2,0.8,1.6
2025-03-14,Vitamin B Complex,4,2.5,10.0
2025-03-14,Platelet Support,2,25.0,50.0
2025-03-15,Oseltamivir 75mg,24,12.0,288.0
2025-03-15,Paracetamol 500mg,58,1.5,87.0
2025-03-15,Cough Syrup,63,3.0,189.0
2025-03-15,Ibuprofen 200mg,36,1.0,36.0
2025-03-15,Vitamin C,30,0.8,24.0
2025-03-15,Artemether IV,6,15.0,90.0
2025-03-15,Quinine 500mg,11,8.0,88.0
2025-03-15,Amoxicillin 250mg,22,4.0,88.0
2025-03-15,Chloramphenicol,13,6.0,78.0
2025-03-15,Ciprofloxacin 500mg,28,5.5,154.0
2025-03-15,Aspirin 325mg,2,0.8,1.6
2025-03-15,Vitamin B Complex,2,2.5,5.0
2025-03-15,Platelet Support,2,25.0,50.0
2025-03-16,Oseltamivir 75mg,25,12.0,300.0
2025-03-16,Paracetamol 500mg,68,1.5,102.0
2025-03-16,Cough Syrup,36,3.0,108.0
2025-03-16,Ibuprofen 200mg,29,1.0,29.0
2025-03-16,Vitamin C,25,0.8,20.0
2025-03-16,Artemether IV,3,15.0,45.0
2025-03-16,Quinine 500mg,5,8.0,40.0
2025-03-16,Amoxicillin 250mg,25,4.0,100.0
2025-03-16,Chloramphenicol,19,6.0,114.0
2025-03-16,Ciprofloxacin 500mg,32,5.5,176.0
2025-03-16,Aspirin 325mg,4,0.8,3.2
2025-03-16,Vitamin B Complex,4,2.5,10.0
2025-03-16,Platelet Support,6,25.0,150.0
2025-03-17,Oseltamivir 75mg,27,12.0,324.0
2025-03-17,Paracetamol 500mg,65,1.5,97.5
2025-03-17,Cough Syrup,49,3.0,147.0
2025-03-17,Ibuprofen 200mg,30,1.0,30.0
2025-03-17,Vitamin C,24,0.8,19.200000000000003
2025-03-17,Artemether IV,14,15.0,210.0
2025-03-17,Quinine 500mg,12,8.0,96.0
2025-03-17,Amoxicillin 250mg,32,4.0,128.0
2025-03-17,Chloramphenicol,17,6.0,102.0
2025-03-17,Ciprofloxacin 500mg,28,5.5,154.0
2025-03-17,Aspirin 325mg,4,0.8,3.2
2025-03-17,Vitamin B Complex,5,2.5,12.5
2025-03-17,Platelet Support,1,25.0,25.0
2025-03-18,Oseltamivir 75mg,26,12.0,312.0
2025-03-18,Paracetamol 500mg,84,1.5,126.0
2025-03-18,Cough Syrup,51,3.0,153.0
2025-03-18,Ibuprofen 200mg,38,1.0,38.0
2025-03-18,Vitamin C,28,0.8,22.400000000000002
2025-03-18,Artemether IV,14,15.0,210.0
2025-03-18,Quinine 500mg,9,8.0,72.0
2025-03-18,Amoxicillin 250mg,33,4.0,132.0
2025-03-18,Chloramphenicol,13,6.0,78.0
2025-03-18,Ciprofloxacin 500mg,27,5.5,148.5
2025-03-18,Aspirin 325mg,2,0.8,1.6
2025-03-18,Vitamin B Complex,3,2.5,7.5
2025-03-18,Platelet Support,3,25.0,75.0
2025-03-19,Oseltamivir 75mg,32,12.0,384.0
2025-03-19,Paracetamol 500mg,58,1.5,87.0
2025-03-19,Cough Syrup,56,3.0,168.0
2025-03-19,Ibuprofen 200mg,42,1.0,42.0
2025-03-19,Vitamin C,24,0.8,19.200000000000003
2025-03-19,Artemether IV,12,15.0,180.0
2025-03-19,Quinine 500mg,15,8.0,120.0
2025-03-19,Amoxicillin 250mg,33,4.0,132.0
2025-03-19,Chloramphenicol,17,6.0,102.0
2025-03-19,Ciprofloxacin 500mg,25,5.5,137.5
2025-03-19,Aspirin 325mg,4,0.8,3.2
2025-03-19,Vitamin B Complex,6,2.5,15.0
2025-03-19,Platelet Support,8,25.0,200.0
2025-03-20,Oseltamivir 75mg,21,12.0,252.0
2025-03-20,Paracetamol 500mg,72,1.5,108.0
2025-03-20,Cough Syrup,48,3.0,144.0
2025-03-20,Ibuprofen 200mg,44,1.0,44.0
2025-03-20,Vitamin C,26,0.8,20.8
2025-03-20,Artemether IV,5,15.0,75.0
2025-03-20,Quinine 500mg,12,8.0,96.0
2025-03-20,Amoxicillin 250mg,27,4.0,108.0
2025-03-20,Chloramphenicol,15,6.0,90.0
2025-03-20,Ciprofloxacin 500mg,25,5.5,137.5
2025-03-20,Aspirin 325mg,2,0.8,1.6
2025-03-20,Vitamin B Complex,4,2.5,10.0
2025-03-20,Platelet Support,3,25.0,75.0
2025-03-21,Oseltamivir 75mg,26,12.0,312.0
2025-03-21,Paracetamol 500mg,78,1.5,117.0
2025-03-21,Cough Syrup,49,3.0,147.0
2025-03-21,Ibuprofen 200mg,29,1.0,29.0
2025-03-21,Vitamin C,26,0.8,20.8
2025-03-21,Artemether IV,9,15.0,135.0
2025-03-21,Quinine 500mg,6,8.0,48.0
2025-03-21,Amoxicillin 250mg,29,4.0,116.0
2025-03-21,Chloramphenicol,15,6.0,90.0
2025-03-21,Ciprofloxacin 500mg,41,5.5,225.5
2025-03-21,Vitamin B Complex,6,2.5,15.0
2025-03-21,Platelet Support,3,25.0,75.0
2025-03-22,Oseltamivir 75mg,34,12.0,408.0
2025-03-22,Paracetamol 500mg,72,1.5,108.0
2025-03-22,Cough Syrup,51,3.0,153.0
2025-03-22,Ibuprofen 200mg,27,1.0,27.0
2025-03-22,Vitamin C,34,0.8,27.200000000000003
2025-03-22,Artemether IV,11,15.0,165.0
2025-03-22,Quinine 500mg,10,8.0,80.0
2025-03-22,Amoxicillin 250mg,29,4.0,116.0
2025-03-22,Chloramphenicol,10,6.0,60.0
2025-03-22,Ciprofloxacin 500mg,15,5.5,82.5
2025-03-22,Aspirin 325mg,2,0.8,1.6
2025-03-22,Vitamin B Complex,4,2.5,10.0
2025-03-22,Platelet Support,3,25.0,75.0
2025-03-23,Oseltamivir 75mg,26,12.0,312.0
2025-03-23,Paracetamol 500mg,73,1.5,109.5
2025-03-23,Cough Syrup,58,3.0,174.0
2025-03-23,Ibuprofen 200mg,39,1.0,39.0
2025-03-23,Vitamin C,26,0.8,20.8
2025-03-23,Artemether IV,8,15.0,120.0
2025-03-23,Quinine 500mg,13,8.0,104.0
2025-03-23,Amoxicillin 250mg,25,4.0,100.0
2025-03-23,Chloramphenicol,6,6.0,36.0
2025-03-23,Ciprofloxacin 500mg,24,5.5,132.0
2025-03-23,Aspirin 325mg,4,0.8,3.2
2025-03-23,Vitamin B Complex,5,2.5,12.5
2025-03-23,Platelet Support,3,25.0,75.0
2025-03-24,Oseltamivir 75mg,30,12.0,360.0
2025-03-24,Paracetamol 500mg,82,1.5,123.0
2025-03-24,Cough Syrup,50,3.0,150.0
2025-03-24,Ibuprofen 200mg,38,1.0,38.0
2025-03-24,Vitamin C,31,0.8,24.8
2025-03-24,Artemether IV,11,15.0,165.0
2025-03-24,Quinine 500mg,8,8.0,64.0
2025-03-24,Amoxicillin 250mg,16,4.0,64.0
2025-03-24,Chloramphenicol,12,6.0,72.0
2025-03-24,Ciprofloxacin 500mg,19,5.5,104.5
2025-03-24,Aspirin 325mg,3,0.8,2.4000000000000004
2025-03-24,Vitamin B Complex,3,2.5,7.5
2025-03-24,Platelet Support,1,25.0,25.0
2025-03-25,Oseltamivir 75mg,27,12.0,324.0
2025-03-25,Paracetamol 500mg,75,1.5,112.5
2025-03-25,Cough Syrup,60,3.0,180.0
2025-03-25,Ibuprofen 200mg,27,1.0,27.0
2025-03-25,Vitamin C,34,0.8,27.200000000000003
2025-03-25,Artemether IV,6,15.0,90.0
2025-03-25,Quinine 500mg,10,8.0,80.0
2025-03-25,Amoxicillin 250mg,19,4.0,76.0
2025-03-25,Chloramphenicol,12,6.0,72.0
2025-03-25,Ciprofloxacin 500mg,26,5.5,143.0
2025-03-25,Aspirin 325mg,8,0.8,6.4
2025-03-25,Vitamin B Complex,2,2.5,5.0
2025-03-25,Platelet Support,2,25.0,50.0
2025-03-26,Oseltamivir 75mg,33,12.0,396.0
2025-03-26,Paracetamol 500mg,65,1.5,97.5
2025-03-26,Cough Syrup,54,3.0,162.0
2025-03-26,Ibuprofen 200mg,45,1.0,45.0
2025-03-26,Vitamin C,18,0.8,14.4
2025-03-26,Artemether IV,8,15.0,120.0
2025-03-26,Quinine 500mg,10,8.0,80.0
2025-03-26,Amoxicillin 250mg,26,4.0,104.0
2025-03-26,Chloramphenicol,7,6.0,42.0
2025-03-26,Ciprofloxacin 500mg,26,5.5,143.0
2025-03-26,Aspirin 325mg,8,0.8,6.4
2025-03-26,Vitamin B Complex,6,2.5,15.0
2025-03-26,Platelet Support,2,25.0,50.0
2025-03-27,Oseltamivir 75mg,31,12.0,372.0
2025-03-27,Paracetamol 500mg,72,1.5,108.0
2025-03-27,Cough Syrup,56,3.0,168.0
2025-03-27,Ibuprofen 200mg,45,1.0,45.0
2025-03-27,Vitamin C,27,0.8,21.6
2025-03-27,Artemether IV,11,15.0,165.0
2025-03-27,Quinine 500mg,8,8.0,64.0
2025-03-27,Amoxicillin 250mg,23,4.0,92.0
2025-03-27,Chloramphenicol,14,6.0,84.0
2025-03-27,Ciprofloxacin 500mg,26,5.5,143.0
2025-03-27,Aspirin 325mg,2,0.8,1.6
2025-03-27,Platelet Support,1,25.0,25.0
2025-03-28,Oseltamivir 75mg,27,12.0,324.0
2025-03-28,Paracetamol 500mg,68,1.5,102.0
2025-03-28,Cough Syrup,56,3.0,168.0
2025-03-28,Ibuprofen 200mg,26,1.0,26.0
2025-03-28,Vitamin C,38,0.8,30.400000000000002
2025-03-28,Artemether IV,6,15.0,90.0
2025-03-28,Quinine 500mg,4,8.0,32.0
2025-03-28,Amoxicillin 250mg,18,4.0,72.0
2025-03-28,Chloramphenicol,15,6.0,90.0
2025-03-28,Ciprofloxacin 500mg,35,5.5,192.5
2025-03-28,Aspirin 325mg,2,0.8,1.6
2025-03-28,Vitamin B Complex,1,2.5,2.5
2025-03-28,Platelet Support,2,25.0,50.0
2025-03-29,Oseltamivir 75mg,28,12.0,336.0
2025-03-29,Paracetamol 500mg,89,1.5,133.5
2025-03-29,Cough Syrup,70,3.0,210.0
2025-03-29,Ibuprofen 200mg,35,1.0,35.0
2025-03-29,Vitamin C,30,0.8,24.0
2025-03-29,Artemether IV,7,15.0,105.0
2025-03-29,Quinine 500mg,9,8.0,72.0
2025-03-29,Amoxicillin 250mg,16,4.0,64.0
2025-03-29,Chloramphenicol,12,6.0,72.0
2025-03-29,Ciprofloxacin 500mg,29,5.5,159.5
2025-03-29,Aspirin 325mg,3,0.8,2.4000000000000004
2025-03-29,Vitamin B Complex,4,2.5,10.0
2025-03-29,Platelet Support,2,25.0,50.0
2025-03-30,Oseltamivir 75mg,29,12.0,348.0
2025-03-30,Paracetamol 500mg,67,1.5,100.5
2025-03-30,Cough Syrup,49,3.0,147.0
2025-03-30,Ibuprofen 200mg,27,1.0,27.0
2025-03-30,Vitamin C,35,0.8,28.0
2025-03-30,Artemether IV,12,15.0,180.0
2025-03-30,Quinine 500mg,10,8.0,80.0
2025-03-30,Amoxicillin 250mg,28,4.0,112.0
2025-03-30,Chloramphenicol,12,6.0,72.0
2025-03-30,Ciprofloxacin 500mg,15,5.5,82.5
2025-03-30,Aspirin 325mg,9,0.8,7.2
2025-03-30,Vitamin B Complex,2,2.5,5.0
2025-03-30,Platelet Support,3,25.0,75.0
2025-03-31,Oseltamivir 75mg,36,12.0,432.0
2025-03-31,Paracetamol 500mg,72,1.5,108.0
2025-03-31,Cough Syrup,60,3.0,180.0
2025-03-31,Ibuprofen 200mg,38,1.0,38.0
2025-03-31,Vitamin C,36,0.8,28.8
2025-03-31,Artemether IV,11,15.0,165.0
2025-03-31,Quinine 500mg,10,8.0,80.0
2025-03-31,Amoxicillin 250mg,20,4.0,80.0
2025-03-31,Chloramphenicol,11,6.0,66.0
2025-03-31,Ciprofloxacin 500mg,17,5.5,93.5
2025-03-31,Aspirin 325mg,4,0.8,3.2
2025-03-31,Vitamin B Complex,3,2.5,7.5
2025-03-31,Platelet Support,3,25.0,75.0
2025-04-01,Oseltamivir 75mg,23,12.0,276.0
2025-04-01,Paracetamol 500mg,81,1.5,121.5
2025-04-01,Cough Syrup,65,3.0,195.0
2025-04-01,Ibuprofen 200mg,34,1.0,34.0
2025-04-01,Vitamin C,21,0.8,16.8
2025-04-01,Artemether IV,10,15.0,150.0
2025-04-01,Quinine 500mg,7,8.0,56.0
2025-04-01,Amoxicillin 250mg,33,4.0,132.0
2025-04-01,Chloramphenicol,11,6.0,66.0
2025-04-01,Ciprofloxacin 500mg,36,5.5,198.0
2025-04-01,Aspirin 325mg,4,0.8,3.2
2025-04-01,Vitamin B Complex,1,2.5,2.5
2025-04-01,Platelet Support,2,25.0,50.0
2025-04-02,Oseltamivir 75mg,32,12.0,384.0
2025-04-02,Paracetamol 500mg,86,1.5,129.0
2025-04-02,Cough Syrup,41,3.0,123.0
2025-04-02,Ibuprofen 200mg,43,1.0,43.0
2025-04-02,Vitamin C,33,0.8,26.400000000000002
2025-04-02,Artemether IV,12,15.0,180.0
2025-04-02,Quinine 500mg,11,8.0,88.0
2025-04-02,Amoxicillin 250mg,19,4.0,76.0
2025-04-02,Chloramphenicol,7,6.0,42.0
2025-04-02,Ciprofloxacin 500mg,18,5.5,99.0
2025-04-02,Aspirin 325mg,1,0.8,0.8
2025-04-02,Vitamin B Complex,4,2.5,10.0
2025-04-02,Platelet Support,3,25.0,75.0
2025-04-03,Oseltamivir 75mg,32,12.0,384.0
2025-04-03,Paracetamol 500mg,68,1.5,102.0
2025-04-03,Cough Syrup,52,3.0,156.0
2025-04-03,Ibuprofen 200mg,34,1.0,34.0
2025-04-03,Vitamin C,33,0.8,26.400000000000002
2025-04-03,Artemether IV,8,15.0,120.0
2025-04-03,Quinine 500mg,14,8.0,112.0
2025-04-03,Amoxicillin 250mg,22,4.0,88.0
2025-04-03,Chloramphenicol,10,6.0,60.0
2025-04-03,Ciprofloxacin 500mg,24,5.5,132.0
2025-04-03,Aspirin 325mg,4,0.8,3.2
2025-04-03,Vitamin B Complex,4,2.5,10.0
2025-04-03,Platelet Support,5,25.0,125.0
2025-04-04,Oseltamivir 75mg,25,12.0,300.0
2025-04-04,Paracetamol 500mg,69,1.5,103.5
2025-04-04,Cough Syrup,51,3.0,153.0
2025-04-04,Ibuprofen 200mg,31,1.0,31.0
2025-04-04,Vitamin C,22,0.8,17.6
2025-04-04,Artemether IV,8,15.0,120.0
2025-04-04,Quinine 500mg,10,8.0,80.0
2025-04-04,Amoxicillin 250mg,35,4.0,140.0
2025-04-04,Chloramphenicol,9,6.0,54.0
2025-04-04,Ciprofloxacin 500mg,25,5.5,137.5
2025-04-04,Aspirin 325mg,4,0.8,3.2
2025-04-04,Vitamin B Complex,4,2.5,10.0
2025-04-04,Platelet Support,3,25.0,75.0
2025-04-05,Oseltamivir 75mg,27,12.0,324.0
2025-04-05,Paracetamol 500mg,74,1.5,111.0
2025-04-05,Cough Syrup,43,3.0,129.0
2025-04-05,Ibuprofen 200mg,41,1.0,41.0
2025-04-05,Vitamin C,25,0.8,20.0
2025-04-05,Artemether IV,13,15.0,195.0
2025-04-05,Quinine 500mg,21,8.0,168.0
2025-04-05,Amoxicillin 250mg,21,4.0,84.0
2025-04-05,Chloramphenicol,10,6.0,60.0
2025-04-05,Ciprofloxacin 500mg,17,5.5,93.5
2025-04-05,Aspirin 325mg,4,0.8,3.2
2025-04-05,Vitamin B Complex,4,2.5,10.0
2025-04-05,Platelet Support,2,25.0,50.0
2025-04-06,Oseltamivir 75mg,30,12.0,360.0
2025-04-06,Paracetamol 500mg,70,1.5,105.0
2025-04-06,Cough Syrup,69,3.0,207.0
2025-04-06,Ibuprofen 200mg,34,1.0,34.0
2025-04-06,Vitamin C,31,0.8,24.8
2025-04-06,Artemether IV,11,15.0,165.0
2025-04-06,Quinine 500mg,17,8.0,136.0
2025-04-06,Amoxicillin 250mg,25,4.0,100.0
2025-04-06,Chloramphenicol,3,6.0,18.0
2025-04-06,Ciprofloxacin 500mg,23,5.5,126.5
2025-04-06,Aspirin 325mg,4,0.8,3.2
2025-04-06,Vitamin B Complex,4,2.5,10.0
2025-04-06,Platelet Support,3,25.0,75.0
2025-04-07,Oseltamivir 75mg,35,12.0,420.0
2025-04-07,Paracetamol 500mg,77,1.5,115.5
2025-04-07,Cough Syrup,55,3.0,165.0
2025-04-07,Ibuprofen 200mg,33,1.0,33.0
2025-04-07,Vitamin C,37,0.8,29.6
2025-04-07,Artemether IV,16,15.0,240.0
2025-04-07,Quinine 500mg,18,8.0,144.0
2025-04-07,Amoxicillin 250mg,13,4.0,52.0
2025-04-07,Ciprofloxacin 500mg,18,5.5,99.0
2025-04-07,Aspirin 325mg,1,0.8,0.8
2025-04-07,Chloramphenicol,4,6.0,24.0
2025-04-07,Vitamin B Complex,1,2.5,2.5
2025-04-07,Platelet Support,1,25.0,25.0
2025-04-08,Oseltamivir 75mg,30,12.0,360.0
2025-04-08,Paracetamol 500mg,68,1.5,102.0
2025-04-08,Cough Syrup,51,3.0,153.0
2025-04-08,Ibuprofen 200mg,38,1.0,38.0
2025-04-08,Vitamin C,32,0.8,25.6
2025-04-08,Artemether IV,14,15.0,210.0
2025-04-08,Quinine 500mg,20,8.0,160.0
2025-04-08,Amoxicillin 250mg,9,4.0,36.0
2025-04-08,Ciprofloxacin 500mg,14,5.5,77.0
2025-04-08,Chloramphenicol,2,6.0,12.0
2025-04-08,Vitamin B Complex,3,2.5,7.5
2025-04-08,Platelet Support,4,25.0,100.0
2025-04-09,Oseltamivir 75mg,27,12.0,324.0
2025-04-09,Paracetamol 500mg,62,1.5,93.0
2025-04-09,Cough Syrup,51,3.0,153.0
2025-04-09,Ibuprofen 200mg,50,1.0,50.0
2025-04-09,Vitamin C,33,0.8,26.400000000000002
2025-04-09,Artemether IV,18,15.0,270.0
2025-04-09,Quinine 500mg,22,8.0,176.0
2025-04-09,Amoxicillin 250mg,16,4.0,64.0
2025-04-09,Ciprofloxacin 500mg,11,5.5,60.5
2025-04-09,Aspirin 325mg,2,0.8,1.6
2025-04-09,Chloramphenicol,2,6.0,12.0
2025-04-09,Vitamin B Complex,4,2.5,10.0
2025-04-09,Platelet Support,5,25.0,125.0
2025-04-10,Oseltamivir 75mg,38,12.0,456.0
2025-04-10,Paracetamol 500mg,61,1.5,91.5
2025-04-10,Cough Syrup,52,3.0,156.0
2025-04-10,Ibuprofen 200mg,36,1.0,36.0
2025-04-10,Vitamin C,32,0.8,25.6
2025-04-10,Artemether IV,15,15.0,225.0
2025-04-10,Quinine 500mg,18,8.0,144.0
2025-04-10,Amoxicillin 250mg,8,4.0,32.0
2025-04-10,Ciprofloxacin 500mg,12,5.5,66.0
2025-04-10,Aspirin 325mg,2,0.8,1.6
2025-04-10,Vitamin B Complex,3,2.5,7.5
2025-04-10,Platelet Support,4,25.0,100.0
2025-04-11,Oseltamivir 75mg,42,12.0,504.0
2025-04-11,Paracetamol 500mg,67,1.5,100.5
2025-04-11,Cough Syrup,34,3.0,102.0
2025-04-11,Ibuprofen 200mg,45,1.0,45.0
2025-04-11,Vitamin C,23,0.8,18.400000000000002
2025-04-11,Artemether IV,8,15.0,120.0
2025-04-11,Quinine 500mg,13,8.0,104.0
2025-04-11,Amoxicillin 250mg,10,4.0,40.0
2025-04-11,Ciprofloxacin 500mg,13,5.5,71.5
2025-04-11,Aspirin 325mg,2,0.8,1.6
2025-04-11,Chloramphenicol,2,6.0,12.0
2025-04-11,Vitamin B Complex,3,2.5,7.5
2025-04-11,Platelet Support,1,25.0,25.0
2025-04-12,Oseltamivir 75mg,25,12.0,300.0
2025-04-12,Paracetamol 500mg,65,1.5,97.5
2025-04-12,Cough Syrup,57,3.0,171.0
2025-04-12,Ibuprofen 200mg,36,1.0,36.0
2025-04-12,Vitamin C,20,0.8,16.0
2025-04-12,Artemether IV,10,15.0,150.0
2025-04-12,Quinine 500mg,17,8.0,136.0
2025-04-12,Amoxicillin 250mg,19,4.0,76.0
2025-04-12,Ciprofloxacin 500mg,19,5.5,104.5
2025-04-12,Aspirin 325mg,4,0.8,3.2
2025-04-12,Chloramphenicol,4,6.0,24.0
2025-04-12,Vitamin B Complex,6,2.5,15.0
2025-04-12,Platelet Support,2,25.0,50.0
2025-04-13,Oseltamivir 75mg,30,12.0,360.0
2025-04-13,Paracetamol 500mg,50,1.5,75.0
2025-04-13,Cough Syrup,48,3.0,144.0
2025-04-13,Ibuprofen 200mg,30,1.0,30.0
2025-04-13,Vitamin C,28,0.8,22.400000000000002
2025-04-13,Artemether IV,14,15.0,210.0
2025-04-13,Quinine 500mg,10,8.0,80.0
2025-04-13,Amoxicillin 250mg,9,4.0,36.0
2025-04-13,Ciprofloxacin 500mg,12,5.5,66.0
2025-04-13,Aspirin 325mg,4,0.8,3.2
2025-04-13,Chloramphenicol,3,6.0,18.0
2025-04-13,Vitamin B Complex,1,2.5,2.5
2025-04-13,Platelet Support,3,25.0,75.0
2025-04-14,Oseltamivir 75mg,38,12.0,456.0
2025-04-14,Paracetamol 500mg,63,1.5,94.5
2025-04-14,Cough Syrup,55,3.0,165.0
2025-04-14,Ibuprofen 200mg,32,1.0,32.0
2025-04-14,Vitamin C,43,0.8,34.4
2025-04-14,Artemether IV,9,15.0,135.0
2025-04-14,Quinine 500mg,8,8.0,64.0
2025-04-14,Platelet Support,12,25.0,300.0
2025-04-14,Amoxicillin 250mg,10,4.0,40.0
2025-04-14,Ciprofloxacin 500mg,9,5.5,49.5
2025-04-14,Aspirin 325mg,6,0.8,4.800000000000001
2025-04-14,Chloramphenicol,3,6.0,18.0
2025-04-14,Vitamin B Complex,4,2.5,10.0
2025-04-15,Oseltamivir 75mg,26,12.0,312.0
2025-04-15,Paracetamol 500mg,70,1.5,105.0
2025-04-15,Cough Syrup,53,3.0,159.0
2025-04-15,Ibuprofen 200mg,60,1.0,60.0
2025-04-15,Vitamin C,47,0.8,37.6
2025-04-15,Artemether IV,7,15.0,105.0
2025-04-15,Quinine 500mg,17,8.0,136.0
2025-04-15,Platelet Support,10,25.0,250.0
2025-04-15,Amoxicillin 250mg,14,4.0,56.0
2025-04-15,Ciprofloxacin 500mg,20,5.5,110.0
2025-04-15,Aspirin 325mg,5,0.8,4.0
2025-04-15,Chloramphenicol,4,6.0,24.0
2025-04-15,Vitamin B Complex,5,2.5,12.5
2025-04-16,Oseltamivir 75mg,25,12.0,300.0
2025-04-16,Paracetamol 500mg,80,1.5,120.0
2025-04-16,Cough Syrup,64,3.0,192.0
2025-04-16,Ibuprofen 200mg,40,1.0,40.0
2025-04-16,Vitamin C,51,0.8,40.800000000000004
2025-04-16,Artemether IV,13,15.0,195.0
2025-04-16,Quinine 500mg,5,8.0,40.0
2025-04-16,Platelet Support,11,25.0,275.0
2025-04-16,Amoxicillin 250mg,5,4.0,20.0
2025-04-16,Ciprofloxacin 500mg,14,5.5,77.0
2025-04-16,Aspirin 325mg,5,0.8,4.0
2025-04-16,Chloramphenicol,1,6.0,6.0
2025-04-16,Vitamin B Complex,4,2.5,10.0
2025-04-17,Oseltamivir 75mg,23,12.0,276.0
2025-04-17,Paracetamol 500mg,69,1.5,103.5
2025-04-17,Cough Syrup,59,3.0,177.0
2025-04-17,Ibuprofen 200mg,50,1.0,50.0
2025-04-17,Vitamin C,36,0.8,28.8
2025-04-17,Artemether IV,7,15.0,105.0
2025-04-17,Quinine 500mg,11,8.0,88.0
2025-04-17,Platelet Support,10,25.0,250.0
2025-04-17,Amoxicillin 250mg,12,4.0,48.0
2025-04-17,Ciprofloxacin 500mg,18,5.5,99.0
2025-04-17,Aspirin 325mg,4,0.8,3.2
2025-04-17,Chloramphenicol,2,6.0,12.0
2025-04-17,Vitamin B Complex,2,2.5,5.0
2025-04-18,Oseltamivir 75mg,20,12.0,240.0
2025-04-18,Paracetamol 500mg,70,1.5,105.0
2025-04-18,Cough Syrup,52,3.0,156.0
2025-04-18,Ibuprofen 200mg,39,1.0,39.0
2025-04-18,Vitamin C,43,0.8,34.4
2025-04-18,Artemether IV,10,15.0,150.0
2025-04-18,Quinine 500mg,12,8.0,96.0
2025-04-18,Platelet Support,9,25.0,225.0
2025-04-18,Amoxicillin 250mg,14,4.0,56.0
2025-04-18,Ciprofloxacin 500mg,13,5.5,71.5
2025-04-18,Aspirin 325mg,1,0.8,0.8
2025-04-18,Chloramphenicol,4,6.0,24.0
2025-04-18,Vitamin B Complex,2,2.5,5.0
2025-04-19,Oseltamivir 75mg,24,12.0,288.0
2025-04-19,Paracetamol 500mg,51,1.5,76.5
2025-04-19,Cough Syrup,51,3.0,153.0
2025-04-19,Ibuprofen 200mg,34,1.0,34.0
2025-04-19,Vitamin C,23,0.8,18.400000000000002
2025-04-19,Platelet Support,15,25.0,375.0
2025-04-19,Amoxicillin 250mg,18,4.0,72.0
2025-04-19,Ciprofloxacin 500mg,14,5.5,77.0
2025-04-19,Aspirin 325mg,2,0.8,1.6
2025-04-19,Chloramphenicol,1,6.0,6.0
2025-04-19,Vitamin B Complex,2,2.5,5.0
2025-04-19,Artemether IV,4,15.0,60.0
2025-04-19,Quinine 500mg,2,8.0,16.0
2025-04-20,Oseltamivir 75mg,32,12.0,384.0
2025-04-20,Paracetamol 500mg,77,1.5,115.5
2025-04-20,Cough Syrup,46,3.0,138.0
2025-04-20,Ibuprofen 200mg,35,1.0,35.0
2025-04-20,Vitamin C,42,0.8,33.6
2025-04-20,Platelet Support,14,25.0,350.0
2025-04-20,Amoxicillin 250mg,12,4.0,48.0
2025-04-20,Ciprofloxacin 500mg,8,5.5,44.0
2025-04-20,Aspirin 325mg,1,0.8,0.8
2025-04-20,Chloramphenicol,6,6.0,36.0
2025-04-20,Vitamin B Complex,6,2.5,15.0
2025-04-20,Artemether IV,3,15.0,45.0
2025-04-20,Quinine 500mg,1,8.0,8.0
2025-04-21,Oseltamivir 75mg,23,12.0,276.0
2025-04-21,Paracetamol 500mg,70,1.5,105.0
2025-04-21,Cough Syrup,51,3.0,153.0
2025-04-21,Ibuprofen 200mg,44,1.0,44.0
2025-04-21,Vitamin C,49,0.8,39.2
2025-04-21,Platelet Support,13,25.0,325.0
2025-04-21,Amoxicillin 250mg,13,4.0,52.0
2025-04-21,Ciprofloxacin 500mg,16,5.5,88.0
2025-04-21,Aspirin 325mg,4,0.8,3.2
2025-04-21,Chloramphenicol,3,6.0,18.0
2025-04-21,Vitamin B Complex,2,2.5,5.0
2025-04-21,Artemether IV,4,15.0,60.0
2025-04-21,Quinine 500mg,4,8.0,32.0
2025-04-22,Oseltamivir 75mg,30,12.0,360.0
2025-04-22,Paracetamol 500mg,64,1.5,96.0
2025-04-22,Cough Syrup,55,3.0,165.0
2025-04-22,Ibuprofen 200mg,53,1.0,53.0
2025-04-22,Vitamin C,46,0.8,36.800000000000004
2025-04-22,Platelet Support,17,25.0,425.0
2025-04-22,Amoxicillin 250mg,20,4.0,80.0
2025-04-22,Ciprofloxacin 500mg,10,5.5,55.0
2025-04-22,Aspirin 325mg,5,0.8,4.0
2025-04-22,Chloramphenicol,3,6.0,18.0
2025-04-22,Vitamin B Complex,3,2.5,7.5
2025-04-22,Artemether IV,1,15.0,15.0
2025-04-22,Quinine 500mg,2,8.0,16.0
2025-04-23,Oseltamivir 75mg,35,12.0,420.0
2025-04-23,Paracetamol 500mg,74,1.5,111.0
2025-04-23,Cough Syrup,68,3.0,204.0
2025-04-23,Ibuprofen 200mg,34,1.0,34.0
2025-04-23,Vitamin C,48,0.8,38.400000000000006
2025-04-23,Platelet Support,17,25.0,425.0
2025-04-23,Amoxicillin 250mg,19,4.0,76.0
2025-04-23,Ciprofloxacin 500mg,19,5.5,104.5
2025-04-23,Aspirin 325mg,1,0.8,0.8
2025-04-23,Chloramphenicol,4,6.0,24.0
2025-04-23,Vitamin B Complex,3,2.5,7.5
2025-04-23,Artemether IV,7,15.0,105.0
2025-04-23,Quinine 500mg,3,8.0,24.0
2025-04-24,Oseltamivir 75mg,30,12.0,360.0
2025-04-24,Paracetamol 500mg,61,1.5,91.5
2025-04-24,Cough Syrup,59,3.0,177.0
2025-04-24,Ibuprofen 200mg,50,1.0,50.0
2025-04-24,Vitamin C,29,0.8,23.200000000000003
2025-04-24,Platelet Support,10,25.0,250.0
2025-04-24,Amoxicillin 250mg,16,4.0,64.0
2025-04-24,Ciprofloxacin 500mg,14,5.5,77.0
2025-04-24,Aspirin 325mg,4,0.8,3.2
2025-04-24,Chloramphenicol,1,6.0,6.0
2025-04-24,Vitamin B Complex,2,2.5,5.0
2025-04-24,Artemether IV,4,15.0,60.0
2025-04-24,Quinine 500mg,4,8.0,32.0
2025-04-25,Oseltamivir 75mg,23,12.0,276.0
2025-04-25,Paracetamol 500mg,79,1.5,118.5
2025-04-25,Cough Syrup,66,3.0,198.0
2025-04-25,Ibuprofen 200mg,32,1.0,32.0
2025-04-25,Vitamin C,33,0.8,26.400000000000002
2025-04-25,Platelet Support,13,25.0,325.0
2025-04-25,Amoxicillin 250mg,10,4.0,40.0
2025-04-25,Ciprofloxacin 500mg,17,5.5,93.5
2025-04-25,Aspirin 325mg,6,0.8,4.800000000000001
2025-04-25,Chloramphenicol,6,6.0,36.0
2025-04-25,Vitamin B Complex,2,2.5,5.0
2025-04-25,Artemether IV,2,15.0,30.0
2025-04-26,Oseltamivir 75mg,17,12.0,204.0
2025-04-26,Paracetamol 500mg,60,1.5,90.0
2025-04-26,Cough Syrup,52,3.0,156.0
2025-04-26,Ibuprofen 200mg,43,1.0,43.0
2025-04-26,Vitamin C,27,0.8,21.6
2025-04-26,Platelet Support,7,25.0,175.0
2025-04-26,Amoxicillin 250mg,20,4.0,80.0
2025-04-26,Ciprofloxacin 500mg,20,5.5,110.0
2025-04-26,Chloramphenicol,1,6.0,6.0
2025-04-26,Vitamin B Complex,2,2.5,5.0
2025-04-26,Quinine 500mg,2,8.0,16.0
2025-04-27,Oseltamivir 75mg,29,12.0,348.0
2025-04-27,Paracetamol 500mg,55,1.5,82.5
2025-04-27,Cough Syrup,66,3.0,198.0
2025-04-27,Ibuprofen 200mg,32,1.0,32.0
2025-04-27,Vitamin C,37,0.8,29.6
2025-04-27,Platelet Support,10,25.0,250.0
2025-04-27,Amoxicillin 250mg,13,4.0,52.0
2025-04-27,Ciprofloxacin 500mg,16,5.5,88.0
2025-04-27,Chloramphenicol,5,6.0,30.0
2025-04-27,Vitamin B Complex,2,2.5,5.0
2025-04-27,Artemether IV,6,15.0,90.0
2025-04-27,Quinine 500mg,4,8.0,32.0
2025-04-28,Oseltamivir 75mg,12,12.0,144.0
2025-04-28,Paracetamol 500mg,47,1.5,70.5
2025-04-28,Cough Syrup,49,3.0,147.0
2025-04-28,Ibuprofen 200mg,32,1.0,32.0
2025-04-28,Vitamin C,29,0.8,23.200000000000003
2025-04-28,Platelet Support,8,25.0,200.0
2025-04-28,Amoxicillin 250mg,17,4.0,68.0
2025-04-28,Ciprofloxacin 500mg,19,5.5,104.5
2025-04-28,Aspirin 325mg,3,0.8,2.4000000000000004
2025-04-28,Chloramphenicol,5,6.0,30.0
2025-04-28,Vitamin B Complex,5,2.5,12.5
2025-04-28,Artemether IV,2,15.0,30.0
2025-04-28,Quinine 500mg,3,8.0,24.0
2025-04-29,Oseltamivir 75mg,20,12.0,240.0
2025-04-29,Paracetamol 500mg,62,1.5,93.0
2025-04-29,Cough Syrup,37,3.0,111.0
2025-04-29,Ibuprofen 200mg,32,1.0,32.0
2025-04-29,Vitamin C,34,0.8,27.200000000000003
2025-04-29,Platelet Support,8,25.0,200.0
2025-04-29,Amoxicillin 250mg,14,4.0,56.0
2025-04-29,Ciprofloxacin 500mg,17,5.5,93.5
2025-04-29,Aspirin 325mg,4,0.8,3.2
2025-04-29,Chloramphenicol,4,6.0,24.0
2025-04-29,Vitamin B Complex,3,2.5,7.5
2025-04-29,Artemether IV,1,15.0,15.0
2025-04-29,Quinine 500mg,3,8.0,24.0
2025-04-30,Oseltamivir 75mg,22,12.0,264.0
2025-04-30,Paracetamol 500mg,48,1.5,72.0
2025-04-30,Vitamin C,38,0.8,30.400000000000002
2025-04-30,Cough Syrup,28,3.0,84.0
2025-04-30,Platelet Support,14,25.0,350.0
2025-04-30,Ibuprofen 200mg,24,1.0,24.0
2025-04-30,Amoxicillin 250mg,6,4.0,24.0
2025-04-30,Ciprofloxacin 500mg,11,5.5,60.5
2025-04-30,Aspirin 325mg,2,0.8,1.6
2025-04-30,Chloramphenicol,2,6.0,12.0
2025-04-30,Vitamin B Complex,3,2.5,7.5
2025-04-30,Artemether IV,4,15.0,60.0
2025-04-30,Quinine 500mg,4,8.0,32.0
2025-05-01,Oseltamivir 75mg,18,12.0,216.0
2025-05-01,Paracetamol 500mg,52,1.5,78.0
2025-05-01,Vitamin C,23,0.8,18.400000000000002
2025-05-01,Cough Syrup,43,3.0,129.0
2025-05-01,Platelet Support,13,25.0,325.0
2025-05-01,Ibuprofen 200mg,26,1.0,26.0
2025-05-01,Amoxicillin 250mg,10,4.0,40.0
2025-05-01,Ciprofloxacin 500mg,17,5.5,93.5
2025-05-01,Aspirin 325mg,8,0.8,6.4
2025-05-01,Chloramphenicol,3,6.0,18.0
2025-05-01,Vitamin B Complex,5,2.5,12.5
2025-05-01,Artemether IV,6,15.0,90.0
2025-05-01,Quinine 500mg,4,8.0,32.0
2025-05-02,Oseltamivir 75mg,16,12.0,192.0
2025-05-02,Paracetamol 500mg,44,1.5,66.0
2025-05-02,Vitamin C,34,0.8,27.200000000000003
2025-05-02,Cough Syrup,36,3.0,108.0
2025-05-02,Platelet Support,14,25.0,350.0
2025-05-02,Ibuprofen 200mg,17,1.0,17.0
2025-05-02,Amoxicillin 250mg,11,4.0,44.0
2025-05-02,Ciprofloxacin 500mg,18,5.5,99.0
2025-05-02,Aspirin 325mg,1,0.8,0.8
2025-05-02,Chloramphenicol,3,6.0,18.0
2025-05-02,Vitamin B Complex,4,2.5,10.0
2025-05-02,Artemether IV,1,15.0,15.0
2025-05-02,Quinine 500mg,1,8.0,8.0
2025-05-03,Oseltamivir 75mg,16,12.0,192.0
2025-05-03,Paracetamol 500mg,60,1.5,90.0
2025-05-03,Vitamin C,22,0.8,17.6
2025-05-03,Cough Syrup,33,3.0,99.0
2025-05-03,Platelet Support,12,25.0,300.0
2025-05-03,Ibuprofen 200mg,30,1.0,30.0
2025-05-03,Amoxicillin 250mg,19,4.0,76.0
2025-05-03,Chloramphenicol,11,6.0,66.0
2025-05-03,Ciprofloxacin 500mg,21,5.5,115.5
2025-05-03,Aspirin 325mg,4,0.8,3.2
2025-05-03,Artemether IV,1,15.0,15.0
2025-05-03,Quinine 500mg,4,8.0,32.0
2025-05-04,Oseltamivir 75mg,12,12.0,144.0
2025-05-04,Paracetamol 500mg,83,1.5,124.5
2025-05-04,Vitamin C,31,0.8,24.8
2025-05-04,Cough Syrup,44,3.0,132.0
2025-05-04,Artemether IV,4,15.0,60.0
2025-05-04,Quinine 500mg,10,8.0,80.0
2025-05-04,Ibuprofen 200mg,30,1.0,30.0
2025-05-04,Platelet Support,16,25.0,400.0
2025-05-04,Amoxicillin 250mg,22,4.0,88.0
2025-05-04,Chloramphenicol,9,6.0,54.0
2025-05-04,Ciprofloxacin 500mg,18,5.5,99.0
2025-05-04,Aspirin 325mg,1,0.8,0.8
2025-05-04,Vitamin B Complex,3,2.5,7.5
2025-05-05,Oseltamivir 75mg,8,12.0,96.0
2025-05-05,Paracetamol 500mg,49,1.5,73.5
2025-05-05,Vitamin C,39,0.8,31.200000000000003
2025-05-05,Cough Syrup,48,3.0,144.0
2025-05-05,Platelet Support,8,25.0,200.0
2025-05-05,Ibuprofen 200mg,17,1.0,17.0
2025-05-05,Amoxicillin 250mg,17,4.0,68.0
2025-05-05,Chloramphenicol,9,6.0,54.0
2025-05-05,Ciprofloxacin 500mg,17,5.5,93.5
2025-05-05,Aspirin 325mg,4,0.8,3.2
2025-05-05,Vitamin B Complex,1,2.5,2.5
2025-05-05,Artemether IV,3,15.0,45.0
2025-05-05,Quinine 500mg,4,8.0,32.0
2025-05-06,Oseltamivir 75mg,15,12.0,180.0
2025-05-06,Paracetamol 500mg,59,1.5,88.5
2025-05-06,Cough Syrup,45,3.0,135.0
2025-05-06,Ibuprofen 200mg,21,1.0,21.0
2025-05-06,Vitamin C,20,0.8,16.0
2025-05-06,Amoxicillin 250mg,18,4.0,72.0
2025-05-06,Chloramphenicol,4,6.0,24.0
2025-05-06,Ciprofloxacin 500mg,24,5.5,132.0
2025-05-06,Aspirin 325mg,2,0.8,1.6
2025-05-06,Vitamin B Complex,5,2.5,12.5
2025-05-06,Artemether IV,3,15.0,45.0
2025-05-06,Quinine 500mg,1,8.0,8.0
2025-05-06,Platelet Support,3,25.0,75.0
2025-05-07,Oseltamivir 75mg,10,12.0,120.0
2025-05-07,Paracetamol 500mg,51,1.5,76.5
2025-05-07,Vitamin C,33,0.8,26.400000000000002
2025-05-07,Cough Syrup,51,3.0,153.0
2025-05-07,Platelet Support,11,25.0,275.0
2025-05-07,Ibuprofen 200mg,18,1.0,18.0
2025-05-07,Amoxicillin 250mg,11,4.0,44.0
2025-05-07,Ciprofloxacin 500mg,24,5.5,132.0
2025-05-07,Aspirin 325mg,4,0.8,3.2
2025-05-07,Chloramphenicol,2,6.0,12.0
2025-05-07,Vitamin B Complex,2,2.5,5.0
2025-05-07,Artemether IV,1,15.0,15.0
2025-05-07,Quinine 500mg,2,8.0,16.0
2025-05-08,Oseltamivir 75mg,12,12.0,144.0
2025-05-08,Paracetamol 500mg,58,1.5,87.0
2025-05-08,Cough Syrup,42,3.0,126.0
2025-05-08,Ibuprofen 200mg,29,1.0,29.0
2025-05-08,Vitamin C,30,0.8,24.0
2025-05-08,Artemether IV,8,15.0,120.0
2025-05-08,Quinine 500mg,6,8.0,48.0
2025-05-08,Platelet Support,9,25.0,225.0
2025-05-08,Amoxicillin 250mg,14,4.0,56.0
2025-05-08,Ciprofloxacin 500mg,10,5.5,55.0
2025-05-08,Aspirin 325mg,2,0.8,1.6
2025-05-08,Chloramphenicol,3,6.0,18.0
2025-05-08,Vitamin B Complex,3,2.5,7.5
2025-05-09,Oseltamivir 75mg,18,12.0,216.0
2025-05-09,Paracetamol 500mg,51,1.5,76.5
2025-05-09,Vitamin C,35,0.8,28.0
2025-05-09,Cough Syrup,40,3.0,120.0
2025-05-09,Artemether IV,9,15.0,135.0
2025-05-09,Quinine 500mg,6,8.0,48.0
2025-05-09,Ibuprofen 200mg,21,1.0,21.0
2025-05-09,Platelet Support,8,25.0,200.0
2025-05-09,Amoxicillin 250mg,25,4.0,100.0
2025-05-09,Ciprofloxacin 500mg,16,5.5,88.0
2025-05-09,Aspirin 325mg,3,0.8,2.4000000000000004
2025-05-09,Chloramphenicol,3,6.0,18.0
2025-05-09,Vitamin B Complex,5,2.5,12.5
2025-05-10,Oseltamivir 75mg,16,12.0,192.0
2025-05-10,Paracetamol 500mg,52,1.5,78.0
2025-05-10,Vitamin C,25,0.8,20.0
2025-05-10,Cough Syrup,47,3.0,141.0
2025-05-10,Artemether IV,12,15.0,180.0
2025-05-10,Quinine 500mg,13,8.0,104.0
2025-05-10,Ibuprofen 200mg,40,1.0,40.0
2025-05-10,Platelet Support,6,25.0,150.0
2025-05-10,Amoxicillin 250mg,11,4.0,44.0
2025-05-10,Ciprofloxacin 500mg,24,5.5,132.0
2025-05-10,Aspirin 325mg,4,0.8,3.2
2025-05-10,Chloramphenicol,1,6.0,6.0
2025-05-10,Vitamin B Complex,2,2.5,5.0
2025-05-11,Oseltamivir 75mg,13,12.0,156.0
2025-05-11,Paracetamol 500mg,48,1.5,72.0
2025-05-11,Vitamin C,36,0.8,28.8
2025-05-11,Cough Syrup,32,3.0,96.0
2025-05-11,Artemether IV,10,15.0,150.0
2025-05-11,Quinine 500mg,10,8.0,80.0
2025-05-11,Ibuprofen 200mg,25,1.0,25.0
2025-05-11,Platelet Support,12,25.0,300.0
2025-05-11,Amoxicillin 250mg,21,4.0,84.0
2025-05-11,Ciprofloxacin 500mg,25,5.5,137.5
2025-05-11,Aspirin 325mg,1,0.8,0.8
2025-05-11,Chloramphenicol,7,6.0,42.0
2025-05-11,Vitamin B Complex,3,2.5,7.5
2025-05-12,Oseltamivir 75mg,12,12.0,144.0
2025-05-12,Paracetamol 500mg,42,1.5,63.0
2025-05-12,Vitamin C,42,0.8,33.6
2025-05-12,Cough Syrup,45,3.0,135.0
2025-05-12,Artemether IV,10,15.0,150.0
2025-05-12,Quinine 500mg,4,8.0,32.0
2025-05-12,Ibuprofen 200mg,31,1.0,31.0
2025-05-12,Platelet Support,8,25.0,200.0
2025-05-12,Amoxicillin 250mg,21,4.0,84.0
2025-05-12,Ciprofloxacin 500mg,22,5.5,121.0
2025-05-12,Aspirin 325mg,6,0.8,4.800000000000001
2025-05-12,Chloramphenicol,4,6.0,24.0
2025-05-12,Vitamin B Complex,1,2.5,2.5
2025-05-13,Oseltamivir 75mg,15,12.0,180.0
2025-05-13,Paracetamol 500mg,51,1.5,76.5
2025-05-13,Vitamin C,42,0.8,33.6
2025-05-13,Cough Syrup,38,3.0,114.0
2025-05-13,Platelet Support,12,25.0,300.0
2025-05-13,Ibuprofen 200mg,14,1.0,14.0
2025-05-13,Amoxicillin 250mg,15,4.0,60.0
2025-05-13,Ciprofloxacin 500mg,19,5.5,104.5
2025-05-13,Aspirin 325mg,2,0.8,1.6
2025-05-13,Chloramphenicol,3,6.0,18.0
2025-05-13,Vitamin B Complex,3,2.5,7.5
2025-05-13,Artemether IV,5,15.0,75.0
2025-05-13,Quinine 500mg,1,8.0,8.0
2025-05-14,Oseltamivir 75mg,19,12.0,228.0
2025-05-14,Paracetamol 500mg,53,1.5,79.5
2025-05-14,Vitamin C,33,0.8,26.400000000000002
2025-05-14,Cough Syrup,44,3.0,132.0
2025-05-14,Artemether IV,5,15.0,75.0
2025-05-14,Quinine 500mg,9,8.0,72.0
2025-05-14,Ibuprofen 200mg,24,1.0,24.0
2025-05-14,Platelet Support,5,25.0,125.0
2025-05-14,Amoxicillin 250mg,17,4.0,68.0
2025-05-14,Ciprofloxacin 500mg,17,5.5,93.5
2025-05-14,Aspirin 325mg,3,0.8,2.4000000000000004
2025-05-14,Chloramphenicol,6,6.0,36.0
2025-05-14,Vitamin B Complex,2,2.5,5.0
2025-05-15,Oseltamivir 75mg,18,12.0,216.0
2025-05-15,Paracetamol 500mg,45,1.5,67.5
2025-05-15,Vitamin C,40,0.8,32.0
2025-05-15,Cough Syrup,31,3.0,93.0
2025-05-15,Artemether IV,9,15.0,135.0
2025-05-15,Quinine 500mg,10,8.0,80.0
2025-05-15,Ibuprofen 200mg,21,1.0,21.0
2025-05-15,Platelet Support,8,25.0,200.0
2025-05-15,Amoxicillin 250mg,16,4.0,64.0
2025-05-15,Ciprofloxacin 500mg,14,5.5,77.0
2025-05-15,Aspirin 325mg,4,0.8,3.2
2025-05-15,Chloramphenicol,6,6.0,36.0
2025-05-15,Vitamin B Complex,3,2.5,7.5
2025-05-16,Oseltamivir 75mg,22,12.0,264.0
2025-05-16,Paracetamol 500mg,43,1.5,64.5
2025-05-16,Vitamin C,37,0.8,29.6
2025-05-16,Cough Syrup,37,3.0,111.0
2025-05-16,Artemether IV,5,15.0,75.0
2025-05-16,Quinine 500mg,8,8.0,64.0
2025-05-16,Ibuprofen 200mg,29,1.0,29.0
2025-05-16,Platelet Support,12,25.0,300.0
2025-05-16,Amoxicillin 250mg,19,4.0,76.0
2025-05-16,Ciprofloxacin 500mg,13,5.5,71.5
2025-05-16,Aspirin 325mg,3,0.8,2.4000000000000004
2025-05-16,Chloramphenicol,2,6.0,12.0
2025-05-16,Vitamin B Complex,3,2.5,7.5
2025-05-17,Oseltamivir 75mg,14,12.0,168.0
2025-05-17,Paracetamol 500mg,58,1.5,87.0
2025-05-17,Vitamin C,31,0.8,24.8
2025-05-17,Cough Syrup,52,3.0,156.0
2025-05-17,Artemether IV,10,15.0,150.0
2025-05-17,Quinine 500mg,20,8.0,160.0
2025-05-17,Ibuprofen 200mg,25,1.0,25.0
2025-05-17,Platelet Support,7,25.0,175.0
2025-05-17,Amoxicillin 250mg,22,4.0,88.0
2025-05-17,Ciprofloxacin 500mg,18,5.5,99.0
2025-05-17,Aspirin 325mg,3,0.8,2.4000000000000004
2025-05-17,Chloramphenicol,2,6.0,12.0
2025-05-17,Vitamin B Complex,1,2.5,2.5
2025-05-18,Oseltamivir 75mg,14,12.0,168.0
2025-05-18,Paracetamol 500mg,52,1.5,78.0
2025-05-18,Vitamin C,41,0.8,32.800000000000004
2025-05-18,Cough Syrup,44,3.0,132.0
2025-05-18,Artemether IV,15,15.0,225.0
2025-05-18,Quinine 500mg,14,8.0,112.0
2025-05-18,Ibuprofen 200mg,40,1.0,40.0
2025-05-18,Platelet Support,4,25.0,100.0
2025-05-18,Amoxicillin 250mg,15,4.0,60.0
2025-05-18,Ciprofloxacin 500mg,19,5.5,104.5
2025-05-18,Aspirin 325mg,9,0.8,7.2
2025-05-18,Chloramphenicol,2,6.0,12.0
2025-05-18,Vitamin B Complex,4,2.5,10.0
2025-05-19,Oseltamivir 75mg,13,12.0,156.0
2025-05-19,Paracetamol 500mg,63,1.5,94.5
2025-05-19,Vitamin C,41,0.8,32.800000000000004
2025-05-19,Cough Syrup,43,3.0,129.0
2025-05-19,Artemether IV,16,15.0,240.0
2025-05-19,Quinine 500mg,16,8.0,128.0
2025-05-19,Ibuprofen 200mg,37,1.0,37.0
2025-05-19,Platelet Support,6,25.0,150.0
2025-05-19,Amoxicillin 250mg,15,4.0,60.0
2025-05-19,Ciprofloxacin 500mg,28,5.5,154.0
2025-05-19,Aspirin 325mg,3,0.8,2.4000000000000004
2025-05-19,Chloramphenicol,4,6.0,24.0
2025-05-19,Vitamin B Complex,4,2.5,10.0
2025-05-20,Oseltamivir 75mg,26,12.0,312.0
2025-05-20,Paracetamol 500mg,48,1.5,72.0
2025-05-20,Vitamin C,54,0.8,43.2
2025-05-20,Cough Syrup,51,3.0,153.0
2025-05-20,Artemether IV,11,15.0,165.0
2025-05-20,Quinine 500mg,12,8.0,96.0
2025-05-20,Ibuprofen 200mg,35,1.0,35.0
2025-05-20,Platelet Support,13,25.0,325.0
2025-05-20,Amoxicillin 250mg,14,4.0,56.0
2025-05-20,Ciprofloxacin 500mg,14,5.5,77.0
2025-05-20,Aspirin 325mg,1,0.8,0.8
2025-05-20,Vitamin B Complex,4,2.5,10.0
2025-05-21,Oseltamivir 75mg,11,12.0,132.0
2025-05-21,Paracetamol 500mg,67,1.5,100.5
2025-05-21,Vitamin C,26,0.8,20.8
2025-05-21,Cough Syrup,34,3.0,102.0
2025-05-21,Artemether IV,15,15.0,225.0
2025-05-21,Quinine 500mg,13,8.0,104.0
2025-05-21,Ibuprofen 200mg,16,1.0,16.0
2025-05-21,Amoxicillin 250mg,13,4.0,52.0
2025-05-21,Ciprofloxacin 500mg,17,5.5,93.5
2025-05-21,Aspirin 325mg,3,0.8,2.4000000000000004
2025-05-21,Chloramphenicol,2,6.0,12.0
2025-05-21,Vitamin B Complex,2,2.5,5.0
2025-05-21,Platelet Support,2,25.0,50.0
2025-05-22,Oseltamivir 75mg,20,12.0,240.0
2025-05-22,Paracetamol 500mg,58,1.5,87.0
2025-05-22,Vitamin C,28,0.8,22.400000000000002
2025-05-22,Cough Syrup,38,3.0,114.0
2025-05-22,Artemether IV,17,15.0,255.0
2025-05-22,Quinine 500mg,14,8.0,112.0
2025-05-22,Ibuprofen 200mg,30,1.0,30.0
2025-05-22,Amoxicillin 250mg,20,4.0,80.0
2025-05-22,Ciprofloxacin 500mg,21,5.5,115.5
2025-05-22,Aspirin 325mg,4,0.8,3.2
2025-05-22,Chloramphenicol,8,6.0,48.0
2025-05-22,Vitamin B Complex,1,2.5,2.5
2025-05-22,Platelet Support,2,25.0,50.0
2025-05-23,Oseltamivir 75mg,20,12.0,240.0
2025-05-23,Paracetamol 500mg,59,1.5,88.5
2025-05-23,Vitamin C,33,0.8,26.400000000000002
2025-05-23,Cough Syrup,42,3.0,126.0
2025-05-23,Artemether IV,14,15.0,210.0
2025-05-23,Quinine 500mg,5,8.0,40.0
2025-05-23,Ibuprofen 200mg,34,1.0,34.0
2025-05-23,Amoxicillin 250mg,12,4.0,48.0
2025-05-23,Ciprofloxacin 500mg,13,5.5,71.5
2025-05-23,Aspirin 325mg,3,0.8,2.4000000000000004
2025-05-23,Vitamin B Complex,1,2.5,2.5
2025-05-23,Platelet Support,3,25.0,75.0
2025-05-24,Oseltamivir 75mg,13,12.0,156.0
2025-05-24,Paracetamol 500mg,70,1.5,105.0
2025-05-24,Vitamin C,35,0.8,28.0
2025-05-24,Cough Syrup,42,3.0,126.0
2025-05-24,Artemether IV,15,15.0,225.0
2025-05-24,Quinine 500mg,18,8.0,144.0
2025-05-24,Ibuprofen 200mg,36,1.0,36.0
2025-05-24,Platelet Support,7,25.0,175.0
2025-05-24,Amoxicillin 250mg,10,4.0,40.0
2025-05-24,Ciprofloxacin 500mg,15,5.5,82.5
2025-05-24,Aspirin 325mg,5,0.8,4.0
2025-05-24,Chloramphenicol,4,6.0,24.0
2025-05-24,Vitamin B Complex,3,2.5,7.5
2025-05-25,Oseltamivir 75mg,19,12.0,228.0
2025-05-25,Paracetamol 500mg,31,1.5,46.5
2025-05-25,Vitamin C,29,0.8,23.200000000000003
2025-05-25,Cough Syrup,30,3.0,90.0
2025-05-25,Artemether IV,15,15.0,225.0
2025-05-25,Quinine 500mg,14,8.0,112.0
2025-05-25,Ibuprofen 200mg,21,1.0,21.0
2025-05-25,Amoxicillin 250mg,5,4.0,20.0
2025-05-25,Ciprofloxacin 500mg,7,5.5,38.5
2025-05-25,Aspirin 325mg,2,0.8,1.6
2025-05-25,Chloramphenicol,2,6.0,12.0
2025-05-25,Platelet Support,4,25.0,100.0
2025-05-26,Oseltamivir 75mg,16,12.0,192.0
2025-05-26,Paracetamol 500mg,47,1.5,70.5
2025-05-26,Vitamin C,26,0.8,20.8
2025-05-26,Cough Syrup,40,3.0,120.0
2025-05-26,Artemether IV,19,15.0,285.0
2025-05-26,Quinine 500mg,8,8.0,64.0
2025-05-26,Ibuprofen 200mg,18,1.0,18.0
2025-05-26,Amoxicillin 250mg,13,4.0,52.0
2025-05-26,Ciprofloxacin 500mg,10,5.5,55.0
2025-05-26,Aspirin 325mg,2,0.8,1.6
2025-05-26,Chloramphenicol,4,6.0,24.0
2025-05-26,Vitamin B Complex,3,2.5,7.5
2025-05-26,Platelet Support,3,25.0,75.0
2025-05-27,Oseltamivir 75mg,17,12.0,204.0
2025-05-27,Paracetamol 500mg,44,1.5,66.0
2025-05-27,Vitamin C,25,0.8,20.0
2025-05-27,Cough Syrup,33,3.0,99.0
2025-05-27,Artemether IV,11,15.0,165.0
2025-05-27,Quinine 500mg,11,8.0,88.0
2025-05-27,Ibuprofen 200mg,31,1.0,31.0
2025-05-27,Amoxicillin 250mg,14,4.0,56.0
2025-05-27,Ciprofloxacin 500mg,12,5.5,66.0
2025-05-27,Aspirin 325mg,3,0.8,2.4000000000000004
2025-05-27,Vitamin B Complex,2,2.5,5.0
2025-05-27,Platelet Support,2,25.0,50.0
2025-05-28,Oseltamivir 75mg,19,12.0,228.0
2025-05-28,Paracetamol 500mg,50,1.5,75.0
2025-05-28,Cough Syrup,39,3.0,117.0
2025-05-28,Ibuprofen 200mg,34,1.0,34.0
2025-05-28,Vitamin C,28,0.8,22.400000000000002
2025-05-28,Artemether IV,11,15.0,165.0
2025-05-28,Quinine 500mg,15,8.0,120.0
2025-05-28,Amoxicillin 250mg,9,4.0,36.0
2025-05-28,Ciprofloxacin 500mg,13,5.5,71.5
2025-05-28,Aspirin 325mg,3,0.8,2.4000000000000004
2025-05-28,Chloramphenicol,5,6.0,30.0
2025-05-28,Vitamin B Complex,1,2.5,2.5
2025-05-28,Platelet Support,3,25.0,75.0
2025-05-29,Oseltamivir 75mg,12,12.0,144.0
2025-05-29,Paracetamol 500mg,41,1.5,61.5
2025-05-29,Vitamin C,22,0.8,17.6
2025-05-29,Cough Syrup,37,3.0,111.0
2025-05-29,Artemether IV,15,15.0,225.0
2025-05-29,Quinine 500mg,13,8.0,104.0
2025-05-29,Ibuprofen 200mg,28,1.0,28.0
2025-05-29,Amoxicillin 250mg,14,4.0,56.0
2025-05-29,Ciprofloxacin 500mg,8,5.5,44.0
2025-05-29,Aspirin 325mg,4,0.8,3.2
2025-05-29,Chloramphenicol,3,6.0,18.0
2025-05-29,Platelet Support,4,25.0,100.0
2025-05-30,Oseltamivir 75mg,17,12.0,204.0
2025-05-30,Paracetamol 500mg,49,1.5,73.5
2025-05-30,Cough Syrup,45,3.0,135.0
2025-05-30,Ibuprofen 200mg,20,1.0,20.0
2025-05-30,Vitamin C,15,0.8,12.0
2025-05-30,Artemether IV,15,15.0,225.0
2025-05-30,Quinine 500mg,14,8.0,112.0
2025-05-30,Amoxicillin 250mg,19,4.0,76.0
2025-05-30,Ciprofloxacin 500mg,6,5.5,33.0
2025-05-30,Aspirin 325mg,5,0.8,4.0
2025-05-30,Chloramphenicol,3,6.0,18.0
2025-05-30,Vitamin B Complex,1,2.5,2.5
2025-05-30,Platelet Support,1,25.0,25.0
2025-05-31,Oseltamivir 75mg,28,12.0,336.0
2025-05-31,Paracetamol 500mg,50,1.5,75.0
2025-05-31,Cough Syrup,29,3.0,87.0
2025-05-31,Ibuprofen 200mg,31,1.0,31.0
2025-05-31,Vitamin C,26,0.8,20.8
2025-05-31,Artemether IV,14,15.0,210.0
2025-05-31,Quinine 500mg,9,8.0,72.0
2025-05-31,Platelet Support,5,25.0,125.0
2025-05-31,Amoxicillin 250mg,14,4.0,56.0
2025-05-31,Ciprofloxacin 500mg,17,5.5,93.5
2025-05-31,Aspirin 325mg,3,0.8,2.4000000000000004
2025-05-31,Chloramphenicol,3,6.0,18.0
2025-05-31,Vitamin B Complex,3,2.5,7.5
2025-06-01,Oseltamivir 75mg,23,12.0,276.0
2025-06-01,Paracetamol 500mg,52,1.5,78.0
2025-06-01,Cough Syrup,48,3.0,144.0
2025-06-01,Ibuprofen 200mg,36,1.0,36.0
2025-06-01,Vitamin C,28,0.8,22.400000000000002
2025-06-01,Artemether IV,20,15.0,300.0
2025-06-01,Quinine 500mg,8,8.0,64.0
2025-06-01,Platelet Support,12,25.0,300.0
2025-06-01,Amoxicillin 250mg,17,4.0,68.0
2025-06-01,Ciprofloxacin 500mg,19,5.5,104.5
2025-06-01,Aspirin 325mg,2,0.8,1.6
2025-06-01,Chloramphenicol,1,6.0,6.0
2025-06-01,Vitamin B Complex,8,2.5,20.0
2025-06-02,Oseltamivir 75mg,21,12.0,252.0
2025-06-02,Paracetamol 500mg,47,1.5,70.5
2025-06-02,Cough Syrup,45,3.0,135.0
2025-06-02,Ibuprofen 200mg,36,1.0,36.0
2025-06-02,Vitamin C,28,0.8,22.400000000000002
2025-06-02,Artemether IV,10,15.0,150.0
2025-06-02,Quinine 500mg,10,8.0,80.0
2025-06-02,Platelet Support,5,25.0,125.0
2025-06-02,Amoxicillin 250mg,17,4.0,68.0
2025-06-02,Ciprofloxacin 500mg,17,5.5,93.5
2025-06-02,Aspirin 325mg,5,0.8,4.0
2025-06-02,Chloramphenicol,5,6.0,30.0
2025-06-02,Vitamin B Complex,4,2.5,10.0
2025-06-03,Oseltamivir 75mg,18,12.0,216.0
2025-06-03,Paracetamol 500mg,55,1.5,82.5
2025-06-03,Cough Syrup,50,3.0,150.0
2025-06-03,Ibuprofen 200mg,24,1.0,24.0
2025-06-03,Vitamin C,26,0.8,20.8
2025-06-03,Artemether IV,19,15.0,285.0
2025-06-03,Quinine 500mg,21,8.0,168.0
2025-06-03,Platelet Support,10,25.0,250.0
2025-06-03,Amoxicillin 250mg,14,4.0,56.0
2025-06-03,Ciprofloxacin 500mg,22,5.5,121.0
2025-06-03,Aspirin 325mg,2,0.8,1.6
2025-06-03,Chloramphenicol,7,6.0,42.0
2025-06-03,Vitamin B Complex,2,2.5,5.0
2025-06-04,Oseltamivir 75mg,21,12.0,252.0
2025-06-04,Paracetamol 500mg,48,1.5,72.0
2025-06-04,Cough Syrup,40,3.0,120.0
2025-06-04,Ibuprofen 200mg,39,1.0,39.0
2025-06-04,Vitamin C,27,0.8,21.6
2025-06-04,Artemether IV,17,15.0,255.0
2025-06-04,Quinine 500mg,23,8.0,184.0
2025-06-04,Platelet Support,12,25.0,300.0
2025-06-04,Amoxicillin 250mg,16,4.0,64.0
2025-06-04,Ciprofloxacin 500mg,12,5.5,66.0
2025-06-04,Aspirin 325mg,1,0.8,0.8
2025-06-04,Chloramphenicol,3,6.0,18.0
2025-06-04,Vitamin B Complex,3,2.5,7.5
2025-06-05,Oseltamivir 75mg,13,12.0,156.0
2025-06-05,Paracetamol 500mg,56,1.5,84.0
2025-06-05,Cough Syrup,35,3.0,105.0
2025-06-05,Ibuprofen 200mg,25,1.0,25.0
2025-06-05,Vitamin C,30,0.8,24.0
2025-06-05,Artemether IV,10,15.0,150.0
2025-06-05,Quinine 500mg,16,8.0,128.0
2025-06-05,Platelet Support,14,25.0,350.0
2025-06-05,Amoxicillin 250mg,8,4.0,32.0
2025-06-05,Ciprofloxacin 500mg,15,5.5,82.5
2025-06-05,Aspirin 325mg,1,0.8,0.8
2025-06-05,Chloramphenicol,3,6.0,18.0
2025-06-05,Vitamin B Complex,2,2.5,5.0
2025-06-06,Oseltamivir 75mg,22,12.0,264.0
2025-06-06,Paracetamol 500mg,56,1.5,84.0
2025-06-06,Cough Syrup,36,3.0,108.0
2025-06-06,Ibuprofen 200mg,44,1.0,44.0
2025-06-06,Vitamin C,30,0.8,24.0
2025-06-06,Artemether IV,14,15.0,210.0
2025-06-06,Quinine 500mg,10,8.0,80.0
2025-06-06,Platelet Support,14,25.0,350.0
2025-06-06,Amoxicillin 250mg,12,4.0,48.0
2025-06-06,Ciprofloxacin 500mg,12,5.5,66.0
2025-06-06,Aspirin 325mg,6,0.8,4.800000000000001
2025-06-06,Chloramphenicol,2,6.0,12.0
2025-06-06,Vitamin B Complex,2,2.5,5.0
2025-06-07,Oseltamivir 75mg,18,12.0,216.0
2025-06-07,Paracetamol 500mg,45,1.5,67.5
2025-06-07,Cough Syrup,37,3.0,111.0
2025-06-07,Ibuprofen 200mg,28,1.0,28.0
2025-06-07,Vitamin C,22,0.8,17.6
2025-06-07,Artemether IV,10,15.0,150.0
2025-06-07,Quinine 500mg,13,8.0,104.0
2025-06-07,Platelet Support,11,25.0,275.0
2025-06-07,Amoxicillin 250mg,19,4.0,76.0
2025-06-07,Ciprofloxacin 500mg,22,5.5,121.0
2025-06-07,Chloramphenicol,2,6.0,12.0
2025-06-07,Vitamin B Complex,2,2.5,5.0
2025-06-08,Oseltamivir 75mg,28,12.0,336.0
2025-06-08,Paracetamol 500mg,53,1.5,79.5
2025-06-08,Cough Syrup,29,3.0,87.0
2025-06-08,Ibuprofen 200mg,26,1.0,26.0
2025-06-08,Vitamin C,19,0.8,15.200000000000001
2025-06-08,Artemether IV,12,15.0,180.0
2025-06-08,Quinine 500mg,16,8.0,128.0
2025-06-08,Platelet Support,11,25.0,275.0
2025-06-08,Amoxicillin 250mg,10,4.0,40.0
2025-06-08,Ciprofloxacin 500mg,11,5.5,60.5
2025-06-08,Aspirin 325mg,6,0.8,4.800000000000001
2025-06-08,Chloramphenicol,2,6.0,12.0
2025-06-08,Vitamin B Complex,3,2.5,7.5
2025-06-09,Oseltamivir 75mg,28,12.0,336.0
2025-06-09,Paracetamol 500mg,51,1.5,76.5
2025-06-09,Cough Syrup,43,3.0,129.0
2025-06-09,Ibuprofen 200mg,42,1.0,42.0
2025-06-09,Vitamin C,14,0.8,11.200000000000001
2025-06-09,Artemether IV,11,15.0,165.0
2025-06-09,Quinine 500mg,20,8.0,160.0
2025-06-09,Platelet Support,11,25.0,275.0
2025-06-09,Amoxicillin 250mg,9,4.0,36.0
2025-06-09,Ciprofloxacin 500mg,7,5.5,38.5
2025-06-09,Aspirin 325mg,4,0.8,3.2
2025-06-09,Chloramphenicol,5,6.0,30.0
2025-06-09,Vitamin B Complex,4,2.5,10.0
2025-06-10,Oseltamivir 75mg,26,12.0,312.0
2025-06-10,Paracetamol 500mg,66,1.5,99.0
2025-06-10,Cough Syrup,41,3.0,123.0
2025-06-10,Ibuprofen 200mg,36,1.0,36.0
2025-06-10,Vitamin C,33,0.8,26.400000000000002
2025-06-10,Artemether IV,20,15.0,300.0
2025-06-10,Quinine 500mg,8,8.0,64.0
2025-06-10,Platelet Support,9,25.0,225.0
2025-06-10,Amoxicillin 250mg,23,4.0,92.0
2025-06-10,Chloramphenicol,9,6.0,54.0
2025-06-10,Ciprofloxacin 500mg,17,5.5,93.5
2025-06-10,Aspirin 325mg,5,0.8,4.0
2025-06-10,Vitamin B Complex,2,2.5,5.0
2025-06-11,Oseltamivir 75mg,12,12.0,144.0
2025-06-11,Paracetamol 500mg,51,1.5,76.5
2025-06-11,Cough Syrup,35,3.0,105.0
2025-06-11,Ibuprofen 200mg,29,1.0,29.0
2025-06-11,Vitamin C,17,0.8,13.600000000000001
2025-06-11,Artemether IV,19,15.0,285.0
2025-06-11,Quinine 500mg,18,8.0,144.0
2025-06-11,Platelet Support,13,25.0,325.0
2025-06-11,Amoxicillin 250mg,23,4.0,92.0
2025-06-11,Chloramphenicol,7,6.0,42.0
2025-06-11,Ciprofloxacin 500mg,9,5.5,49.5
2025-06-11,Aspirin 325mg,4,0.8,3.2
2025-06-11,Vitamin B Complex,1,2.5,2.5
2025-06-12,Oseltamivir 75mg,23,12.0,276.0
2025-06-12,Paracetamol 500mg,66,1.5,99.0
2025-06-12,Cough Syrup,45,3.0,135.0
2025-06-12,Ibuprofen 200mg,29,1.0,29.0
2025-06-12,Vitamin C,27,0.8,21.6
2025-06-12,Artemether IV,12,15.0,180.0
2025-06-12,Quinine 500mg,11,8.0,88.0
2025-06-12,Platelet Support,17,25.0,425.0
2025-06-12,Amoxicillin 250mg,30,4.0,120.0
2025-06-12,Chloramphenicol,8,6.0,48.0
2025-06-12,Ciprofloxacin 500mg,23,5.5,126.5
2025-06-12,Aspirin 325mg,2,0.8,1.6
2025-06-12,Vitamin B Complex,1,2.5,2.5
2025-06-13,Oseltamivir 75mg,26,12.0,312.0
2025-06-13,Paracetamol 500mg,53,1.5,79.5
2025-06-13,Cough Syrup,35,3.0,105.0
2025-06-13,Ibuprofen 200mg,28,1.0,28.0
2025-06-13,Vitamin C,27,0.8,21.6
2025-06-13,Artemether IV,12,15.0,180.0
2025-06-13,Quinine 500mg,12,8.0,96.0
2025-06-13,Platelet Support,16,25.0,400.0
2025-06-13,Amoxicillin 250mg,15,4.0,60.0
2025-06-13,Chloramphenicol,13,6.0,78.0
2025-06-13,Ciprofloxacin 500mg,21,5.5,115.5
2025-06-13,Aspirin 325mg,1,0.8,0.8
2025-06-13,Vitamin B Complex,3,2.5,7.5
2025-06-14,Oseltamivir 75mg,21,12.0,252.0
2025-06-14,Paracetamol 500mg,63,1.5,94.5
2025-06-14,Cough Syrup,39,3.0,117.0
2025-06-14,Ibuprofen 200mg,40,1.0,40.0
2025-06-14,Vitamin C,28,0.8,22.400000000000002
2025-06-14,Artemether IV,9,15.0,135.0
2025-06-14,Quinine 500mg,7,8.0,56.0
2025-06-14,Platelet Support,11,25.0,275.0
2025-06-14,Amoxicillin 250mg,23,4.0,92.0
2025-06-14,Chloramphenicol,9,6.0,54.0
2025-06-14,Ciprofloxacin 500mg,19,5.5,104.5
2025-06-14,Aspirin 325mg,5,0.8,4.0
2025-06-14,Vitamin B Complex,3,2.5,7.5
2025-06-15,Oseltamivir 75mg,22,12.0,264.0
2025-06-15,Paracetamol 500mg,60,1.5,90.0
2025-06-15,Cough Syrup,38,3.0,114.0
2025-06-15,Ibuprofen 200mg,36,1.0,36.0
2025-06-15,Vitamin C,26,0.8,20.8
2025-06-15,Artemether IV,19,15.0,285.0
2025-06-15,Quinine 500mg,11,8.0,88.0
2025-06-15,Platelet Support,9,25.0,225.0
2025-06-15,Amoxicillin 250mg,14,4.0,56.0
2025-06-15,Chloramphenicol,7,6.0,42.0
2025-06-15,Ciprofloxacin 500mg,19,5.5,104.5
2025-06-15,Aspirin 325mg,2,0.8,1.6
2025-06-15,Vitamin B Complex,2,2.5,5.0
2025-06-16,Oseltamivir 75mg,23,12.0,276.0
2025-06-16,Paracetamol 500mg,77,1.5,115.5
2025-06-16,Cough Syrup,47,3.0,141.0
2025-06-16,Ibuprofen 200mg,35,1.0,35.0
2025-06-16,Vitamin C,26,0.8,20.8
2025-06-16,Artemether IV,7,15.0,105.0
2025-06-16,Quinine 500mg,12,8.0,96.0
2025-06-16,Platelet Support,12,25.0,300.0
2025-06-16,Amoxicillin 250mg,25,4.0,100.0
2025-06-16,Chloramphenicol,11,6.0,66.0
2025-06-16,Ciprofloxacin 500mg,26,5.5,143.0
2025-06-16,Aspirin 325mg,2,0.8,1.6
2025-06-16,Vitamin B Complex,2,2.5,5.0
2025-06-17,Oseltamivir 75mg,25,12.0,300.0
2025-06-17,Paracetamol 500mg,50,1.5,75.0
2025-06-17,Cough Syrup,26,3.0,78.0
2025-06-17,Ibuprofen 200mg,41,1.0,41.0
2025-06-17,Vitamin C,25,0.8,20.0
2025-06-17,Artemether IV,9,15.0,135.0
2025-06-17,Quinine 500mg,8,8.0,64.0
2025-06-17,Platelet Support,15,25.0,375.0
2025-06-17,Amoxicillin 250mg,20,4.0,80.0
2025-06-17,Chloramphenicol,15,6.0,90.0
2025-06-17,Ciprofloxacin 500mg,17,5.5,93.5
2025-06-17,Aspirin 325mg,4,0.8,3.2
2025-06-17,Vitamin B Complex,5,2.5,12.5
2025-06-18,Oseltamivir 75mg,34,12.0,408.0
2025-06-18,Paracetamol 500mg,72,1.5,108.0
2025-06-18,Cough Syrup,30,3.0,90.0
2025-06-18,Ibuprofen 200mg,27,1.0,27.0
2025-06-18,Vitamin C,28,0.8,22.400000000000002
2025-06-18,Artemether IV,10,15.0,150.0
2025-06-18,Quinine 500mg,12,8.0,96.0
2025-06-18,Platelet Support,10,25.0,250.0
2025-06-18,Amoxicillin 250mg,19,4.0,76.0
2025-06-18,Chloramphenicol,16,6.0,96.0
2025-06-18,Ciprofloxacin 500mg,24,5.5,132.0
2025-06-18,Aspirin 325mg,3,0.8,2.4000000000000004
2025-06-18,Vitamin B Complex,7,2.5,17.5
2025-06-19,Oseltamivir 75mg,23,12.0,276.0
2025-06-19,Paracetamol 500mg,54,1.5,81.0
2025-06-19,Cough Syrup,30,3.0,90.0
2025-06-19,Ibuprofen 200mg,25,1.0,25.0
2025-06-19,Vitamin C,18,0.8,14.4
2025-06-19,Artemether IV,25,15.0,375.0
2025-06-19,Quinine 500mg,13,8.0,104.0
2025-06-19,Platelet Support,8,25.0,200.0
2025-06-19,Amoxicillin 250mg,27,4.0,108.0
2025-06-19,Chloramphenicol,12,6.0,72.0
2025-06-19,Ciprofloxacin 500mg,22,5.5,121.0
2025-06-19,Aspirin 325mg,4,0.8,3.2
2025-06-19,Vitamin B Complex,3,2.5,7.5
2025-06-20,Oseltamivir 75mg,26,12.0,312.0
2025-06-20,Paracetamol 500mg,69,1.5,103.5
2025-06-20,Cough Syrup,32,3.0,96.0
2025-06-20,Ibuprofen 200mg,48,1.0,48.0
2025-06-20,Vitamin C,17,0.8,13.600000000000001
2025-06-20,Artemether IV,16,15.0,240.0
2025-06-20,Quinine 500mg,26,8.0,208.0
2025-06-20,Platelet Support,10,25.0,250.0
2025-06-20,Amoxicillin 250mg,16,4.0,64.0
2025-06-20,Chloramphenicol,14,6.0,84.0
2025-06-20,Ciprofloxacin 500mg,19,5.5,104.5
2025-06-20,Aspirin 325mg,1,0.8,0.8
2025-06-20,Vitamin B Complex,5,2.5,12.5
2025-06-21,Oseltamivir 75mg,28,12.0,336.0
2025-06-21,Paracetamol 500mg,62,1.5,93.0
2025-06-21,Cough Syrup,33,3.0,99.0
2025-06-21,Ibuprofen 200mg,34,1.0,34.0
2025-06-21,Vitamin C,17,0.8,13.600000000000001
2025-06-21,Artemether IV,12,15.0,180.0
2025-06-21,Quinine 500mg,16,8.0,128.0
2025-06-21,Platelet Support,16,25.0,400.0
2025-06-21,Amoxicillin 250mg,34,4.0,136.0
2025-06-21,Chloramphenicol,20,6.0,120.0
2025-06-21,Ciprofloxacin 500mg,20,5.5,110.0
2025-06-21,Aspirin 325mg,6,0.8,4.800000000000001
2025-06-21,Vitamin B Complex,2,2.5,5.0
2025-06-22,Oseltamivir 75mg,24,12.0,288.0
2025-06-22,Paracetamol 500mg,77,1.5,115.5
2025-06-22,Cough Syrup,32,3.0,96.0
2025-06-22,Ibuprofen 200mg,48,1.0,48.0
2025-06-22,Vitamin C,30,0.8,24.0
2025-06-22,Artemether IV,15,15.0,225.0
2025-06-22,Quinine 500mg,19,8.0,152.0
2025-06-22,Platelet Support,24,25.0,600.0
2025-06-22,Amoxicillin 250mg,30,4.0,120.0
2025-06-22,Chloramphenicol,23,6.0,138.0
2025-06-22,Ciprofloxacin 500mg,45,5.5,247.5
2025-06-22,Aspirin 325mg,4,0.8,3.2
2025-06-22,Vitamin B Complex,5,2.5,12.5
2025-06-23,Oseltamivir 75mg,17,12.0,204.0
2025-06-23,Paracetamol 500mg,78,1.5,117.0
2025-06-23,Cough Syrup,45,3.0,135.0
2025-06-23,Ibuprofen 200mg,44,1.0,44.0
2025-06-23,Vitamin C,22,0.8,17.6
2025-06-23,Artemether IV,11,15.0,165.0
2025-06-23,Quinine 500mg,18,8.0,144.0
2025-06-23,Platelet Support,8,25.0,200.0
2025-06-23,Amoxicillin 250mg,32,4.0,128.0
2025-06-23,Chloramphenicol,13,6.0,78.0
2025-06-23,Ciprofloxacin 500mg,30,5.5,165.0
2025-06-23,Aspirin 325mg,5,0.8,4.0
2025-06-24,Oseltamivir 75mg,22,12.0,264.0
2025-06-24,Paracetamol 500mg,68,1.5,102.0
2025-06-24,Cough Syrup,25,3.0,75.0
2025-06-24,Ibuprofen 200mg,35,1.0,35.0
2025-06-24,Vitamin C,24,0.8,19.200000000000003
2025-06-24,Artemether IV,16,15.0,240.0
2025-06-24,Quinine 500mg,16,8.0,128.0
2025-06-24,Platelet Support,17,25.0,425.0
2025-06-24,Amoxicillin 250mg,28,4.0,112.0
2025-06-24,Chloramphenicol,18,6.0,108.0
2025-06-24,Ciprofloxacin 500mg,23,5.5,126.5
2025-06-24,Aspirin 325mg,1,0.8,0.8
2025-06-24,Vitamin B Complex,1,2.5,2.5
2025-06-25,Oseltamivir 75mg,19,12.0,228.0
2025-06-25,Paracetamol 500mg,67,1.5,100.5
2025-06-25,Cough Syrup,48,3.0,144.0
2025-06-25,Ibuprofen 200mg,33,1.0,33.0
2025-06-25,Vitamin C,18,0.8,14.4
2025-06-25,Artemether IV,22,15.0,330.0
2025-06-25,Quinine 500mg,18,8.0,144.0
2025-06-25,Platelet Support,7,25.0,175.0
2025-06-25,Amoxicillin 250mg,24,4.0,96.0
2025-06-25,Chloramphenicol,8,6.0,48.0
2025-06-25,Ciprofloxacin 500mg,24,5.5,132.0
2025-06-25,Aspirin 325mg,3,0.8,2.4000000000000004
2025-06-25,Vitamin B Complex,4,2.5,10.0
2025-06-26,Oseltamivir 75mg,22,12.0,264.0
2025-06-26,Paracetamol 500mg,80,1.5,120.0
2025-06-26,Cough Syrup,41,3.0,123.0
2025-06-26,Ibuprofen 200mg,38,1.0,38.0
2025-06-26,Vitamin C,13,0.8,10.4
2025-06-26,Artemether IV,22,15.0,330.0
2025-06-26,Quinine 500mg,12,8.0,96.0
2025-06-26,Platelet Support,13,25.0,325.0
2025-06-26,Amoxicillin 250mg,27,4.0,108.0
2025-06-26,Chloramphenicol,10,6.0,60.0
2025-06-26,Ciprofloxacin 500mg,30,5.5,165.0
2025-06-26,Aspirin 325mg,6,0.8,4.800000000000001
2025-06-26,Vitamin B Complex,4,2.5,10.0
2025-06-27,Oseltamivir 75mg,12,12.0,144.0
2025-06-27,Paracetamol 500mg,46,1.5,69.0
2025-06-27,Cough Syrup,41,3.0,123.0
2025-06-27,Ibuprofen 200mg,28,1.0,28.0
2025-06-27,Artemether IV,12,15.0,180.0
2025-06-27,Quinine 500mg,12,8.0,96.0
2025-06-27,Platelet Support,13,25.0,325.0
2025-06-27,Vitamin C,12,0.8,9.600000000000001
2025-06-27,Amoxicillin 250mg,42,4.0,168.0
2025-06-27,Chloramphenicol,7,6.0,42.0
2025-06-27,Ciprofloxacin 500mg,33,5.5,181.5
2025-06-27,Aspirin 325mg,5,0.8,4.0
2025-06-27,Vitamin B Complex,3,2.5,7.5
2025-06-28,Oseltamivir 75mg,16,12.0,192.0
2025-06-28,Paracetamol 500mg,75,1.5,112.5
2025-06-28,Cough Syrup,23,3.0,69.0
2025-06-28,Ibuprofen 200mg,37,1.0,37.0
2025-06-28,Vitamin C,17,0.8,13.600000000000001
2025-06-28,Artemether IV,17,15.0,255.0
2025-06-28,Quinine 500mg,11,8.0,88.0
2025-06-28,Platelet Support,19,25.0,475.0
2025-06-28,Amoxicillin 250mg,23,4.0,92.0
2025-06-28,Chloramphenicol,16,6.0,96.0
2025-06-28,Ciprofloxacin 500mg,22,5.5,121.0
2025-06-28,Aspirin 325mg,2,0.8,1.6
2025-06-28,Vitamin B Complex,5,2.5,12.5
2025-06-29,Oseltamivir 75mg,19,12.0,228.0
2025-06-29,Paracetamol 500mg,70,1.5,105.0
2025-06-29,Cough Syrup,30,3.0,90.0
2025-06-29,Ibuprofen 200mg,40,1.0,40.0
2025-06-29,Vitamin C,22,0.8,17.6
2025-06-29,Artemether IV,17,15.0,255.0
2025-06-29,Quinine 500mg,13,8.0,104.0
2025-06-29,Platelet Support,15,25.0,375.0
2025-06-29,Amoxicillin 250mg,34,4.0,136.0
2025-06-29,Chloramphenicol,10,6.0,60.0
2025-06-29,Ciprofloxacin 500mg,35,5.5,192.5
2025-06-29,Aspirin 325mg,2,0.8,1.6
2025-06-29,Vitamin B Complex,5,2.5,12.5
2025-06-30,Oseltamivir 75mg,21,12.0,252.0
2025-06-30,Paracetamol 500mg,96,1.5,144.0
2025-06-30,Cough Syrup,43,3.0,129.0
2025-06-30,Ibuprofen 200mg,44,1.0,44.0
2025-06-30,Vitamin C,17,0.8,13.600000000000001
2025-06-30,Artemether IV,18,15.0,270.0
2025-06-30,Quinine 500mg,24,8.0,192.0
2025-06-30,Platelet Support,16,25.0,400.0
2025-06-30,Amoxicillin 250mg,25,4.0,100.0
2025-06-30,Chloramphenicol,17,6.0,102.0
2025-06-30,Ciprofloxacin 500mg,32,5.5,176.0
2025-06-30,Vitamin B Complex,2,2.5,5.0
2025-07-01,Oseltamivir 75mg,19,12.0,228.0
2025-07-01,Paracetamol 500mg,67,1.5,100.5
2025-07-01,Cough Syrup,34,3.0,102.0
2025-07-01,Ibuprofen 200mg,36,1.0,36.0
2025-07-01,Vitamin C,27,0.8,21.6
2025-07-01,Artemether IV,22,15.0,330.0
2025-07-01,Quinine 500mg,14,8.0,112.0
2025-07-01,Platelet Support,6,25.0,150.0
2025-07-01,Amoxicillin 250mg,34,4.0,136.0
2025-07-01,Chloramphenicol,17,6.0,102.0
2025-07-01,Ciprofloxacin 500mg,28,5.5,154.0
2025-07-01,Aspirin 325mg,3,0.8,2.4000000000000004
2025-07-01,Vitamin B Complex,1,2.5,2.5
2025-07-02,Oseltamivir 75mg,31,12.0,372.0
2025-07-02,Paracetamol 500mg,93,1.5,139.5
2025-07-02,Cough Syrup,44,3.0,132.0
2025-07-02,Ibuprofen 200mg,40,1.0,40.0
2025-07-02,Vitamin C,20,0.8,16.0
2025-07-02,Artemether IV,10,15.0,150.0
2025-07-02,Quinine 500mg,7,8.0,56.0
2025-07-02,Platelet Support,15,25.0,375.0
2025-07-02,Amoxicillin 250mg,31,4.0,124.0
2025-07-02,Chloramphenicol,17,6.0,102.0
2025-07-02,Ciprofloxacin 500mg,27,5.5,148.5
2025-07-02,Aspirin 325mg,3,0.8,2.4000000000000004
2025-07-02,Vitamin B Complex,1,2.5,2.5
2025-07-03,Oseltamivir 75mg,33,12.0,396.0
2025-07-03,Paracetamol 500mg,94,1.5,141.0
2025-07-03,Cough Syrup,54,3.0,162.0
2025-07-03,Ibuprofen 200mg,48,1.0,48.0
2025-07-03,Vitamin C,25,0.8,20.0
2025-07-03,Artemether IV,12,15.0,180.0
2025-07-03,Quinine 500mg,12,8.0,96.0
2025-07-03,Platelet Support,17,25.0,425.0
2025-07-03,Amoxicillin 250mg,33,4.0,132.0
2025-07-03,Chloramphenicol,17,6.0,102.0
2025-07-03,Ciprofloxacin 500mg,39,5.5,214.5
2025-07-03,Aspirin 325mg,4,0.8,3.2
2025-07-03,Vitamin B Complex,4,2.5,10.0
2025-07-04,Oseltamivir 75mg,31,12.0,372.0
2025-07-04,Paracetamol 500mg,62,1.5,93.0
2025-07-04,Cough Syrup,39,3.0,117.0
2025-07-04,Ibuprofen 200mg,35,1.0,35.0
2025-07-04,Vitamin C,20,0.8,16.0
2025-07-04,Artemether IV,11,15.0,165.0
2025-07-04,Quinine 500mg,15,8.0,120.0
2025-07-04,Platelet Support,12,25.0,300.0
2025-07-04,Amoxicillin 250mg,31,4.0,124.0
2025-07-04,Chloramphenicol,13,6.0,78.0
2025-07-04,Ciprofloxacin 500mg,42,5.5,231.0
2025-07-04,Aspirin 325mg,2,0.8,1.6
2025-07-04,Vitamin B Complex,2,2.5,5.0
2025-07-05,Oseltamivir 75mg,26,12.0,312.0
2025-07-05,Paracetamol 500mg,62,1.5,93.0
2025-07-05,Cough Syrup,39,3.0,117.0
2025-07-05,Ibuprofen 200mg,36,1.0,36.0
2025-07-05,Vitamin C,23,0.8,18.400000000000002
2025-07-05,Artemether IV,12,15.0,180.0
2025-07-05,Quinine 500mg,12,8.0,96.0
2025-07-05,Platelet Support,9,25.0,225.0
2025-07-05,Amoxicillin 250mg,21,4.0,84.0
2025-07-05,Chloramphenicol,9,6.0,54.0
2025-07-05,Ciprofloxacin 500mg,26,5.5,143.0
2025-07-05,Aspirin 325mg,3,0.8,2.4000000000000004
2025-07-05,Vitamin B Complex,2,2.5,5.0
2025-07-06,Oseltamivir 75mg,21,12.0,252.0
2025-07-06,Paracetamol 500mg,66,1.5,99.0
2025-07-06,Cough Syrup,23,3.0,69.0
2025-07-06,Ibuprofen 200mg,34,1.0,34.0
2025-07-06,Vitamin C,17,0.8,13.600000000000001
2025-07-06,Artemether IV,15,15.0,225.0
2025-07-06,Quinine 500mg,13,8.0,104.0
2025-07-06,Platelet Support,14,25.0,350.0
2025-07-06,Amoxicillin 250mg,24,4.0,96.0
2025-07-06,Chloramphenicol,16,6.0,96.0
2025-07-06,Ciprofloxacin 500mg,28,5.5,154.0
2025-07-06,Aspirin 325mg,2,0.8,1.6
2025-07-06,Vitamin B Complex,1,2.5,2.5
2025-07-07,Oseltamivir 75mg,22,12.0,264.0
2025-07-07,Paracetamol 500mg,81,1.5,121.5
2025-07-07,Cough Syrup,37,3.0,111.0
2025-07-07,Ibuprofen 200mg,43,1.0,43.0
2025-07-07,Vitamin C,17,0.8,13.600000000000001
2025-07-07,Artemether IV,17,15.0,255.0
2025-07-07,Quinine 500mg,12,8.0,96.0
2025-07-07,Platelet Support,14,25.0,350.0
2025-07-07,Amoxicillin 250mg,25,4.0,100.0
2025-07-07,Chloramphenicol,17,6.0,102.0
2025-07-07,Ciprofloxacin 500mg,29,5.5,159.5
2025-07-07,Aspirin 325mg,4,0.8,3.2
2025-07-07,Vitamin B Complex,1,2.5,2.5
2025-07-08,Oseltamivir 75mg,34,12.0,408.0
2025-07-08,Paracetamol 500mg,80,1.5,120.0
2025-07-08,Cough Syrup,40,3.0,120.0
2025-07-08,Ibuprofen 200mg,45,1.0,45.0
2025-07-08,Vitamin C,17,0.8,13.600000000000001
2025-07-08,Artemether IV,16,15.0,240.0
2025-07-08,Quinine 500mg,15,8.0,120.0
2025-07-08,Platelet Support,18,25.0,450.0
2025-07-08,Amoxicillin 250mg,18,4.0,72.0
2025-07-08,Chloramphenicol,7,6.0,42.0
2025-07-08,Ciprofloxacin 500mg,25,5.5,137.5
2025-07-08,Aspirin 325mg,2,0.8,1.6
2025-07-08,Vitamin B Complex,2,2.5,5.0
2025-07-09,Oseltamivir 75mg,33,12.0,396.0
2025-07-09,Paracetamol 500mg,66,1.5,99.0
2025-07-09,Cough Syrup,43,3.0,129.0
2025-07-09,Ibuprofen 200mg,45,1.0,45.0
2025-07-09,Vitamin C,20,0.8,16.0
2025-07-09,Artemether IV,16,15.0,240.0
2025-07-09,Quinine 500mg,8,8.0,64.0
2025-07-09,Platelet Support,10,25.0,250.0
2025-07-09,Amoxicillin 250mg,26,4.0,104.0
2025-07-09,Chloramphenicol,5,6.0,30.0
2025-07-09,Ciprofloxacin 500mg,30,5.5,165.0
2025-07-09,Aspirin 325mg,2,0.8,1.6
2025-07-09,Vitamin B Complex,5,2.5,12.5
2025-07-10,Oseltamivir 75mg,31,12.0,372.0
2025-07-10,Paracetamol 500mg,72,1.5,108.0
2025-07-10,Cough Syrup,44,3.0,132.0
2025-07-10,Ibuprofen 200mg,34,1.0,34.0
2025-07-10,Vitamin C,35,0.8,28.0
2025-07-10,Artemether IV,14,15.0,210.0
2025-07-10,Quinine 500mg,10,8.0,80.0
2025-07-10,Platelet Support,15,25.0,375.0
2025-07-10,Amoxicillin 250mg,20,4.0,80.0
2025-07-10,Chloramphenicol,10,6.0,60.0
2025-07-10,Ciprofloxacin 500mg,30,5.5,165.0
2025-07-10,Aspirin 325mg,2,0.8,1.6
2025-07-10,Vitamin B Complex,3,2.5,7.5
2025-07-11,Oseltamivir 75mg,30,12.0,360.0
2025-07-11,Paracetamol 500mg,60,1.5,90.0
2025-07-11,Cough Syrup,47,3.0,141.0
2025-07-11,Ibuprofen 200mg,35,1.0,35.0
2025-07-11,Vitamin C,29,0.8,23.200000000000003
2025-07-11,Artemether IV,16,15.0,240.0
2025-07-11,Quinine 500mg,12,8.0,96.0
2025-07-11,Platelet Support,12,25.0,300.0
2025-07-11,Amoxicillin 250mg,24,4.0,96.0
2025-07-11,Chloramphenicol,18,6.0,108.0
2025-07-11,Ciprofloxacin 500mg,30,5.5,165.0
2025-07-11,Aspirin 325mg,4,0.8,3.2
2025-07-11,Vitamin B Complex,2,2.5,5.0
2025-07-12,Oseltamivir 75mg,23,12.0,276.0
2025-07-12,Paracetamol 500mg,49,1.5,73.5
2025-07-12,Cough Syrup,41,3.0,123.0
2025-07-12,Ibuprofen 200mg,35,1.0,35.0
2025-07-12,Vitamin C,27,0.8,21.6
2025-07-12,Artemether IV,14,15.0,210.0
2025-07-12,Quinine 500mg,17,8.0,136.0
2025-07-12,Platelet Support,12,25.0,300.0
2025-07-12,Amoxicillin 250mg,30,4.0,120.0
2025-07-12,Chloramphenicol,12,6.0,72.0
2025-07-12,Ciprofloxacin 500mg,17,5.5,93.5
2025-07-12,Aspirin 325mg,2,0.8,1.6
2025-07-13,Oseltamivir 75mg,34,12.0,408.0
2025-07-13,Paracetamol 500mg,58,1.5,87.0
2025-07-13,Cough Syrup,41,3.0,123.0
2025-07-13,Ibuprofen 200mg,37,1.0,37.0
2025-07-13,Vitamin C,28,0.8,22.400000000000002
2025-07-13,Artemether IV,12,15.0,180.0
2025-07-13,Quinine 500mg,9,8.0,72.0
2025-07-13,Platelet Support,16,25.0,400.0
2025-07-13,Amoxicillin 250mg,14,4.0,56.0
2025-07-13,Chloramphenicol,11,6.0,66.0
2025-07-13,Ciprofloxacin 500mg,29,5.5,159.5
2025-07-13,Aspirin 325mg,5,0.8,4.0
2025-07-13,Vitamin B Complex,2,2.5,5.0
2025-07-14,Oseltamivir 75mg,30,12.0,360.0
2025-07-14,Paracetamol 500mg,65,1.5,97.5
2025-07-14,Cough Syrup,50,3.0,150.0
2025-07-14,Ibuprofen 200mg,43,1.0,43.0
2025-07-14,Vitamin C,29,0.8,23.200000000000003
2025-07-14,Artemether IV,14,15.0,210.0
2025-07-14,Quinine 500mg,13,8.0,104.0
2025-07-14,Platelet Support,21,25.0,525.0
2025-07-14,Amoxicillin 250mg,16,4.0,64.0
2025-07-14,Chloramphenicol,14,6.0,84.0
2025-07-14,Ciprofloxacin 500mg,21,5.5,115.5
2025-07-14,Aspirin 325mg,7,0.8,5.6000000000000005
2025-07-14,Vitamin B Complex,4,2.5,10.0
2025-07-15,Oseltamivir 75mg,19,12.0,228.0
2025-07-15,Paracetamol 500mg,66,1.5,99.0
2025-07-15,Cough Syrup,32,3.0,96.0
2025-07-15,Ibuprofen 200mg,41,1.0,41.0
2025-07-15,Vitamin C,14,0.8,11.200000000000001
2025-07-15,Artemether IV,15,15.0,225.0
2025-07-15,Quinine 500mg,14,8.0,112.0
2025-07-15,Platelet Support,18,25.0,450.0
2025-07-15,Amoxicillin 250mg,17,4.0,68.0
2025-07-15,Chloramphenicol,14,6.0,84.0
2025-07-15,Ciprofloxacin 500mg,24,5.5,132.0
2025-07-15,Vitamin B Complex,2,2.5,5.0
2025-07-16,Oseltamivir 75mg,26,12.0,312.0
2025-07-16,Paracetamol 500mg,63,1.5,94.5
2025-07-16,Cough Syrup,34,3.0,102.0
2025-07-16,Ibuprofen 200mg,47,1.0,47.0
2025-07-16,Vitamin C,24,0.8,19.200000000000003
2025-07-16,Artemether IV,11,15.0,165.0
2025-07-16,Quinine 500mg,16,8.0,128.0
2025-07-16,Platelet Support,19,25.0,475.0
2025-07-16,Amoxicillin 250mg,19,4.0,76.0
2025-07-16,Chloramphenicol,8,6.0,48.0
2025-07-16,Ciprofloxacin 500mg,23,5.5,126.5
2025-07-16,Aspirin 325mg,1,0.8,0.8
2025-07-16,Vitamin B Complex,5,2.5,12.5
2025-07-17,Oseltamivir 75mg,23,12.0,276.0
2025-07-17,Paracetamol 500mg,58,1.5,87.0
2025-07-17,Cough Syrup,29,3.0,87.0
2025-07-17,Ibuprofen 200mg,51,1.0,51.0
2025-07-17,Vitamin C,28,0.8,22.400000000000002
2025-07-17,Artemether IV,11,15.0,165.0
2025-07-17,Quinine 500mg,12,8.0,96.0
2025-07-17,Platelet Support,23,25.0,575.0
2025-07-17,Amoxicillin 250mg,20,4.0,80.0
2025-07-17,Chloramphenicol,6,6.0,36.0
2025-07-17,Ciprofloxacin 500mg,18,5.5,99.0
2025-07-17,Aspirin 325mg,5,0.8,4.0
2025-07-17,Vitamin B Complex,1,2.5,2.5
2025-07-18,Oseltamivir 75mg,23,12.0,276.0
2025-07-18,Paracetamol 500mg,63,1.5,94.5
2025-07-18,Cough Syrup,32,3.0,96.0
2025-07-18,Ibuprofen 200mg,49,1.0,49.0
2025-07-18,Vitamin C,27,0.8,21.6
2025-07-18,Artemether IV,13,15.0,195.0
2025-07-18,Quinine 500mg,11,8.0,88.0
2025-07-18,Platelet Support,16,25.0,400.0
2025-07-18,Amoxicillin 250mg,9,4.0,36.0
2025-07-18,Chloramphenicol,8,6.0,48.0
2025-07-18,Ciprofloxacin 500mg,24,5.5,132.0
2025-07-18,Aspirin 325mg,4,0.8,3.2
2025-07-18,Vitamin B Complex,4,2.5,10.0
2025-07-19,Oseltamivir 75mg,21,12.0,252.0
2025-07-19,Paracetamol 500mg,59,1.5,88.5
2025-07-19,Cough Syrup,24,3.0,72.0
2025-07-19,Ibuprofen 200mg,42,1.0,42.0
2025-07-19,Vitamin C,21,0.8,16.8
2025-07-19,Artemether IV,11,15.0,165.0
2025-07-19,Quinine 500mg,5,8.0,40.0
2025-07-19,Platelet Support,15,25.0,375.0
2025-07-19,Amoxicillin 250mg,14,4.0,56.0
2025-07-19,Chloramphenicol,13,6.0,78.0
2025-07-19,Ciprofloxacin 500mg,18,5.5,99.0
2025-07-19,Aspirin 325mg,3,0.8,2.4000000000000004
2025-07-19,Vitamin B Complex,4,2.5,10.0
2025-07-20,Oseltamivir 75mg,26,12.0,312.0
2025-07-20,Paracetamol 500mg,67,1.5,100.5
2025-07-20,Cough Syrup,47,3.0,141.0
2025-07-20,Ibuprofen 200mg,44,1.0,44.0
2025-07-20,Vitamin C,36,0.8,28.8
2025-07-20,Artemether IV,17,15.0,255.0
2025-07-20,Quinine 500mg,9,8.0,72.0
2025-07-20,Platelet Support,18,25.0,450.0
2025-07-20,Amoxicillin 250mg,18,4.0,72.0
2025-07-20,Chloramphenicol,5,6.0,30.0
2025-07-20,Ciprofloxacin 500mg,18,5.5,99.0
2025-07-20,Aspirin 325mg,2,0.8,1.6
2025-07-20,Vitamin B Complex,2,2.5,5.0
2025-07-21,Oseltamivir 75mg,26,12.0,312.0
2025-07-21,Paracetamol 500mg,60,1.5,90.0
2025-07-21,Cough Syrup,22,3.0,66.0
2025-07-21,Ibuprofen 200mg,54,1.0,54.0
2025-07-21,Vitamin C,31,0.8,24.8
2025-07-21,Artemether IV,17,15.0,255.0
2025-07-21,Quinine 500mg,13,8.0,104.0
2025-07-21,Platelet Support,16,25.0,400.0
2025-07-21,Amoxicillin 250mg,14,4.0,56.0
2025-07-21,Chloramphenicol,17,6.0,102.0
2025-07-21,Ciprofloxacin 500mg,15,5.5,82.5
2025-07-21,Aspirin 325mg,1,0.8,0.8
2025-07-21,Vitamin B Complex,5,2.5,12.5
2025-07-22,Oseltamivir 75mg,27,12.0,324.0
2025-07-22,Paracetamol 500mg,84,1.5,126.0
2025-07-22,Cough Syrup,33,3.0,99.0
2025-07-22,Ibuprofen 200mg,57,1.0,57.0
2025-07-22,Vitamin C,29,0.8,23.200000000000003
2025-07-22,Artemether IV,4,15.0,60.0
2025-07-22,Quinine 500mg,19,8.0,152.0
2025-07-22,Platelet Support,25,25.0,625.0
2025-07-22,Amoxicillin 250mg,9,4.0,36.0
2025-07-22,Chloramphenicol,13,6.0,78.0
2025-07-22,Ciprofloxacin 500mg,8,5.5,44.0
2025-07-22,Aspirin 325mg,2,0.8,1.6
2025-07-22,Vitamin B Complex,3,2.5,7.5
2025-07-23,Oseltamivir 75mg,29,12.0,348.0
2025-07-23,Paracetamol 500mg,64,1.5,96.0
2025-07-23,Cough Syrup,50,3.0,150.0
2025-07-23,Ibuprofen 200mg,42,1.0,42.0
2025-07-23,Vitamin C,34,0.8,27.200000000000003
2025-07-23,Artemether IV,11,15.0,165.0
2025-07-23,Quinine 500mg,16,8.0,128.0
2025-07-23,Platelet Support,14,25.0,350.0
2025-07-23,Amoxicillin 250mg,21,4.0,84.0
2025-07-23,Chloramphenicol,12,6.0,72.0
2025-07-23,Ciprofloxacin 500mg,14,5.5,77.0
2025-07-24,Oseltamivir 75mg,21,12.0,252.0
2025-07-24,Paracetamol 500mg,82,1.5,123.0
2025-07-24,Cough Syrup,35,3.0,105.0
2025-07-24,Ibuprofen 200mg,29,1.0,29.0
2025-07-24,Vitamin C,22,0.8,17.6
2025-07-24,Artemether IV,13,15.0,195.0
2025-07-24,Quinine 500mg,13,8.0,104.0
2025-07-24,Platelet Support,15,25.0,375.0
2025-07-24,Amoxicillin 250mg,28,4.0,112.0
2025-07-24,Chloramphenicol,14,6.0,84.0
2025-07-24,Ciprofloxacin 500mg,38,5.5,209.0
2025-07-24,Aspirin 325mg,4,0.8,3.2
2025-07-24,Vitamin B Complex,1,2.5,2.5
2025-07-25,Oseltamivir 75mg,24,12.0,288.0
2025-07-25,Paracetamol 500mg,78,1.5,117.0
2025-07-25,Cough Syrup,23,3.0,69.0
2025-07-25,Ibuprofen 200mg,39,1.0,39.0
2025-07-25,Vitamin C,16,0.8,12.8
2025-07-25,Artemether IV,16,15.0,240.0
2025-07-25,Quinine 500mg,17,8.0,136.0
2025-07-25,Platelet Support,12,25.0,300.0
2025-07-25,Amoxicillin 250mg,24,4.0,96.0
2025-07-25,Chloramphenicol,12,6.0,72.0
2025-07-25,Ciprofloxacin 500mg,37,5.5,203.5
2025-07-25,Aspirin 325mg,2,0.8,1.6
2025-07-26,Oseltamivir 75mg,27,12.0,324.0
2025-07-26,Paracetamol 500mg,73,1.5,109.5
2025-07-26,Cough Syrup,25,3.0,75.0
2025-07-26,Ibuprofen 200mg,36,1.0,36.0
2025-07-26,Vitamin C,26,0.8,20.8
2025-07-26,Artemether IV,13,15.0,195.0
2025-07-26,Quinine 500mg,19,8.0,152.0
2025-07-26,Platelet Support,18,25.0,450.0
2025-07-26,Amoxicillin 250mg,24,4.0,96.0
2025-07-26,Chloramphenicol,10,6.0,60.0
2025-07-26,Ciprofloxacin 500mg,16,5.5,88.0
2025-07-26,Aspirin 325mg,2,0.8,1.6
2025-07-26,Vitamin B Complex,2,2.5,5.0
2025-07-27,Oseltamivir 75mg,25,12.0,300.0
2025-07-27,Paracetamol 500mg,50,1.5,75.0
2025-07-27,Cough Syrup,38,3.0,114.0
2025-07-27,Ibuprofen 200mg,33,1.0,33.0
2025-07-27,Vitamin C,26,0.8,20.8
2025-07-27,Artemether IV,8,15.0,120.0
2025-07-27,Quinine 500mg,12,8.0,96.0
2025-07-27,Platelet Support,7,25.0,175.0
2025-07-27,Amoxicillin 250mg,24,4.0,96.0
2025-07-27,Chloramphenicol,19,6.0,114.0
2025-07-27,Ciprofloxacin 500mg,18,5.5,99.0
2025-07-27,Aspirin 325mg,2,0.8,1.6
2025-07-27,Vitamin B Complex,6,2.5,15.0
2025-07-28,Oseltamivir 75mg,15,12.0,180.0
2025-07-28,Paracetamol 500mg,48,1.5,72.0
2025-07-28,Cough Syrup,16,3.0,48.0
2025-07-28,Ibuprofen 200mg,23,1.0,23.0
2025-07-28,Vitamin C,23,0.8,18.400000000000002
2025-07-28,Artemether IV,9,15.0,135.0
2025-07-28,Quinine 500mg,9,8.0,72.0
2025-07-28,Platelet Support,24,25.0,600.0
2025-07-28,Amoxicillin 250mg,13,4.0,52.0
2025-07-28,Chloramphenicol,12,6.0,72.0
2025-07-28,Ciprofloxacin 500mg,19,5.5,104.5
2025-07-28,Aspirin 325mg,3,0.8,2.4000000000000004
2025-07-28,Vitamin B Complex,3,2.5,7.5
2025-07-29,Oseltamivir 75mg,15,12.0,180.0
2025-07-29,Paracetamol 500mg,44,1.5,66.0
2025-07-29,Cough Syrup,18,3.0,54.0
2025-07-29,Ibuprofen 200mg,32,1.0,32.0
2025-07-29,Artemether IV,7,15.0,105.0
2025-07-29,Quinine 500mg,5,8.0,40.0
2025-07-29,Platelet Support,16,25.0,400.0
2025-07-29,Vitamin C,10,0.8,8.0
2025-07-29,Amoxicillin 250mg,22,4.0,88.0
2025-07-29,Chloramphenicol,15,6.0,90.0
2025-07-29,Ciprofloxacin 500mg,26,5.5,143.0
2025-07-29,Aspirin 325mg,2,0.8,1.6
2025-07-29,Vitamin B Complex,2,2.5,5.0
2025-07-30,Oseltamivir 75mg,10,12.0,120.0
2025-07-30,Paracetamol 500mg,59,1.5,88.5
2025-07-30,Cough Syrup,18,3.0,54.0
2025-07-30,Ibuprofen 200mg,36,1.0,36.0
2025-07-30,Artemether IV,20,15.0,300.0
2025-07-30,Quinine 500mg,10,8.0,80.0
2025-07-30,Platelet Support,16,25.0,400.0
2025-07-30,Vitamin C,24,0.8,19.200000000000003
2025-07-30,Amoxicillin 250mg,27,4.0,108.0
2025-07-30,Chloramphenicol,7,6.0,42.0
2025-07-30,Ciprofloxacin 500mg,19,5.5,104.5
2025-07-30,Aspirin 325mg,7,0.8,5.6000000000000005
2025-07-30,Vitamin B Complex,5,2.5,12.5
2025-07-31,Oseltamivir 75mg,13,12.0,156.0
2025-07-31,Paracetamol 500mg,58,1.5,87.0
2025-07-31,Cough Syrup,22,3.0,66.0
2025-07-31,Ibuprofen 200mg,43,1.0,43.0
2025-07-31,Artemether IV,15,15.0,225.0
2025-07-31,Quinine 500mg,15,8.0,120.0
2025-07-31,Platelet Support,12,25.0,300.0
2025-07-31,Vitamin C,15,0.8,12.0
2025-07-31,Amoxicillin 250mg,21,4.0,84.0
2025-07-31,Chloramphenicol,5,6.0,30.0
2025-07-31,Ciprofloxacin 500mg,16,5.5,88.0
2025-07-31,Aspirin 325mg,4,0.8,3.2
2025-07-31,Vitamin B Complex,1,2.5,2.5
2025-08-01,Oseltamivir 75mg,13,12.0,156.0
2025-08-01,Paracetamol 500mg,65,1.5,97.5
2025-08-01,Cough Syrup,18,3.0,54.0
2025-08-01,Ibuprofen 200mg,42,1.0,42.0
2025-08-01,Artemether IV,6,15.0,90.0
2025-08-01,Quinine 500mg,9,8.0,72.0
2025-08-01,Platelet Support,19,25.0,475.0
2025-08-01,Vitamin C,20,0.8,16.0
2025-08-01,Amoxicillin 250mg,21,4.0,84.0
2025-08-01,Chloramphenicol,21,6.0,126.0
2025-08-01,Ciprofloxacin 500mg,14,5.5,77.0
2025-08-01,Aspirin 325mg,4,0.8,3.2
2025-08-01,Vitamin B Complex,2,2.5,5.0
2025-08-02,Oseltamivir 75mg,17,12.0,204.0
2025-08-02,Paracetamol 500mg,61,1.5,91.5
2025-08-02,Cough Syrup,20,3.0,60.0
2025-08-02,Ibuprofen 200mg,29,1.0,29.0
2025-08-02,Artemether IV,16,15.0,240.0
2025-08-02,Quinine 500mg,10,8.0,80.0
2025-08-02,Platelet Support,12,25.0,300.0
2025-08-02,Vitamin C,21,0.8,16.8
2025-08-02,Amoxicillin 250mg,25,4.0,100.0
2025-08-02,Chloramphenicol,14,6.0,84.0
2025-08-02,Ciprofloxacin 500mg,22,5.5,121.0
2025-08-02,Aspirin 325mg,6,0.8,4.800000000000001
2025-08-02,Vitamin B Complex,4,2.5,10.0
2025-08-03,Oseltamivir 75mg,16,12.0,192.0
2025-08-03,Paracetamol 500mg,56,1.5,84.0
2025-08-03,Cough Syrup,27,3.0,81.0
2025-08-03,Ibuprofen 200mg,44,1.0,44.0
2025-08-03,Artemether IV,12,15.0,180.0
2025-08-03,Quinine 500mg,10,8.0,80.0
2025-08-03,Platelet Support,21,25.0,525.0
2025-08-03,Vitamin C,11,0.8,8.8
2025-08-03,Amoxicillin 250mg,28,4.0,112.0
2025-08-03,Chloramphenicol,13,6.0,78.0
2025-08-03,Ciprofloxacin 500mg,16,5.5,88.0
2025-08-03,Aspirin 325mg,3,0.8,2.4000000000000004
2025-08-03,Vitamin B Complex,3,2.5,7.5
2025-08-04,Oseltamivir 75mg,10,12.0,120.0
2025-08-04,Paracetamol 500mg,55,1.5,82.5
2025-08-04,Cough Syrup,16,3.0,48.0
2025-08-04,Ibuprofen 200mg,28,1.0,28.0
2025-08-04,Artemether IV,10,15.0,150.0
2025-08-04,Quinine 500mg,10,8.0,80.0
2025-08-04,Platelet Support,14,25.0,350.0
2025-08-04,Vitamin C,14,0.8,11.200000000000001
2025-08-04,Amoxicillin 250mg,27,4.0,108.0
2025-08-04,Chloramphenicol,12,6.0,72.0
2025-08-04,Ciprofloxacin 500mg,25,5.5,137.5
2025-08-04,Aspirin 325mg,6,0.8,4.800000000000001
2025-08-04,Vitamin B Complex,1,2.5,2.5
2025-08-05,Oseltamivir 75mg,15,12.0,180.0
2025-08-05,Paracetamol 500mg,40,1.5,60.0
2025-08-05,Cough Syrup,29,3.0,87.0
2025-08-05,Ibuprofen 200mg,33,1.0,33.0
2025-08-05,Artemether IV,12,15.0,180.0
2025-08-05,Quinine 500mg,8,8.0,64.0
2025-08-05,Platelet Support,9,25.0,225.0
2025-08-05,Vitamin C,22,0.8,17.6
2025-08-05,Amoxicillin 250mg,18,4.0,72.0
2025-08-05,Chloramphenicol,16,6.0,96.0
2025-08-05,Ciprofloxacin 500mg,25,5.5,137.5
2025-08-05,Aspirin 325mg,3,0.8,2.4000000000000004
2025-08-05,Vitamin B Complex,3,2.5,7.5
2025-08-06,Oseltamivir 75mg,27,12.0,324.0
2025-08-06,Paracetamol 500mg,50,1.5,75.0
2025-08-06,Cough Syrup,32,3.0,96.0
2025-08-06,Ibuprofen 200mg,32,1.0,32.0
2025-08-06,Vitamin C,30,0.8,24.0
2025-08-06,Artemether IV,10,15.0,150.0
2025-08-06,Quinine 500mg,7,8.0,56.0
2025-08-06,Platelet Support,15,25.0,375.0
2025-08-06,Amoxicillin 250mg,21,4.0,84.0
2025-08-06,Chloramphenicol,17,6.0,102.0
2025-08-06,Ciprofloxacin 500mg,22,5.5,121.0
2025-08-06,Aspirin 325mg,4,0.8,3.2
2025-08-06,Vitamin B Complex,2,2.5,5.0
2025-08-07,Oseltamivir 75mg,10,12.0,120.0
2025-08-07,Paracetamol 500mg,42,1.5,63.0
2025-08-07,Cough Syrup,18,3.0,54.0
2025-08-07,Ibuprofen 200mg,37,1.0,37.0
2025-08-07,Artemether IV,12,15.0,180.0
2025-08-07,Quinine 500mg,5,8.0,40.0
2025-08-07,Platelet Support,18,25.0,450.0
2025-08-07,Vitamin C,15,0.8,12.0
2025-08-07,Amoxicillin 250mg,17,4.0,68.0
2025-08-07,Chloramphenicol,9,6.0,54.0
2025-08-07,Ciprofloxacin 500mg,11,5.5,60.5
2025-08-07,Aspirin 325mg,10,0.8,8.0
2025-08-07,Vitamin B Complex,3,2.5,7.5
2025-08-08,Oseltamivir 75mg,10,12.0,120.0
2025-08-08,Paracetamol 500mg,37,1.5,55.5
2025-08-08,Cough Syrup,23,3.0,69.0
2025-08-08,Ibuprofen 200mg,41,1.0,41.0
2025-08-08,Artemether IV,15,15.0,225.0
2025-08-08,Quinine 500mg,10,8.0,80.0
2025-08-08,Platelet Support,13,25.0,325.0
2025-08-08,Vitamin C,13,0.8,10.4
2025-08-08,Amoxicillin 250mg,13,4.0,52.0
2025-08-08,Chloramphenicol,16,6.0,96.0
2025-08-08,Ciprofloxacin 500mg,9,5.5,49.5
2025-08-08,Aspirin 325mg,4,0.8,3.2
2025-08-08,Vitamin B Complex,2,2.5,5.0
2025-08-09,Oseltamivir 75mg,19,12.0,228.0
2025-08-09,Paracetamol 500mg,49,1.5,73.5
2025-08-09,Cough Syrup,25,3.0,75.0
2025-08-09,Ibuprofen 200mg,34,1.0,34.0
2025-08-09,Artemether IV,7,15.0,105.0
2025-08-09,Quinine 500mg,14,8.0,112.0
2025-08-09,Platelet Support,14,25.0,350.0
2025-08-09,Vitamin C,26,0.8,20.8
2025-08-09,Amoxicillin 250mg,17,4.0,68.0
2025-08-09,Chloramphenicol,13,6.0,78.0
2025-08-09,Ciprofloxacin 500mg,18,5.5,99.0
2025-08-09,Aspirin 325mg,5,0.8,4.0
2025-08-09,Vitamin B Complex,1,2.5,2.5
2025-08-10,Oseltamivir 75mg,12,12.0,144.0
2025-08-10,Paracetamol 500mg,55,1.5,82.5
2025-08-10,Cough Syrup,24,3.0,72.0
2025-08-10,Ibuprofen 200mg,46,1.0,46.0
2025-08-10,Artemether IV,15,15.0,225.0
2025-08-10,Quinine 500mg,13,8.0,104.0
2025-08-10,Platelet Support,16,25.0,400.0
2025-08-10,Vitamin C,17,0.8,13.600000000000001
2025-08-10,Amoxicillin 250mg,21,4.0,84.0
2025-08-10,Chloramphenicol,17,6.0,102.0
2025-08-10,Ciprofloxacin 500mg,21,5.5,115.5
2025-08-10,Aspirin 325mg,1,0.8,0.8
2025-08-10,Vitamin B Complex,2,2.5,5.0
2025-08-11,Oseltamivir 75mg,9,12.0,108.0
2025-08-11,Paracetamol 500mg,57,1.5,85.5
2025-08-11,Cough Syrup,11,3.0,33.0
2025-08-11,Ibuprofen 200mg,32,1.0,32.0
2025-08-11,Artemether IV,17,15.0,255.0
2025-08-11,Quinine 500mg,18,8.0,144.0
2025-08-11,Platelet Support,15,25.0,375.0
2025-08-11,Vitamin C,13,0.8,10.4
2025-08-11,Amoxicillin 250mg,15,4.0,60.0
2025-08-11,Chloramphenicol,10,6.0,60.0
2025-08-11,Ciprofloxacin 500mg,10,5.5,55.0
2025-08-11,Aspirin 325mg,2,0.8,1.6
2025-08-11,Vitamin B Complex,4,2.5,10.0
2025-08-12,Oseltamivir 75mg,5,12.0,60.0
2025-08-12,Paracetamol 500mg,55,1.5,82.5
2025-08-12,Cough Syrup,18,3.0,54.0
2025-08-12,Ibuprofen 200mg,28,1.0,28.0
2025-08-12,Artemether IV,11,15.0,165.0
2025-08-12,Quinine 500mg,15,8.0,120.0
2025-08-12,Platelet Support,9,25.0,225.0
2025-08-12,Vitamin C,20,0.8,16.0
2025-08-12,Amoxicillin 250mg,24,4.0,96.0
2025-08-12,Chloramphenicol,15,6.0,90.0
2025-08-12,Ciprofloxacin 500mg,22,5.5,121.0
2025-08-12,Aspirin 325mg,5,0.8,4.0
2025-08-12,Vitamin B Complex,3,2.5,7.5
2025-08-13,Oseltamivir 75mg,8,12.0,96.0
2025-08-13,Paracetamol 500mg,47,1.5,70.5
2025-08-13,Cough Syrup,14,3.0,42.0
2025-08-13,Ibuprofen 200mg,26,1.0,26.0
2025-08-13,Artemether IV,21,15.0,315.0
2025-08-13,Quinine 500mg,8,8.0,64.0
2025-08-13,Platelet Support,7,25.0,175.0
2025-08-13,Vitamin C,12,0.8,9.600000000000001
2025-08-13,Amoxicillin 250mg,19,4.0,76.0
2025-08-13,Chloramphenicol,14,6.0,84.0
2025-08-13,Ciprofloxacin 500mg,11,5.5,60.5
2025-08-13,Aspirin 325mg,2,0.8,1.6
2025-08-13,Vitamin B Complex,3,2.5,7.5
2025-08-14,Oseltamivir 75mg,6,12.0,72.0
2025-08-14,Paracetamol 500mg,43,1.5,64.5
2025-08-14,Cough Syrup,19,3.0,57.0
2025-08-14,Ibuprofen 200mg,37,1.0,37.0
2025-08-14,Artemether IV,16,15.0,240.0
2025-08-14,Quinine 500mg,16,8.0,128.0
2025-08-14,Platelet Support,11,25.0,275.0
2025-08-14,Vitamin C,12,0.8,9.600000000000001
2025-08-14,Amoxicillin 250mg,15,4.0,60.0
2025-08-14,Chloramphenicol,15,6.0,90.0
2025-08-14,Ciprofloxacin 500mg,9,5.5,49.5
2025-08-14,Aspirin 325mg,2,0.8,1.6
2025-08-14,Vitamin B Complex,3,2.5,7.5
2025-08-15,Oseltamivir 75mg,11,12.0,132.0
2025-08-15,Paracetamol 500mg,35,1.5,52.5
2025-08-15,Cough Syrup,16,3.0,48.0
2025-08-15,Ibuprofen 200mg,48,1.0,48.0
2025-08-15,Artemether IV,14,15.0,210.0
2025-08-15,Quinine 500mg,20,8.0,160.0
2025-08-15,Platelet Support,16,25.0,400.0
2025-08-15,Vitamin C,17,0.8,13.600000000000001
2025-08-15,Amoxicillin 250mg,14,4.0,56.0
2025-08-15,Chloramphenicol,10,6.0,60.0
2025-08-15,Ciprofloxacin 500mg,8,5.5,44.0
2025-08-15,Aspirin 325mg,2,0.8,1.6
2025-08-15,Vitamin B Complex,3,2.5,7.5
2025-08-16,Oseltamivir 75mg,11,12.0,132.0
2025-08-16,Paracetamol 500mg,43,1.5,64.5
2025-08-16,Cough Syrup,13,3.0,39.0
2025-08-16,Ibuprofen 200mg,35,1.0,35.0
2025-08-16,Artemether IV,10,15.0,150.0
2025-08-16,Quinine 500mg,19,8.0,152.0
2025-08-16,Platelet Support,15,25.0,375.0
2025-08-16,Vitamin C,21,0.8,16.8
2025-08-16,Aspirin 325mg,8,0.8,6.4
2025-08-16,Amoxicillin 250mg,3,4.0,12.0
2025-08-16,Ciprofloxacin 500mg,4,5.5,22.0
2025-08-16,Chloramphenicol,3,6.0,18.0
2025-08-16,Vitamin B Complex,4,2.5,10.0
2025-08-17,Oseltamivir 75mg,12,12.0,144.0
2025-08-17,Paracetamol 500mg,55,1.5,82.5
2025-08-17,Cough Syrup,18,3.0,54.0
2025-08-17,Ibuprofen 200mg,39,1.0,39.0
2025-08-17,Artemether IV,9,15.0,135.0
2025-08-17,Quinine 500mg,8,8.0,64.0
2025-08-17,Platelet Support,21,25.0,525.0
2025-08-17,Vitamin C,20,0.8,16.0
2025-08-17,Amoxicillin 250mg,8,4.0,32.0
2025-08-17,Chloramphenicol,14,6.0,84.0
2025-08-17,Ciprofloxacin 500mg,7,5.5,38.5
2025-08-17,Aspirin 325mg,2,0.8,1.6
2025-08-17,Vitamin B Complex,1,2.5,2.5
2025-08-18,Oseltamivir 75mg,11,12.0,132.0
2025-08-18,Paracetamol 500mg,46,1.5,69.0
2025-08-18,Cough Syrup,13,3.0,39.0
2025-08-18,Ibuprofen 200mg,30,1.0,30.0
2025-08-18,Vitamin C,24,0.8,19.200000000000003
2025-08-18,Artemether IV,12,15.0,180.0
2025-08-18,Quinine 500mg,12,8.0,96.0
2025-08-18,Platelet Support,21,25.0,525.0
2025-08-18,Amoxicillin 250mg,16,4.0,64.0
2025-08-18,Chloramphenicol,12,6.0,72.0
2025-08-18,Ciprofloxacin 500mg,14,5.5,77.0
2025-08-18,Aspirin 325mg,2,0.8,1.6
2025-08-18,Vitamin B Complex,3,2.5,7.5
2025-08-19,Artemether IV,10,15.0,150.0
2025-08-19,Paracetamol 500mg,28,1.5,42.0
2025-08-19,Quinine 500mg,14,8.0,112.0
2025-08-19,Ibuprofen 200mg,23,1.0,23.0
2025-08-19,Platelet Support,18,25.0,450.0
2025-08-19,Vitamin C,25,0.8,20.0
2025-08-19,Amoxicillin 250mg,15,4.0,60.0
2025-08-19,Chloramphenicol,10,6.0,60.0
2025-08-19,Ciprofloxacin 500mg,11,5.5,60.5
2025-08-19,Aspirin 325mg,3,0.8,2.4000000000000004
2025-08-19,Cough Syrup,2,3.0,6.0
2025-08-19,Oseltamivir 75mg,1,12.0,12.0
2025-08-19,Vitamin B Complex,3,2.5,7.5
2025-08-20,Oseltamivir 75mg,13,12.0,156.0
2025-08-20,Paracetamol 500mg,26,1.5,39.0
2025-08-20,Cough Syrup,14,3.0,42.0
2025-08-20,Ibuprofen 200mg,25,1.0,25.0
2025-08-20,Platelet Support,17,25.0,425.0
2025-08-20,Vitamin C,20,0.8,16.0
2025-08-20,Amoxicillin 250mg,11,4.0,44.0
2025-08-20,Chloramphenicol,11,6.0,66.0
2025-08-20,Ciprofloxacin 500mg,18,5.5,99.0
2025-08-20,Aspirin 325mg,3,0.8,2.4000000000000004
2025-08-20,Vitamin B Complex,6,2.5,15.0
2025-08-20,Artemether IV,1,15.0,15.0
2025-08-20,Quinine 500mg,1,8.0,8.0
2025-08-21,Oseltamivir 75mg,12,12.0,144.0
2025-08-21,Paracetamol 500mg,34,1.5,51.0
2025-08-21,Cough Syrup,14,3.0,42.0
2025-08-21,Ibuprofen 200mg,19,1.0,19.0
2025-08-21,Platelet Support,16,25.0,400.0
2025-08-21,Vitamin C,17,0.8,13.600000000000001
2025-08-21,Amoxicillin 250mg,16,4.0,64.0
2025-08-21,Chloramphenicol,7,6.0,42.0
2025-08-21,Ciprofloxacin 500mg,11,5.5,60.5
2025-08-21,Aspirin 325mg,2,0.8,1.6
2025-08-21,Vitamin B Complex,6,2.5,15.0
2025-08-21,Artemether IV,4,15.0,60.0
2025-08-21,Quinine 500mg,5,8.0,40.0
2025-08-22,Oseltamivir 75mg,17,12.0,204.0
2025-08-22,Paracetamol 500mg,43,1.5,64.5
2025-08-22,Cough Syrup,15,3.0,45.0
2025-08-22,Ibuprofen 200mg,32,1.0,32.0
2025-08-22,Vitamin C,25,0.8,20.0
2025-08-22,Platelet Support,10,25.0,250.0
2025-08-22,Amoxicillin 250mg,16,4.0,64.0
2025-08-22,Chloramphenicol,9,6.0,54.0
2025-08-22,Ciprofloxacin 500mg,14,5.5,77.0
2025-08-22,Aspirin 325mg,2,0.8,1.6
2025-08-22,Vitamin B Complex,3,2.5,7.5
2025-08-22,Artemether IV,4,15.0,60.0
2025-08-22,Quinine 500mg,1,8.0,8.0
2025-08-23,Oseltamivir 75mg,9,12.0,108.0
2025-08-23,Paracetamol 500mg,16,1.5,24.0
2025-08-23,Vitamin C,17,0.8,13.600000000000001
2025-08-23,Cough Syrup,14,3.0,42.0
2025-08-23,Platelet Support,18,25.0,450.0
2025-08-23,Ibuprofen 200mg,12,1.0,12.0
2025-08-23,Aspirin 325mg,2,0.8,1.6
2025-08-23,Amoxicillin 250mg,1,4.0,4.0
2025-08-23,Ciprofloxacin 500mg,5,5.5,27.5
2025-08-23,Chloramphenicol,6,6.0,36.0
2025-08-23,Vitamin B Complex,2,2.5,5.0
2025-08-23,Artemether IV,5,15.0,75.0
2025-08-23,Quinine 500mg,7,8.0,56.0
2025-08-24,Oseltamivir 75mg,9,12.0,108.0
2025-08-24,Paracetamol 500mg,35,1.5,52.5
2025-08-24,Vitamin C,19,0.8,15.200000000000001
2025-08-24,Cough Syrup,9,3.0,27.0
2025-08-24,Platelet Support,13,25.0,325.0
2025-08-24,Ibuprofen 200mg,19,1.0,19.0
2025-08-24,Amoxicillin 250mg,10,4.0,40.0
2025-08-24,Chloramphenicol,15,6.0,90.0
2025-08-24,Ciprofloxacin 500mg,5,5.5,27.5
2025-08-24,Aspirin 325mg,4,0.8,3.2
2025-08-24,Vitamin B Complex,2,2.5,5.0
2025-08-24,Quinine 500mg,6,8.0,48.0
2025-08-25,Oseltamivir 75mg,9,12.0,108.0
2025-08-25,Paracetamol 500mg,24,1.5,36.0
2025-08-25,Vitamin C,19,0.8,15.200000000000001
2025-08-25,Cough Syrup,9,3.0,27.0
2025-08-25,Platelet Support,17,25.0,425.0
2025-08-25,Ibuprofen 200mg,10,1.0,10.0
2025-08-25,Amoxicillin 250mg,10,4.0,40.0
2025-08-25,Chloramphenicol,9,6.0,54.0
2025-08-25,Ciprofloxacin 500mg,7,5.5,38.5
2025-08-25,Aspirin 325mg,3,0.8,2.4000000000000004
2025-08-25,Vitamin B Complex,5,2.5,12.5
2025-08-25,Artemether IV,1,15.0,15.0
2025-08-25,Quinine 500mg,2,8.0,16.0
2025-08-26,Oseltamivir 75mg,17,12.0,204.0
2025-08-26,Paracetamol 500mg,25,1.5,37.5
2025-08-26,Vitamin C,37,0.8,29.6
2025-08-26,Cough Syrup,14,3.0,42.0
2025-08-26,Platelet Support,18,25.0,450.0
2025-08-26,Ibuprofen 200mg,26,1.0,26.0
2025-08-26,Amoxicillin 250mg,10,4.0,40.0
2025-08-26,Chloramphenicol,8,6.0,48.0
2025-08-26,Ciprofloxacin 500mg,9,5.5,49.5
2025-08-26,Aspirin 325mg,1,0.8,0.8
2025-08-26,Vitamin B Complex,6,2.5,15.0
2025-08-26,Artemether IV,4,15.0,60.0
2025-08-26,Quinine 500mg,4,8.0,32.0
2025-08-27,Oseltamivir 75mg,12,12.0,144.0
2025-08-27,Paracetamol 500mg,53,1.5,79.5
2025-08-27,Vitamin C,36,0.8,28.8
2025-08-27,Cough Syrup,18,3.0,54.0
2025-08-27,Platelet Support,13,25.0,325.0
2025-08-27,Ibuprofen 200mg,25,1.0,25.0
2025-08-27,Amoxicillin 250mg,5,4.0,20.0
2025-08-27,Chloramphenicol,19,6.0,114.0
2025-08-27,Ciprofloxacin 500mg,11,5.5,60.5
2025-08-27,Aspirin 325mg,5,0.8,4.0
2025-08-27,Vitamin B Complex,4,2.5,10.0
2025-08-27,Artemether IV,4,15.0,60.0
2025-08-27,Quinine 500mg,1,8.0,8.0
2025-08-28,Oseltamivir 75mg,17,12.0,204.0
2025-08-28,Paracetamol 500mg,58,1.5,87.0
2025-08-28,Vitamin C,23,0.8,18.400000000000002
2025-08-28,Cough Syrup,27,3.0,81.0
2025-08-28,Platelet Support,17,25.0,425.0
2025-08-28,Ibuprofen 200mg,19,1.0,19.0
2025-08-28,Amoxicillin 250mg,12,4.0,48.0
2025-08-28,Chloramphenicol,11,6.0,66.0
2025-08-28,Ciprofloxacin 500mg,11,5.5,60.5
2025-08-28,Aspirin 325mg,1,0.8,0.8
2025-08-28,Vitamin B Complex,4,2.5,10.0
2025-08-28,Artemether IV,6,15.0,90.0
2025-08-28,Quinine 500mg,2,8.0,16.0
2025-08-29,Oseltamivir 75mg,19,12.0,228.0
2025-08-29,Paracetamol 500mg,27,1.5,40.5
2025-08-29,Vitamin C,39,0.8,31.200000000000003
2025-08-29,Cough Syrup,33,3.0,99.0
2025-08-29,Platelet Support,23,25.0,575.0
2025-08-29,Ibuprofen 200mg,17,1.0,17.0
2025-08-29,Amoxicillin 250mg,8,4.0,32.0
2025-08-29,Chloramphenicol,15,6.0,90.0
2025-08-29,Ciprofloxacin 500mg,14,5.5,77.0
2025-08-29,Aspirin 325mg,3,0.8,2.4000000000000004
2025-08-29,Vitamin B Complex,1,2.5,2.5
2025-08-29,Quinine 500mg,3,8.0,24.0
2025-08-30,Oseltamivir 75mg,23,12.0,276.0
2025-08-30,Paracetamol 500mg,56,1.5,84.0
2025-08-30,Cough Syrup,47,3.0,141.0
2025-08-30,Ibuprofen 200mg,26,1.0,26.0
2025-08-30,Vitamin C,36,0.8,28.8
2025-08-30,Platelet Support,15,25.0,375.0
2025-08-30,Amoxicillin 250mg,12,4.0,48.0
2025-08-30,Chloramphenicol,8,6.0,48.0
2025-08-30,Ciprofloxacin 500mg,7,5.5,38.5
2025-08-30,Aspirin 325mg,7,0.8,5.6000000000000005
2025-08-30,Vitamin B Complex,3,2.5,7.5
2025-08-30,Artemether IV,3,15.0,45.0
2025-08-30,Quinine 500mg,2,8.0,16.0
2025-08-31,Oseltamivir 75mg,18,12.0,216.0
2025-08-31,Paracetamol 500mg,49,1.5,73.5
2025-08-31,Cough Syrup,28,3.0,84.0
2025-08-31,Ibuprofen 200mg,30,1.0,30.0
2025-08-31,Vitamin C,35,0.8,28.0
2025-08-31,Platelet Support,15,25.0,375.0
2025-08-31,Amoxicillin 250mg,15,4.0,60.0
2025-08-31,Chloramphenicol,13,6.0,78.0
2025-08-31,Ciprofloxacin 500mg,18,5.5,99.0
2025-08-31,Aspirin 325mg,2,0.8,1.6
2025-08-31,Vitamin B Complex,3,2.5,7.5
2025-08-31,Artemether IV,4,15.0,60.0
2025-08-31,Quinine 500mg,2,8.0,16.0
2025-09-01,Oseltamivir 75mg,22,12.0,264.0
2025-09-01,Paracetamol 500mg,47,1.5,70.5
2025-09-01,Cough Syrup,29,3.0,87.0
2025-09-01,Ibuprofen 200mg,20,1.0,20.0
2025-09-01,Vitamin C,29,0.8,23.200000000000003
2025-09-01,Platelet Support,28,25.0,700.0
2025-09-01,Amoxicillin 250mg,13,4.0,52.0
2025-09-01,Chloramphenicol,13,6.0,78.0
2025-09-01,Ciprofloxacin 500mg,27,5.5,148.5
2025-09-01,Aspirin 325mg,1,0.8,0.8
2025-09-01,Vitamin B Complex,3,2.5,7.5
2025-09-01,Artemether IV,1,15.0,15.0
2025-09-01,Quinine 500mg,1,8.0,8.0
2025-09-02,Oseltamivir 75mg,23,12.0,276.0
2025-09-02,Paracetamol 500mg,58,1.5,87.0
2025-09-02,Cough Syrup,26,3.0,78.0
2025-09-02,Ibuprofen 200mg,24,1.0,24.0
2025-09-02,Vitamin C,25,0.8,20.0
2025-09-02,Platelet Support,16,25.0,400.0
2025-09-02,Amoxicillin 250mg,17,4.0,68.0
2025-09-02,Chloramphenicol,14,6.0,84.0
2025-09-02,Ciprofloxacin 500mg,17,5.5,93.5
2025-09-02,Vitamin B Complex,3,2.5,7.5
2025-09-02,Artemether IV,3,15.0,45.0
2025-09-02,Quinine 500mg,5,8.0,40.0
2025-09-03,Oseltamivir 75mg,35,12.0,420.0
2025-09-03,Paracetamol 500mg,66,1.5,99.0
2025-09-03,Cough Syrup,33,3.0,99.0
2025-09-03,Ibuprofen 200mg,18,1.0,18.0
2025-09-03,Vitamin C,32,0.8,25.6
2025-09-03,Platelet Support,14,25.0,350.0
2025-09-03,Amoxicillin 250mg,15,4.0,60.0
2025-09-03,Chloramphenicol,15,6.0,90.0
2025-09-03,Ciprofloxacin 500mg,18,5.5,99.0
2025-09-03,Aspirin 325mg,3,0.8,2.4000000000000004
2025-09-03,Vitamin B Complex,2,2.5,5.0
2025-09-03,Artemether IV,1,15.0,15.0
2025-09-03,Quinine 500mg,1,8.0,8.0
2025-09-04,Oseltamivir 75mg,22,12.0,264.0
2025-09-04,Paracetamol 500mg,50,1.5,75.0
2025-09-04,Cough Syrup,40,3.0,120.0
2025-09-04,Ibuprofen 200mg,22,1.0,22.0
2025-09-04,Vitamin C,31,0.8,24.8
2025-09-04,Platelet Support,13,25.0,325.0
2025-09-04,Amoxicillin 250mg,29,4.0,116.0
2025-09-04,Chloramphenicol,11,6.0,66.0
2025-09-04,Ciprofloxacin 500mg,17,5.5,93.5
2025-09-04,Aspirin 325mg,5,0.8,4.0
2025-09-04,Vitamin B Complex,4,2.5,10.0
2025-09-04,Artemether IV,2,15.0,30.0
2025-09-04,Quinine 500mg,1,8.0,8.0
2025-09-05,Oseltamivir 75mg,29,12.0,348.0
2025-09-05,Paracetamol 500mg,57,1.5,85.5
2025-09-05,Cough Syrup,33,3.0,99.0
2025-09-05,Ibuprofen 200mg,26,1.0,26.0
2025-09-05,Vitamin C,31,0.8,24.8
2025-09-05,Platelet Support,11,25.0,275.0
2025-09-05,Amoxicillin 250mg,24,4.0,96.0
2025-09-05,Chloramphenicol,9,6.0,54.0
2025-09-05,Ciprofloxacin 500mg,20,5.5,110.0
2025-09-05,Aspirin 325mg,3,0.8,2.4000000000000004
2025-09-05,Vitamin B Complex,2,2.5,5.0
2025-09-05,Artemether IV,1,15.0,15.0
2025-09-05,Quinine 500mg,1,8.0,8.0
2025-09-06,Oseltamivir 75mg,28,12.0,336.0
2025-09-06,Paracetamol 500mg,47,1.5,70.5
2025-09-06,Cough Syrup,41,3.0,123.0
2025-09-06,Ibuprofen 200mg,24,1.0,24.0
2025-09-06,Vitamin C,32,0.8,25.6
2025-09-06,Platelet Support,11,25.0,275.0
2025-09-06,Amoxicillin 250mg,24,4.0,96.0
2025-09-06,Chloramphenicol,12,6.0,72.0
2025-09-06,Ciprofloxacin 500mg,15,5.5,82.5
2025-09-06,Aspirin 325mg,3,0.8,2.4000000000000004
2025-09-06,Vitamin B Complex,2,2.5,5.0
2025-09-06,Artemether IV,2,15.0,30.0
2025-09-06,Quinine 500mg,4,8.0,32.0
2025-09-07,Oseltamivir 75mg,21,12.0,252.0
2025-09-07,Paracetamol 500mg,60,1.5,90.0
2025-09-07,Cough Syrup,39,3.0,117.0
2025-09-07,Ibuprofen 200mg,25,1.0,25.0
2025-09-07,Vitamin C,40,0.8,32.0
2025-09-07,Platelet Support,15,25.0,375.0
2025-09-07,Amoxicillin 250mg,16,4.0,64.0
2025-09-07,Chloramphenicol,13,6.0,78.0
2025-09-07,Ciprofloxacin 500mg,24,5.5,132.0
2025-09-07,Aspirin 325mg,2,0.8,1.6
2025-09-07,Vitamin B Complex,4,2.5,10.0
2025-09-07,Artemether IV,2,15.0,30.0
2025-09-07,Quinine 500mg,3,8.0,24.0
2025-09-08,Oseltamivir 75mg,23,12.0,276.0
2025-09-08,Paracetamol 500mg,55,1.5,82.5
2025-09-08,Cough Syrup,38,3.0,114.0
2025-09-08,Ibuprofen 200mg,20,1.0,20.0
2025-09-08,Vitamin C,26,0.8,20.8
2025-09-08,Platelet Support,21,25.0,525.0
2025-09-08,Amoxicillin 250mg,19,4.0,76.0
2025-09-08,Chloramphenicol,11,6.0,66.0
2025-09-08,Ciprofloxacin 500mg,16,5.5,88.0
2025-09-08,Aspirin 325mg,3,0.8,2.4000000000000004
2025-09-08,Vitamin B Complex,5,2.5,12.5
2025-09-08,Artemether IV,2,15.0,30.0
2025-09-08,Quinine 500mg,4,8.0,32.0
2025-09-09,Oseltamivir 75mg,23,12.0,276.0
2025-09-09,Paracetamol 500mg,47,1.5,70.5
2025-09-09,Cough Syrup,36,3.0,108.0
2025-09-09,Ibuprofen 200mg,32,1.0,32.0
2025-09-09,Vitamin C,25,0.8,20.0
2025-09-09,Platelet Support,13,25.0,325.0
2025-09-09,Amoxicillin 250mg,18,4.0,72.0
2025-09-09,Chloramphenicol,8,6.0,48.0
2025-09-09,Ciprofloxacin 500mg,21,5.5,115.5
2025-09-09,Aspirin 325mg,6,0.8,4.800000000000001
2025-09-09,Vitamin B Complex,2,2.5,5.0
2025-09-09,Quinine 500mg,2,8.0,16.0
2025-09-10,Oseltamivir 75mg,25,12.0,300.0
2025-09-10,Paracetamol 500mg,50,1.5,75.0
2025-09-10,Cough Syrup,34,3.0,102.0
2025-09-10,Ibuprofen 200mg,27,1.0,27.0
2025-09-10,Vitamin C,40,0.8,32.0
2025-09-10,Platelet Support,15,25.0,375.0
2025-09-10,Amoxicillin 250mg,17,4.0,68.0
2025-09-10,Chloramphenicol,9,6.0,54.0
2025-09-10,Ciprofloxacin 500mg,17,5.5,93.5
2025-09-10,Aspirin 325mg,5,0.8,4.0
2025-09-10,Artemether IV,2,15.0,30.0
2025-09-10,Quinine 500mg,5,8.0,40.0
2025-09-11,Oseltamivir 75mg,12,12.0,144.0
2025-09-11,Paracetamol 500mg,48,1.5,72.0
2025-09-11,Cough Syrup,30,3.0,90.0
2025-09-11,Ibuprofen 200mg,22,1.0,22.0
2025-09-11,Vitamin C,26,0.8,20.8
2025-09-11,Platelet Support,21,25.0,525.0
2025-09-11,Amoxicillin 250mg,17,4.0,68.0
2025-09-11,Chloramphenicol,14,6.0,84.0
2025-09-11,Ciprofloxacin 500mg,13,5.5,71.5
2025-09-11,Aspirin 325mg,2,0.8,1.6
2025-09-11,Vitamin B Complex,7,2.5,17.5
2025-09-11,Quinine 500mg,5,8.0,40.0
2025-09-12,Oseltamivir 75mg,32,12.0,384.0
2025-09-12,Paracetamol 500mg,46,1.5,69.0
2025-09-12,Cough Syrup,22,3.0,66.0
2025-09-12,Ibuprofen 200mg,30,1.0,30.0
2025-09-12,Vitamin C,37,0.8,29.6
2025-09-12,Platelet Support,11,25.0,275.0
2025-09-12,Amoxicillin 250mg,16,4.0,64.0
2025-09-12,Chloramphenicol,18,6.0,108.0
2025-09-12,Ciprofloxacin 500mg,16,5.5,88.0
2025-09-12,Aspirin 325mg,4,0.8,3.2
2025-09-12,Vitamin B Complex,6,2.5,15.0
2025-09-12,Artemether IV,2,15.0,30.0
2025-09-13,Oseltamivir 75mg,17,12.0,204.0
2025-09-13,Paracetamol 500mg,57,1.5,85.5
2025-09-13,Cough Syrup,31,3.0,93.0
2025-09-13,Ibuprofen 200mg,32,1.0,32.0
2025-09-13,Vitamin C,22,0.8,17.6
2025-09-13,Platelet Support,18,25.0,450.0
2025-09-13,Amoxicillin 250mg,13,4.0,52.0
2025-09-13,Chloramphenicol,7,6.0,42.0
2025-09-13,Ciprofloxacin 500mg,23,5.5,126.5
2025-09-13,Aspirin 325mg,4,0.8,3.2
2025-09-13,Vitamin B Complex,5,2.5,12.5
2025-09-13,Quinine 500mg,3,8.0,24.0
2025-09-14,Oseltamivir 75mg,36,12.0,432.0
2025-09-14,Paracetamol 500mg,57,1.5,85.5
2025-09-14,Cough Syrup,28,3.0,84.0
2025-09-14,Ibuprofen 200mg,31,1.0,31.0
2025-09-14,Vitamin C,33,0.8,26.400000000000002
2025-09-14,Platelet Support,11,25.0,275.0
2025-09-14,Amoxicillin 250mg,13,4.0,52.0
2025-09-14,Chloramphenicol,16,6.0,96.0
2025-09-14,Ciprofloxacin 500mg,10,5.5,55.0
2025-09-14,Aspirin 325mg,1,0.8,0.8
2025-09-14,Vitamin B Complex,1,2.5,2.5
2025-09-14,Artemether IV,1,15.0,15.0
2025-09-14,Quinine 500mg,2,8.0,16.0
2025-09-15,Oseltamivir 75mg,17,12.0,204.0
2025-09-15,Paracetamol 500mg,36,1.5,54.0
2025-09-15,Cough Syrup,26,3.0,78.0
2025-09-15,Ibuprofen 200mg,25,1.0,25.0
2025-09-15,Vitamin C,27,0.8,21.6
2025-09-15,Platelet Support,13,25.0,325.0
2025-09-15,Amoxicillin 250mg,20,4.0,80.0
2025-09-15,Chloramphenicol,12,6.0,72.0
2025-09-15,Ciprofloxacin 500mg,20,5.5,110.0
2025-09-15,Aspirin 325mg,3,0.8,2.4000000000000004
2025-09-15,Vitamin B Complex,1,2.5,2.5
2025-09-15,Artemether IV,1,15.0,15.0
2025-09-15,Quinine 500mg,5,8.0,40.0
2025-09-16,Oseltamivir 75mg,19,12.0,228.0
2025-09-16,Paracetamol 500mg,37,1.5,55.5
2025-09-16,Cough Syrup,46,3.0,138.0
2025-09-16,Ibuprofen 200mg,29,1.0,29.0
2025-09-16,Vitamin C,37,0.8,29.6
2025-09-16,Platelet Support,11,25.0,275.0
2025-09-16,Amoxicillin 250mg,17,4.0,68.0
2025-09-16,Chloramphenicol,11,6.0,66.0
2025-09-16,Ciprofloxacin 500mg,20,5.5,110.0
2025-09-16,Aspirin 325mg,5,0.8,4.0
2025-09-16,Vitamin B Complex,7,2.5,17.5
2025-09-16,Artemether IV,2,15.0,30.0
2025-09-16,Quinine 500mg,3,8.0,24.0
2025-09-17,Oseltamivir 75mg,24,12.0,288.0
2025-09-17,Paracetamol 500mg,61,1.5,91.5
2025-09-17,Cough Syrup,30,3.0,90.0
2025-09-17,Ibuprofen 200mg,14,1.0,14.0
2025-09-17,Vitamin C,33,0.8,26.400000000000002
2025-09-17,Platelet Support,14,25.0,350.0
2025-09-17,Amoxicillin 250mg,22,4.0,88.0
2025-09-17,Chloramphenicol,12,6.0,72.0
2025-09-17,Ciprofloxacin 500mg,7,5.5,38.5
2025-09-17,Aspirin 325mg,2,0.8,1.6
2025-09-17,Vitamin B Complex,2,2.5,5.0
2025-09-17,Artemether IV,1,15.0,15.0
2025-09-17,Quinine 500mg,4,8.0,32.0
2025-09-18,Oseltamivir 75mg,28,12.0,336.0
2025-09-18,Paracetamol 500mg,57,1.5,85.5
2025-09-18,Cough Syrup,27,3.0,81.0
2025-09-18,Ibuprofen 200mg,34,1.0,34.0
2025-09-18,Vitamin C,31,0.8,24.8
2025-09-18,Platelet Support,15,25.0,375.0
2025-09-18,Amoxicillin 250mg,17,4.0,68.0
2025-09-18,Chloramphenicol,12,6.0,72.0
2025-09-18,Ciprofloxacin 500mg,29,5.5,159.5
2025-09-18,Aspirin 325mg,2,0.8,1.6
2025-09-18,Vitamin B Complex,5,2.5,12.5
2025-09-18,Artemether IV,2,15.0,30.0
2025-09-18,Quinine 500mg,1,8.0,8.0
2025-09-19,Oseltamivir 75mg,28,12.0,336.0
2025-09-19,Paracetamol 500mg,55,1.5,82.5
2025-09-19,Cough Syrup,43,3.0,129.0
2025-09-19,Ibuprofen 200mg,31,1.0,31.0
2025-09-19,Vitamin C,23,0.8,18.400000000000002
2025-09-19,Platelet Support,14,25.0,350.0
2025-09-19,Amoxicillin 250mg,21,4.0,84.0
2025-09-19,Chloramphenicol,20,6.0,120.0
2025-09-19,Ciprofloxacin 500mg,28,5.5,154.0
2025-09-19,Aspirin 325mg,1,0.8,0.8
2025-09-19,Vitamin B Complex,5,2.5,12.5
2025-09-19,Artemether IV,4,15.0,60.0
2025-09-19,Quinine 500mg,6,8.0,48.0
2025-09-20,Oseltamivir 75mg,23,12.0,276.0
2025-09-20,Paracetamol 500mg,60,1.5,90.0
2025-09-20,Cough Syrup,36,3.0,108.0
2025-09-20,Ibuprofen 200mg,21,1.0,21.0
2025-09-20,Vitamin C,15,0.8,12.0
2025-09-20,Platelet Support,4,25.0,100.0
2025-09-20,Amoxicillin 250mg,21,4.0,84.0
2025-09-20,Chloramphenicol,10,6.0,60.0
2025-09-20,Ciprofloxacin 500mg,26,5.5,143.0
2025-09-20,Aspirin 325mg,7,0.8,5.6000000000000005
2025-09-20,Vitamin B Complex,1,2.5,2.5
2025-09-20,Artemether IV,1,15.0,15.0
2025-09-20,Quinine 500mg,5,8.0,40.0
2025-09-21,Oseltamivir 75mg,35,12.0,420.0
2025-09-21,Paracetamol 500mg,67,1.5,100.5
2025-09-21,Cough Syrup,31,3.0,93.0
2025-09-21,Ibuprofen 200mg,27,1.0,27.0
2025-09-21,Vitamin C,20,0.8,16.0
2025-09-21,Platelet Support,14,25.0,350.0
2025-09-21,Amoxicillin 250mg,27,4.0,108.0
2025-09-21,Chloramphenicol,19,6.0,114.0
2025-09-21,Ciprofloxacin 500mg,26,5.5,143.0
2025-09-21,Aspirin 325mg,2,0.8,1.6
2025-09-21,Vitamin B Complex,4,2.5,10.0
2025-09-21,Artemether IV,1,15.0,15.0
2025-09-21,Quinine 500mg,2,8.0,16.0
2025-09-22,Oseltamivir 75mg,34,12.0,408.0
2025-09-22,Paracetamol 500mg,66,1.5,99.0
2025-09-22,Cough Syrup,35,3.0,105.0
2025-09-22,Ibuprofen 200mg,17,1.0,17.0
2025-09-22,Vitamin C,22,0.8,17.6
2025-09-22,Platelet Support,17,25.0,425.0
2025-09-22,Amoxicillin 250mg,24,4.0,96.0
2025-09-22,Chloramphenicol,19,6.0,114.0
2025-09-22,Ciprofloxacin 500mg,33,5.5,181.5
2025-09-22,Aspirin 325mg,4,0.8,3.2
2025-09-22,Vitamin B Complex,2,2.5,5.0
2025-09-22,Artemether IV,2,15.0,30.0
2025-09-22,Quinine 500mg,4,8.0,32.0
2025-09-23,Oseltamivir 75mg,28,12.0,336.0
2025-09-23,Paracetamol 500mg,62,1.5,93.0
2025-09-23,Cough Syrup,46,3.0,138.0
2025-09-23,Ibuprofen 200mg,22,1.0,22.0
2025-09-23,Vitamin C,24,0.8,19.200000000000003
2025-09-23,Platelet Support,13,25.0,325.0
2025-09-23,Amoxicillin 250mg,30,4.0,120.0
2025-09-23,Chloramphenicol,19,6.0,114.0
2025-09-23,Ciprofloxacin 500mg,21,5.5,115.5
2025-09-23,Aspirin 325mg,5,0.8,4.0
2025-09-23,Vitamin B Complex,3,2.5,7.5
2025-09-23,Artemether IV,2,15.0,30.0
2025-09-23,Quinine 500mg,1,8.0,8.0
2025-09-24,Oseltamivir 75mg,22,12.0,264.0
2025-09-24,Paracetamol 500mg,77,1.5,115.5
2025-09-24,Cough Syrup,26,3.0,78.0
2025-09-24,Ibuprofen 200mg,32,1.0,32.0
2025-09-24,Vitamin C,31,0.8,24.8
2025-09-24,Platelet Support,12,25.0,300.0
2025-09-24,Amoxicillin 250mg,31,4.0,124.0
2025-09-24,Chloramphenicol,20,6.0,120.0
2025-09-24,Ciprofloxacin 500mg,25,5.5,137.5
2025-09-24,Aspirin 325mg,3,0.8,2.4000000000000004
2025-09-24,Vitamin B Complex,2,2.5,5.0
2025-09-24,Artemether IV,3,15.0,45.0
2025-09-25,Oseltamivir 75mg,29,12.0,348.0
2025-09-25,Paracetamol 500mg,60,1.5,90.0
2025-09-25,Cough Syrup,37,3.0,111.0
2025-09-25,Ibuprofen 200mg,31,1.0,31.0
2025-09-25,Vitamin C,19,0.8,15.200000000000001
2025-09-25,Platelet Support,12,25.0,300.0
2025-09-25,Amoxicillin 250mg,30,4.0,120.0
2025-09-25,Chloramphenicol,20,6.0,120.0
2025-09-25,Ciprofloxacin 500mg,33,5.5,181.5
2025-09-25,Aspirin 325mg,5,0.8,4.0
2025-09-25,Vitamin B Complex,4,2.5,10.0
2025-09-25,Artemether IV,1,15.0,15.0
2025-09-25,Quinine 500mg,4,8.0,32.0
2025-09-26,Oseltamivir 75mg,31,12.0,372.0
2025-09-26,Paracetamol 500mg,76,1.5,114.0
2025-09-26,Cough Syrup,36,3.0,108.0
2025-09-26,Ibuprofen 200mg,41,1.0,41.0
2025-09-26,Vitamin C,34,0.8,27.200000000000003
2025-09-26,Platelet Support,11,25.0,275.0
2025-09-26,Amoxicillin 250mg,24,4.0,96.0
2025-09-26,Chloramphenicol,21,6.0,126.0
2025-09-26,Ciprofloxacin 500mg,37,5.5,203.5
2025-09-26,Aspirin 325mg,5,0.8,4.0
2025-09-26,Vitamin B Complex,1,2.5,2.5
2025-09-26,Artemether IV,8,15.0,120.0
2025-09-26,Quinine 500mg,6,8.0,48.0
